evidence_id,source_repository,source_commit,source_path,attestation_path,public_path,source_sha256,source_size,public_sha256,public_size,evidence_type,result_state,primary_technology,technology_relationships,logical_destination,publication_classification,supported_claims,collection_context
"home-lab-attested-00afb908f858dfb5","fontenotjeremy71-hub/jeremy-homelab-ops","65899f08cb8d19207c5edad7723368ed04f1f1c4","evidence/read-only-baseline-20260625-201313/read-only-baseline-summary-20260625-201313.md","content/home-lab/source-attestations/operations-evidence-core.json","","3e0764f5be7fc4914579b5c348875a404293eb3791c54d6734d14653e0f28a34","4946","","","reports","directly-proven","environment","environment","content/home-lab/environment/evidence/reports/operations-evidence-core/evidence/read-only-baseline-20260625-201313/read-only-baseline-summary-20260625-201313.md","source-reference-only","home-lab-environment-inventory","Operational or original-portfolio source integrity is attested by a reviewed manifest. The artifact remains in its authoritative source repository and is represented here without copying sensitive or duplicative source bytes."
"home-lab-attested-0185e9c6bdba4737","fontenotjeremy71-hub/jeremy-homelab-ops","65899f08cb8d19207c5edad7723368ed04f1f1c4","evidence/read-only-baseline-20260625-201707/read-only-baseline-summary-20260625-201707.md","content/home-lab/source-attestations/operations-evidence-core.json","","98eba9b312dbbb1ea03454f646ec7f5dcf3a2f22b2776eac81bf86466aba346f","3964","","","reports","directly-proven","environment","environment","content/home-lab/environment/evidence/reports/operations-evidence-core/evidence/read-only-baseline-20260625-201707/read-only-baseline-summary-20260625-201707.md","source-reference-only","home-lab-environment-inventory","Operational or original-portfolio source integrity is attested by a reviewed manifest. The artifact remains in its authoritative source repository and is represented here without copying sensitive or duplicative source bytes."
"home-lab-attested-019cbded4db425a4","fontenotjeremy71-hub/jeremy-homelab-ops","65899f08cb8d19207c5edad7723368ed04f1f1c4","evidence/infrastructure-validation/2026-07-10/11-results/rto-rpo-analysis.md","content/home-lab/source-attestations/operations-infra-results.json","","e89cd0ee8c6b85a220bce2e2776c77caf3730195e9a18fa1f2b74ae7237fb57f","649","","","validation","directly-proven","environment","environment","content/home-lab/environment/evidence/validation/operations-infra-results/evidence/infrastructure-validation/2026-07-10/11-results/rto-rpo-analysis.md","source-reference-only","home-lab-environment-inventory","Operational or original-portfolio source integrity is attested by a reviewed manifest. The artifact remains in its authoritative source repository and is represented here without copying sensitive or duplicative source bytes."
"home-lab-attested-03a0ba5438b5496f","fontenotjeremy71-hub/jeremy-homelab-ops","65899f08cb8d19207c5edad7723368ed04f1f1c4","evidence/read-only-baseline-20260625-201707/connectivity-results-20260625-201707.json","content/home-lab/source-attestations/operations-evidence-core.json","","5643563252a0a4bcc5ba47eb852f0f41d8e9b4b539b6bbbb310778a7ffa9d939","3148","","","validation","supported-with-limitations","networking","networking","content/home-lab/networking/evidence/validation/operations-evidence-core/evidence/read-only-baseline-20260625-201707/connectivity-results-20260625-201707.json","source-reference-only","home-lab-networking-validation","Operational or original-portfolio source integrity is attested by a reviewed manifest. The artifact remains in its authoritative source repository and is represented here without copying sensitive or duplicative source bytes."
"home-lab-attested-043b9877a1d942c9","fontenotjeremy71-hub/jeremy-homelab-ops","65899f08cb8d19207c5edad7723368ed04f1f1c4","inventories/linux01-inventory-20260626-084312.json","content/home-lab/source-attestations/operations-inventories.json","","75f82af4882fa9c869c78c1ac127c5d4f37c5cb62f4e8894361a352695efc40d","13583","","","inventories","supported-with-limitations","linux","linux|environment","content/home-lab/linux/evidence/inventories/operations-inventories/inventories/linux01-inventory-20260626-084312.json","source-reference-only","home-lab-linux-administration|home-lab-environment-inventory","Operational or original-portfolio source integrity is attested by a reviewed manifest. The artifact remains in its authoritative source repository and is represented here without copying sensitive or duplicative source bytes."
"home-lab-attested-04a3fec8e6ffcde8","fontenotjeremy71-hub/jeremy-homelab-ops","65899f08cb8d19207c5edad7723368ed04f1f1c4","scripts/linux/Get-Linux01SssdDiagnostic.sh","content/home-lab/source-attestations/operations-scripts.json","","0751d10625a8114a711786b654ed17c8c969b326c7e74e84e4109e052585df1e","6469","","","scripts","supported-with-limitations","linux","linux|automation","content/home-lab/linux/scripts/operations-scripts/scripts/linux/Get-Linux01SssdDiagnostic.sh","source-reference-only","home-lab-linux-administration|home-lab-evidence-automation","Operational or original-portfolio source integrity is attested by a reviewed manifest. The artifact remains in its authoritative source repository and is represented here without copying sensitive or duplicative source bytes."
"home-lab-attested-05fe2675b6b90cf0","fontenotjeremy71-hub/jeremy-homelab-ops","65899f08cb8d19207c5edad7723368ed04f1f1c4","evidence/infrastructure-validation/2026-07-10/08-restore-validation/proxmox-dc01-rerun-source-archive-2026-07-11.png","content/home-lab/source-attestations/operations-restore-dc01.json","","1abeee4982ce24f7c3f5c9b95ea07ff5832aa93d849649f7b57588ffe6b55f11","290256","","","screenshots","supported-with-limitations","backup-recovery","backup-recovery|active-directory|proxmox","content/home-lab/backup-recovery/evidence/screenshots/operations-restore-dc01/evidence/infrastructure-validation/2026-07-10/08-restore-validation/proxmox-dc01-rerun-source-archive-2026-07-11.png","source-reference-only","home-lab-backup-and-isolated-restore|home-lab-active-directory-administration|home-lab-proxmox-administration","Operational or original-portfolio source integrity is attested by a reviewed manifest. The artifact remains in its authoritative source repository and is represented here without copying sensitive or duplicative source bytes."
"home-lab-attested-0691b90e147426c3","fontenotjeremy71-hub/jeremy-homelab-ops","65899f08cb8d19207c5edad7723368ed04f1f1c4","evidence/infrastructure-validation/2026-07-10/08-restore-validation/ws01-isolated-restore-review.md","content/home-lab/source-attestations/operations-restore-ws01.json","","29311989c51d4051ac597bb6a94edf2a9484c8645d781f4300c93d87e2d39de9","4767","","","validation","supported-with-limitations","backup-recovery","backup-recovery|windows-clients","content/home-lab/backup-recovery/evidence/validation/operations-restore-ws01/evidence/infrastructure-validation/2026-07-10/08-restore-validation/ws01-isolated-restore-review.md","source-reference-only","home-lab-backup-and-isolated-restore|home-lab-windows-client-administration","Operational or original-portfolio source integrity is attested by a reviewed manifest. The artifact remains in its authoritative source repository and is represented here without copying sensitive or duplicative source bytes."
"home-lab-attested-07fb52127dc2d878","fontenotjeremy71-hub/jeremy-homelab-ops","65899f08cb8d19207c5edad7723368ed04f1f1c4","evidence/infrastructure-validation/2026-07-10/08-restore-validation/proxmox-ws01-restore-config-metadata-2026-07-11.png","content/home-lab/source-attestations/operations-restore-ws01.json","","c3ec7bc3a37dc802d239714a42791a2c2060dbf8442592c585f05878fe5b31ef","313786","","","screenshots","supported-with-limitations","backup-recovery","backup-recovery|windows-clients|proxmox","content/home-lab/backup-recovery/evidence/screenshots/operations-restore-ws01/evidence/infrastructure-validation/2026-07-10/08-restore-validation/proxmox-ws01-restore-config-metadata-2026-07-11.png","source-reference-only","home-lab-backup-and-isolated-restore|home-lab-windows-client-administration|home-lab-proxmox-administration","Operational or original-portfolio source integrity is attested by a reviewed manifest. The artifact remains in its authoritative source repository and is represented here without copying sensitive or duplicative source bytes."
"home-lab-attested-08078bc464850f59","fontenotjeremy71-hub/jeremy-homelab-ops","65899f08cb8d19207c5edad7723368ed04f1f1c4","evidence/infrastructure-validation/2026-07-10/08-restore-validation/proxmox-dc01-isolated-restore-disk-validation-2026-07-11.png","content/home-lab/source-attestations/operations-restore-dc01.json","","cd0ebc0e8a477d3dd19895a430572231d7728c4ad2f38ea9984d22b765685b89","129797","","","screenshots","supported-with-limitations","backup-recovery","backup-recovery|active-directory|proxmox","content/home-lab/backup-recovery/evidence/screenshots/operations-restore-dc01/evidence/infrastructure-validation/2026-07-10/08-restore-validation/proxmox-dc01-isolated-restore-disk-validation-2026-07-11.png","source-reference-only","home-lab-backup-and-isolated-restore|home-lab-active-directory-administration|home-lab-proxmox-administration","Operational or original-portfolio source integrity is attested by a reviewed manifest. The artifact remains in its authoritative source repository and is represented here without copying sensitive or duplicative source bytes."
"home-lab-attested-080a2d379fa1cdc6","fontenotjeremy71-hub/jeremy-homelab-ops","65899f08cb8d19207c5edad7723368ed04f1f1c4","evidence/repository-baseline-20260625-164841.txt","content/home-lab/source-attestations/operations-evidence-core.json","","b8551ee415366d4c929ef0013fe2a81a88575c0558bd1e0a429571027b896c01","1533","","","configuration","directly-proven","environment","environment","content/home-lab/environment/evidence/configuration/operations-evidence-core/evidence/repository-baseline-20260625-164841.txt","source-reference-only","home-lab-environment-inventory","Operational or original-portfolio source integrity is attested by a reviewed manifest. The artifact remains in its authoritative source repository and is represented here without copying sensitive or duplicative source bytes."
"home-lab-attested-082c7c8be366d8f9","fontenotjeremy71-hub/jeremy-homelab-ops","65899f08cb8d19207c5edad7723368ed04f1f1c4","evidence/infrastructure-validation/2026-07-10/08-restore-validation/proxmox-pfsense-isolated-restore-final-cleanup-verification-2026-07-12.png","content/home-lab/source-attestations/operations-restore-pfsense.json","","cbd250cae6b2e79dc5c14cc54fe813810b577949eb14b668e8fb86b23e8e6f1e","115167","","","screenshots","supported-with-limitations","backup-recovery","backup-recovery|pfsense|proxmox","content/home-lab/backup-recovery/evidence/screenshots/operations-restore-pfsense/evidence/infrastructure-validation/2026-07-10/08-restore-validation/proxmox-pfsense-isolated-restore-final-cleanup-verification-2026-07-12.png","source-reference-only","home-lab-backup-and-isolated-restore|home-lab-pfsense-administration|home-lab-proxmox-administration","Operational or original-portfolio source integrity is attested by a reviewed manifest. The artifact remains in its authoritative source repository and is represented here without copying sensitive or duplicative source bytes."
"home-lab-attested-09992e4aace74490","fontenotjeremy71-hub/jeremy-homelab-ops","65899f08cb8d19207c5edad7723368ed04f1f1c4","evidence/infrastructure-validation/2026-07-10/08-restore-validation/proxmox-pfsense-isolated-restore-log-validation-2026-07-12.png","content/home-lab/source-attestations/operations-restore-pfsense.json","","189beb4ea540a4eb4f0e3f7afa9336add1e176054fe9da650350c1c4fdfc2cc1","239249","","","screenshots","supported-with-limitations","backup-recovery","backup-recovery|pfsense|proxmox","content/home-lab/backup-recovery/evidence/screenshots/operations-restore-pfsense/evidence/infrastructure-validation/2026-07-10/08-restore-validation/proxmox-pfsense-isolated-restore-log-validation-2026-07-12.png","source-reference-only","home-lab-backup-and-isolated-restore|home-lab-pfsense-administration|home-lab-proxmox-administration","Operational or original-portfolio source integrity is attested by a reviewed manifest. The artifact remains in its authoritative source repository and is represented here without copying sensitive or duplicative source bytes."
"home-lab-attested-0a385b8fb950ec61","fontenotjeremy71-hub/jeremy-homelab-ops","65899f08cb8d19207c5edad7723368ed04f1f1c4","evidence/infrastructure-validation/2026-07-10/08-restore-validation/proxmox-dc01-isolated-restore-service-validation-2026-07-11.png","content/home-lab/source-attestations/operations-restore-dc01.json","","4ad2868ddc771bf46744a1705da4d5c706e0aef1e691e3f774be2b9917b4b621","126529","","","screenshots","supported-with-limitations","backup-recovery","backup-recovery|active-directory|proxmox","content/home-lab/backup-recovery/evidence/screenshots/operations-restore-dc01/evidence/infrastructure-validation/2026-07-10/08-restore-validation/proxmox-dc01-isolated-restore-service-validation-2026-07-11.png","source-reference-only","home-lab-backup-and-isolated-restore|home-lab-active-directory-administration|home-lab-proxmox-administration","Operational or original-portfolio source integrity is attested by a reviewed manifest. The artifact remains in its authoritative source repository and is represented here without copying sensitive or duplicative source bytes."
"home-lab-attested-0b4d84286930eafa","fontenotjeremy71-hub/jeremy-homelab-ops","65899f08cb8d19207c5edad7723368ed04f1f1c4","evidence/infrastructure-validation/2026-07-10/11-results/backup-and-restore-assurance.md","content/home-lab/source-attestations/operations-infra-results.json","","4f3c1317e92176d99dd4eb49bc72f8d8302af0840cfd2cfb71cb22e3c5e7c8d2","1882","","","validation","supported-with-limitations","backup-recovery","backup-recovery","content/home-lab/backup-recovery/evidence/validation/operations-infra-results/evidence/infrastructure-validation/2026-07-10/11-results/backup-and-restore-assurance.md","source-reference-only","home-lab-backup-and-isolated-restore","Operational or original-portfolio source integrity is attested by a reviewed manifest. The artifact remains in its authoritative source repository and is represented here without copying sensitive or duplicative source bytes."
"home-lab-attested-0bf458e9af4611a0","fontenotjeremy71-hub/jeremy-homelab-ops","65899f08cb8d19207c5edad7723368ed04f1f1c4","evidence/read-only-baseline-20260625-201707/route-evidence-20260625-201707.json","content/home-lab/source-attestations/operations-evidence-core.json","","9d35d2e5048df37a43380d2edf699af342f9703e2d8b6c7b35cb3d8b8c277f27","636","","","configuration","supported-with-limitations","networking","networking","content/home-lab/networking/evidence/configuration/operations-evidence-core/evidence/read-only-baseline-20260625-201707/route-evidence-20260625-201707.json","source-reference-only","home-lab-networking-validation","Operational or original-portfolio source integrity is attested by a reviewed manifest. The artifact remains in its authoritative source repository and is represented here without copying sensitive or duplicative source bytes."
"home-lab-attested-0ca323c8d9a01841","fontenotjeremy71-hub/jeremy-homelab-ops","65899f08cb8d19207c5edad7723368ed04f1f1c4","evidence/infrastructure-validation/2026-07-10/08-restore-validation/proxmox-dc01-restore-source-archive-2026-07-11.png","content/home-lab/source-attestations/operations-restore-dc01.json","","275710bd2fc49e8d5d09fe5c0dc07013c4e58140a46d01cd19499f5d4eb405b5","58751","","","screenshots","supported-with-limitations","backup-recovery","backup-recovery|active-directory|proxmox","content/home-lab/backup-recovery/evidence/screenshots/operations-restore-dc01/evidence/infrastructure-validation/2026-07-10/08-restore-validation/proxmox-dc01-restore-source-archive-2026-07-11.png","source-reference-only","home-lab-backup-and-isolated-restore|home-lab-active-directory-administration|home-lab-proxmox-administration","Operational or original-portfolio source integrity is attested by a reviewed manifest. The artifact remains in its authoritative source repository and is represented here without copying sensitive or duplicative source bytes."
"home-lab-attested-0de77c23f1c6032b","fontenotjeremy71-hub/jeremy-homelab-ops","65899f08cb8d19207c5edad7723368ed04f1f1c4","evidence/infrastructure-validation/2026-07-10/08-restore-validation/proxmox-pfsense-isolated-restore-service-validation-2026-07-12.png","content/home-lab/source-attestations/operations-restore-pfsense.json","","3745833c98312faff6712d94e014abb5921e565ed5d8a164796e3b8a951302a0","222962","","","screenshots","supported-with-limitations","backup-recovery","backup-recovery|pfsense|proxmox","content/home-lab/backup-recovery/evidence/screenshots/operations-restore-pfsense/evidence/infrastructure-validation/2026-07-10/08-restore-validation/proxmox-pfsense-isolated-restore-service-validation-2026-07-12.png","source-reference-only","home-lab-backup-and-isolated-restore|home-lab-pfsense-administration|home-lab-proxmox-administration","Operational or original-portfolio source integrity is attested by a reviewed manifest. The artifact remains in its authoritative source repository and is represented here without copying sensitive or duplicative source bytes."
"home-lab-attested-0e5c71b4f14d93e4","fontenotjeremy71-hub/jeremy-homelab-ops","65899f08cb8d19207c5edad7723368ed04f1f1c4","evidence/codex-agents-verification-20260625-171842.md","content/home-lab/source-attestations/operations-evidence-core.json","","bafb9670f40dbe9d5e907641869306a8592f9bc15ffb192a5bca89b9c4f8342d","1810","","","documentation","directly-proven","environment","environment","content/home-lab/environment/documentation/operations-evidence-core/evidence/codex-agents-verification-20260625-171842.md","source-reference-only","home-lab-environment-inventory","Operational or original-portfolio source integrity is attested by a reviewed manifest. The artifact remains in its authoritative source repository and is represented here without copying sensitive or duplicative source bytes."
"home-lab-attested-0fb92aea6d838ba4","fontenotjeremy71-hub/jeremy-homelab-ops","65899f08cb8d19207c5edad7723368ed04f1f1c4","evidence/infrastructure-validation/2026-07-10/11-results/remaining-evidence-gaps.md","content/home-lab/source-attestations/operations-infra-results.json","","17e2cad6ab191a6d6ad4a6d3ed2de137d2a35ae29e49035bd2941d56c59eefae","1626","","","validation","directly-proven","environment","environment","content/home-lab/environment/evidence/validation/operations-infra-results/evidence/infrastructure-validation/2026-07-10/11-results/remaining-evidence-gaps.md","source-reference-only","home-lab-environment-inventory","Operational or original-portfolio source integrity is attested by a reviewed manifest. The artifact remains in its authoritative source repository and is represented here without copying sensitive or duplicative source bytes."
"home-lab-attested-1021ff39ee02c325","fontenotjeremy71-hub/jeremy-homelab-ops","65899f08cb8d19207c5edad7723368ed04f1f1c4","evidence/dc01-local-inventory-validation-20260626-022811.md","content/home-lab/source-attestations/operations-evidence-core.json","","ed05a7223af1cf8358f0fca150b1fd987321288d6f791cd81a0e586e8bbab0a4","3351","","","validation","supported-with-limitations","active-directory","active-directory|environment","content/home-lab/active-directory/evidence/validation/operations-evidence-core/evidence/dc01-local-inventory-validation-20260626-022811.md","source-reference-only","home-lab-active-directory-administration|home-lab-environment-inventory","Operational or original-portfolio source integrity is attested by a reviewed manifest. The artifact remains in its authoritative source repository and is represented here without copying sensitive or duplicative source bytes."
"home-lab-attested-116d484673f06d2e","fontenotjeremy71-hub/jeremy-homelab-ops","65899f08cb8d19207c5edad7723368ed04f1f1c4","evidence/infrastructure-validation/2026-07-10/08-restore-validation/proxmox-dc01-isolated-restore-console-boot-2026-07-11.png","content/home-lab/source-attestations/operations-restore-dc01.json","","edcf48f1ba64b9d735b086bba9130d64a1a7a2f24ea11f1d70f927a762480851","110373","","","screenshots","supported-with-limitations","backup-recovery","backup-recovery|active-directory|proxmox","content/home-lab/backup-recovery/evidence/screenshots/operations-restore-dc01/evidence/infrastructure-validation/2026-07-10/08-restore-validation/proxmox-dc01-isolated-restore-console-boot-2026-07-11.png","source-reference-only","home-lab-backup-and-isolated-restore|home-lab-active-directory-administration|home-lab-proxmox-administration","Operational or original-portfolio source integrity is attested by a reviewed manifest. The artifact remains in its authoritative source repository and is represented here without copying sensitive or duplicative source bytes."
"home-lab-attested-1290e9d0e3274046","fontenotjeremy71-hub/jeremy-homelab-ops","65899f08cb8d19207c5edad7723368ed04f1f1c4","evidence/infrastructure-validation/2026-07-10/07-backup-inventory/proxmox-backup-archive-inventory-2026-07-11.png","content/home-lab/source-attestations/operations-infra-backup.json","","86d0595c1355d09a83ef47df909014ec39b4f5d71eef2196490ac4d828fa6f53","41806","","","screenshots","supported-with-limitations","backup-recovery","backup-recovery|proxmox|environment","content/home-lab/backup-recovery/evidence/screenshots/operations-infra-backup/evidence/infrastructure-validation/2026-07-10/07-backup-inventory/proxmox-backup-archive-inventory-2026-07-11.png","source-reference-only","home-lab-backup-and-isolated-restore|home-lab-proxmox-administration|home-lab-environment-inventory","Operational or original-portfolio source integrity is attested by a reviewed manifest. The artifact remains in its authoritative source repository and is represented here without copying sensitive or duplicative source bytes."
"home-lab-attested-137e890556e659ce","fontenotjeremy71-hub/jeremy-homelab-ops","65899f08cb8d19207c5edad7723368ed04f1f1c4","evidence/infrastructure-validation/2026-07-10/03-active-directory/smb-validation.txt","content/home-lab/source-attestations/operations-infra-directory.json","","a91804a3ee7797cf3b9f7904567511ef70e1ba8e7f6b1be13b086700cb1288f3","504","","","validation","supported-with-limitations","active-directory","active-directory","content/home-lab/active-directory/evidence/validation/operations-infra-directory/evidence/infrastructure-validation/2026-07-10/03-active-directory/smb-validation.txt","source-reference-only","home-lab-active-directory-administration","Operational or original-portfolio source integrity is attested by a reviewed manifest. The artifact remains in its authoritative source repository and is represented here without copying sensitive or duplicative source bytes."
"home-lab-attested-1441aecd5e447be5","fontenotjeremy71-hub/jeremy-homelab-ops","65899f08cb8d19207c5edad7723368ed04f1f1c4","inventories/guest-hypervisor-state-comparison-20260626-035154.json","content/home-lab/source-attestations/operations-inventories.json","","d6ee380a07228047641569e4c3699be44efe93ac084e0b0e4af9ca29f28ceb83","11274","","","exports","directly-proven","environment","environment","content/home-lab/environment/evidence/exports/operations-inventories/inventories/guest-hypervisor-state-comparison-20260626-035154.json","source-reference-only","home-lab-environment-inventory","Operational or original-portfolio source integrity is attested by a reviewed manifest. The artifact remains in its authoritative source repository and is represented here without copying sensitive or duplicative source bytes."
"home-lab-attested-15e722162f186b3c","fontenotjeremy71-hub/jeremy-homelab-ops","65899f08cb8d19207c5edad7723368ed04f1f1c4","scripts/monitoring/Test-HomeLabConnectivity.ps1","content/home-lab/source-attestations/operations-scripts.json","","d6895d52d591cd2b322d9a9fa7a48f1233b6f9b9d6f7ca707e6c97d183f6168d","11549","","","scripts","supported-with-limitations","networking","networking|monitoring-logging|automation","content/home-lab/networking/scripts/operations-scripts/scripts/monitoring/Test-HomeLabConnectivity.ps1","source-reference-only","home-lab-networking-validation|home-lab-monitoring-logging-documentation|home-lab-evidence-automation","Operational or original-portfolio source integrity is attested by a reviewed manifest. The artifact remains in its authoritative source repository and is represented here without copying sensitive or duplicative source bytes."
"home-lab-attested-15f71992903b96b1","fontenotjeremy71-hub/jeremy-homelab-ops","65899f08cb8d19207c5edad7723368ed04f1f1c4","evidence/infrastructure-validation/2026-07-10/00-session-metadata/tool-versions.txt","content/home-lab/source-attestations/operations-infra-session.json","","6acda558a95c53f699c5ff37aaf85b7090cf538949852f4d332f87d1644384b0","973","","","validation","directly-proven","environment","environment","content/home-lab/environment/evidence/validation/operations-infra-session/evidence/infrastructure-validation/2026-07-10/00-session-metadata/tool-versions.txt","source-reference-only","home-lab-environment-inventory","Operational or original-portfolio source integrity is attested by a reviewed manifest. The artifact remains in its authoritative source repository and is represented here without copying sensitive or duplicative source bytes."
"home-lab-attested-16ad51474d701100","fontenotjeremy71-hub/jeremy-homelab-ops","65899f08cb8d19207c5edad7723368ed04f1f1c4","evidence/infrastructure-validation/2026-07-10/08-restore-validation/proxmox-ws01-restored-config-before-network-isolation-2026-07-11.png","content/home-lab/source-attestations/operations-restore-ws01.json","","7f267a975acbc36a0ae0c6e1b3fb8604903ed08c6702f33fbb98250c516ea892","304587","","","screenshots","supported-with-limitations","backup-recovery","backup-recovery|windows-clients|proxmox|networking|security","content/home-lab/backup-recovery/evidence/screenshots/operations-restore-ws01/evidence/infrastructure-validation/2026-07-10/08-restore-validation/proxmox-ws01-restored-config-before-network-isolation-2026-07-11.png","source-reference-only","home-lab-backup-and-isolated-restore|home-lab-windows-client-administration|home-lab-proxmox-administration|home-lab-networking-validation|home-lab-security-conscious-operations","Operational or original-portfolio source integrity is attested by a reviewed manifest. The artifact remains in its authoritative source repository and is represented here without copying sensitive or duplicative source bytes."
"home-lab-attested-1803601cf0f63f33","fontenotjeremy71-hub/jeremy-homelab-ops","65899f08cb8d19207c5edad7723368ed04f1f1c4","evidence/infrastructure-validation/2026-07-10/08-restore-validation/proxmox-dc01-rerun-system-event-validation-2026-07-11.png","content/home-lab/source-attestations/operations-restore-dc01.json","","052f0d5a841c53407547f54f2415beaece1110f9939b4e5b0859dc9b5bdaecb8","127268","","","screenshots","supported-with-limitations","backup-recovery","backup-recovery|active-directory|proxmox","content/home-lab/backup-recovery/evidence/screenshots/operations-restore-dc01/evidence/infrastructure-validation/2026-07-10/08-restore-validation/proxmox-dc01-rerun-system-event-validation-2026-07-11.png","source-reference-only","home-lab-backup-and-isolated-restore|home-lab-active-directory-administration|home-lab-proxmox-administration","Operational or original-portfolio source integrity is attested by a reviewed manifest. The artifact remains in its authoritative source repository and is represented here without copying sensitive or duplicative source bytes."
"home-lab-attested-1862337fe6e86183","fontenotjeremy71-hub/jeremy-homelab-ops","65899f08cb8d19207c5edad7723368ed04f1f1c4","evidence/infrastructure-validation/2026-07-10/08-restore-validation/proxmox-dc01-isolated-restore-cleanup-2026-07-11.png","content/home-lab/source-attestations/operations-restore-dc01.json","","caddc011c858d6dd5847cfba0b48294edcfcd44a4634809c86048209e897e6b9","32711","","","screenshots","supported-with-limitations","backup-recovery","backup-recovery|active-directory|proxmox","content/home-lab/backup-recovery/evidence/screenshots/operations-restore-dc01/evidence/infrastructure-validation/2026-07-10/08-restore-validation/proxmox-dc01-isolated-restore-cleanup-2026-07-11.png","source-reference-only","home-lab-backup-and-isolated-restore|home-lab-active-directory-administration|home-lab-proxmox-administration","Operational or original-portfolio source integrity is attested by a reviewed manifest. The artifact remains in its authoritative source repository and is represented here without copying sensitive or duplicative source bytes."
"home-lab-attested-18d40ddc7a08d59e","fontenotjeremy71-hub/jeremy-homelab-ops","65899f08cb8d19207c5edad7723368ed04f1f1c4","evidence/infrastructure-validation/2026-07-10/08-restore-validation/proxmox-dc01-isolated-restore-final-cleanup-verification-2026-07-11.png","content/home-lab/source-attestations/operations-restore-dc01.json","","bfa2e9cffc76146cb2ad94cf5ad636e629be73d814e0dba8e80d4ec7b4c9a882","52645","","","screenshots","supported-with-limitations","backup-recovery","backup-recovery|active-directory|proxmox","content/home-lab/backup-recovery/evidence/screenshots/operations-restore-dc01/evidence/infrastructure-validation/2026-07-10/08-restore-validation/proxmox-dc01-isolated-restore-final-cleanup-verification-2026-07-11.png","source-reference-only","home-lab-backup-and-isolated-restore|home-lab-active-directory-administration|home-lab-proxmox-administration","Operational or original-portfolio source integrity is attested by a reviewed manifest. The artifact remains in its authoritative source repository and is represented here without copying sensitive or duplicative source bytes."
"home-lab-attested-190ee26708f92e9e","fontenotjeremy71-hub/jeremy-homelab-ops","65899f08cb8d19207c5edad7723368ed04f1f1c4","evidence/infrastructure-validation/2026-07-10/08-restore-validation/proxmox-dc01-isolated-restore-precheck-2026-07-11.png","content/home-lab/source-attestations/operations-restore-dc01.json","","f06378460f0faa797665b01ae27c7a9b91750c6e60c202bb513875c0952d8f2d","40770","","","screenshots","supported-with-limitations","backup-recovery","backup-recovery|active-directory|proxmox","content/home-lab/backup-recovery/evidence/screenshots/operations-restore-dc01/evidence/infrastructure-validation/2026-07-10/08-restore-validation/proxmox-dc01-isolated-restore-precheck-2026-07-11.png","source-reference-only","home-lab-backup-and-isolated-restore|home-lab-active-directory-administration|home-lab-proxmox-administration","Operational or original-portfolio source integrity is attested by a reviewed manifest. The artifact remains in its authoritative source repository and is represented here without copying sensitive or duplicative source bytes."
"home-lab-attested-1b0a1f08778ebb72","fontenotjeremy71-hub/jeremy-homelab-ops","65899f08cb8d19207c5edad7723368ed04f1f1c4","docs/runbooks/recurring-restore-assurance.md","content/home-lab/source-attestations/operations-docs.json","","588a308a9a5e72483a0f0d82a2df6436b292bccfa228f46135926b4238d9469a","4662","","","documentation","documented-only","backup-recovery","backup-recovery","content/home-lab/backup-recovery/documentation/operations-docs/docs/runbooks/recurring-restore-assurance.md","source-reference-only","home-lab-backup-and-isolated-restore","Operational or original-portfolio source integrity is attested by a reviewed manifest. The artifact remains in its authoritative source repository and is represented here without copying sensitive or duplicative source bytes."
"home-lab-attested-1bbc75e4ec4e9da1","fontenotjeremy71-hub/jeremy-homelab-ops","65899f08cb8d19207c5edad7723368ed04f1f1c4","evidence/home-lab-source-reconciliation-20260626-012606.md","content/home-lab/source-attestations/operations-evidence-core.json","","2d377a7a6703f8c3c5fbb77aa093569806ddb7939cfa88fd6a0ecf801484c3ee","2504","","","documentation","directly-proven","environment","environment","content/home-lab/environment/documentation/operations-evidence-core/evidence/home-lab-source-reconciliation-20260626-012606.md","source-reference-only","home-lab-environment-inventory","Operational or original-portfolio source integrity is attested by a reviewed manifest. The artifact remains in its authoritative source repository and is represented here without copying sensitive or duplicative source bytes."
"home-lab-attested-1be48757b7e2ae73","fontenotjeremy71-hub/jeremy-homelab-ops","65899f08cb8d19207c5edad7723368ed04f1f1c4","evidence/infrastructure-validation/2026-07-10/02-network-connectivity/connectivity-tests.csv","content/home-lab/source-attestations/operations-infra-network.json","","77bfc7c2e0bbbc8e7b31d4c042301208d0d2f48e49823399836d9e19ddaeb5c9","10436","","","validation","supported-with-limitations","networking","networking","content/home-lab/networking/evidence/validation/operations-infra-network/evidence/infrastructure-validation/2026-07-10/02-network-connectivity/connectivity-tests.csv","source-reference-only","home-lab-networking-validation","Operational or original-portfolio source integrity is attested by a reviewed manifest. The artifact remains in its authoritative source repository and is represented here without copying sensitive or duplicative source bytes."
"home-lab-attested-1c57d8e48e976546","fontenotjeremy71-hub/jeremy-homelab-ops","65899f08cb8d19207c5edad7723368ed04f1f1c4","evidence/infrastructure-validation/2026-07-10/06-linux01-sssd/linux01-sssd-service-status-2026-07-11.png","content/home-lab/source-attestations/operations-infra-linux.json","","c2396a155b222de0b6ca119211cb8a83e46ef892f9fc9cc94b820fcc1a019b86","154396","","","screenshots","supported-with-limitations","linux","linux","content/home-lab/linux/evidence/screenshots/operations-infra-linux/evidence/infrastructure-validation/2026-07-10/06-linux01-sssd/linux01-sssd-service-status-2026-07-11.png","source-reference-only","home-lab-linux-administration","Operational or original-portfolio source integrity is attested by a reviewed manifest. The artifact remains in its authoritative source repository and is represented here without copying sensitive or duplicative source bytes."
"home-lab-attested-1d905696c68d3e6f","jeremyfontenot/JeremyFontenot.github.io","5581bd7bf9c61ff77000ac04aa39fcbb04ed004f","v2/assets/evidence-visuals/home-lab-infrastructure-map.svg","content/home-lab/source-attestations/original-portfolio-source-only.json","","2263fcf035b667b05d70335b242f31882588a6202ffcbb1448d48f5bc9fc1ba3","3645","","","screenshots","directly-proven","environment","environment","content/home-lab/environment/evidence/screenshots/original-portfolio-source-only/v2/assets/evidence-visuals/home-lab-infrastructure-map.svg","source-reference-only","home-lab-environment-inventory","Operational or original-portfolio source integrity is attested by a reviewed manifest. The artifact remains in its authoritative source repository and is represented here without copying sensitive or duplicative source bytes."
"home-lab-attested-1e00271b5e4a6c28","fontenotjeremy71-hub/jeremy-homelab-ops","65899f08cb8d19207c5edad7723368ed04f1f1c4","inventories/home-lab-state-matrix-20260626-012606.json","content/home-lab/source-attestations/operations-inventories.json","","b2ff9f03bc73705162a0b9ff36102448bb60c0427bcfe6a8a12ccf3ed2dbf562","4569","","","exports","directly-proven","environment","environment","content/home-lab/environment/evidence/exports/operations-inventories/inventories/home-lab-state-matrix-20260626-012606.json","source-reference-only","home-lab-environment-inventory","Operational or original-portfolio source integrity is attested by a reviewed manifest. The artifact remains in its authoritative source repository and is represented here without copying sensitive or duplicative source bytes."
"home-lab-attested-1ef7f3641ce51ab3","fontenotjeremy71-hub/jeremy-homelab-ops","65899f08cb8d19207c5edad7723368ed04f1f1c4","inventories/ws01-inventory-20260626-012952.json","content/home-lab/source-attestations/operations-inventories.json","","4a920abaad61d22d8657b47715f756be497b90c2b794829200e50d930764c825","37972","","","inventories","supported-with-limitations","windows-clients","windows-clients|environment","content/home-lab/windows-clients/evidence/inventories/operations-inventories/inventories/ws01-inventory-20260626-012952.json","source-reference-only","home-lab-windows-client-administration|home-lab-environment-inventory","Operational or original-portfolio source integrity is attested by a reviewed manifest. The artifact remains in its authoritative source repository and is represented here without copying sensitive or duplicative source bytes."
"home-lab-attested-1f9cdc4693b23068","fontenotjeremy71-hub/jeremy-homelab-ops","65899f08cb8d19207c5edad7723368ed04f1f1c4","artifacts/target-local-collection/Linux01/README.md","content/home-lab/source-attestations/operations-artifacts.json","","8a8d944be089943c9cd535315449409e89f541916edd3fe9aa5aff3f34dbef99","2246","","","documentation","supported-with-limitations","linux","linux","content/home-lab/linux/documentation/operations-artifacts/artifacts/target-local-collection/Linux01/README.md","source-reference-only","home-lab-linux-administration","Operational or original-portfolio source integrity is attested by a reviewed manifest. The artifact remains in its authoritative source repository and is represented here without copying sensitive or duplicative source bytes."
"home-lab-attested-20155daec45a1a55","fontenotjeremy71-hub/jeremy-homelab-ops","65899f08cb8d19207c5edad7723368ed04f1f1c4","evidence/infrastructure-validation/2026-07-10/08-restore-validation/proxmox-ws01-isolated-restore-console-boot-2026-07-11.png","content/home-lab/source-attestations/operations-restore-ws01.json","","03e01444cb586ddb87eb2337672a9cb5599093351d3d5469726cebde814d9d2d","641859","","","screenshots","supported-with-limitations","backup-recovery","backup-recovery|windows-clients|proxmox","content/home-lab/backup-recovery/evidence/screenshots/operations-restore-ws01/evidence/infrastructure-validation/2026-07-10/08-restore-validation/proxmox-ws01-isolated-restore-console-boot-2026-07-11.png","source-reference-only","home-lab-backup-and-isolated-restore|home-lab-windows-client-administration|home-lab-proxmox-administration","Operational or original-portfolio source integrity is attested by a reviewed manifest. The artifact remains in its authoritative source repository and is represented here without copying sensitive or duplicative source bytes."
"home-lab-attested-20726a7749500f61","fontenotjeremy71-hub/jeremy-homelab-ops","65899f08cb8d19207c5edad7723368ed04f1f1c4","evidence/infrastructure-validation/2026-07-10/08-restore-validation/proxmox-ws01-isolated-restore-precheck-2026-07-11.png","content/home-lab/source-attestations/operations-restore-ws01.json","","98d0849d6ae992652b94bd85dc825a3b879ec6fef6fdd2c4a3ee1d0a901a0e0c","298855","","","screenshots","supported-with-limitations","backup-recovery","backup-recovery|windows-clients|proxmox","content/home-lab/backup-recovery/evidence/screenshots/operations-restore-ws01/evidence/infrastructure-validation/2026-07-10/08-restore-validation/proxmox-ws01-isolated-restore-precheck-2026-07-11.png","source-reference-only","home-lab-backup-and-isolated-restore|home-lab-windows-client-administration|home-lab-proxmox-administration","Operational or original-portfolio source integrity is attested by a reviewed manifest. The artifact remains in its authoritative source repository and is represented here without copying sensitive or duplicative source bytes."
"home-lab-attested-210c8a71e94eeacc","fontenotjeremy71-hub/jeremy-homelab-ops","65899f08cb8d19207c5edad7723368ed04f1f1c4","evidence/infrastructure-validation/2026-07-10/08-restore-validation/proxmox-dc01-rerun-service-validation-2026-07-11.png","content/home-lab/source-attestations/operations-restore-dc01.json","","196e96a0de89322b918b5c19fc5140802ed671493b1a6c516992fc5e24fe6b16","151720","","","screenshots","supported-with-limitations","backup-recovery","backup-recovery|active-directory|proxmox","content/home-lab/backup-recovery/evidence/screenshots/operations-restore-dc01/evidence/infrastructure-validation/2026-07-10/08-restore-validation/proxmox-dc01-rerun-service-validation-2026-07-11.png","source-reference-only","home-lab-backup-and-isolated-restore|home-lab-active-directory-administration|home-lab-proxmox-administration","Operational or original-portfolio source integrity is attested by a reviewed manifest. The artifact remains in its authoritative source repository and is represented here without copying sensitive or duplicative source bytes."
"home-lab-attested-21a9ec2d08390b71","fontenotjeremy71-hub/jeremy-homelab-ops","65899f08cb8d19207c5edad7723368ed04f1f1c4","evidence/read-only-baseline-20260625-201453/connectivity-results-20260625-201453.md","content/home-lab/source-attestations/operations-evidence-core.json","","70f4d21a11f4f071fd19f75a63b179d21b69b3a45ca727a4cc884c764c724f82","1636","","","validation","supported-with-limitations","networking","networking","content/home-lab/networking/evidence/validation/operations-evidence-core/evidence/read-only-baseline-20260625-201453/connectivity-results-20260625-201453.md","source-reference-only","home-lab-networking-validation","Operational or original-portfolio source integrity is attested by a reviewed manifest. The artifact remains in its authoritative source repository and is represented here without copying sensitive or duplicative source bytes."
"home-lab-attested-21e8a8a404078d14","fontenotjeremy71-hub/jeremy-homelab-ops","65899f08cb8d19207c5edad7723368ed04f1f1c4","inventories/pfsense-reachability-20260706-174158.json","content/home-lab/source-attestations/operations-inventories.json","","73c841d85625685fed80e224321656fddc35f680629f31fadfb4179432e72ec8","503","","","exports","supported-with-limitations","pfsense","pfsense","content/home-lab/pfsense/evidence/exports/operations-inventories/inventories/pfsense-reachability-20260706-174158.json","source-reference-only","home-lab-pfsense-administration","Operational or original-portfolio source integrity is attested by a reviewed manifest. The artifact remains in its authoritative source repository and is represented here without copying sensitive or duplicative source bytes."
"home-lab-attested-224dac95d3f372d8","fontenotjeremy71-hub/jeremy-homelab-ops","65899f08cb8d19207c5edad7723368ed04f1f1c4","evidence/infrastructure-validation/2026-07-10/08-restore-validation/proxmox-dc01-rerun-directory-service-event-validation-2026-07-11.png","content/home-lab/source-attestations/operations-restore-dc01.json","","661c6c5658f0a968193a51d0463c840073861a973888a435a45837a71dc5ef77","205600","","","screenshots","supported-with-limitations","backup-recovery","backup-recovery|active-directory|proxmox","content/home-lab/backup-recovery/evidence/screenshots/operations-restore-dc01/evidence/infrastructure-validation/2026-07-10/08-restore-validation/proxmox-dc01-rerun-directory-service-event-validation-2026-07-11.png","source-reference-only","home-lab-backup-and-isolated-restore|home-lab-active-directory-administration|home-lab-proxmox-administration","Operational or original-portfolio source integrity is attested by a reviewed manifest. The artifact remains in its authoritative source repository and is represented here without copying sensitive or duplicative source bytes."
"home-lab-attested-22c80890f9291bb4","fontenotjeremy71-hub/jeremy-homelab-ops","65899f08cb8d19207c5edad7723368ed04f1f1c4","evidence/infrastructure-validation/2026-07-10/08-restore-validation/proxmox-dc01-isolated-restore-clean-shutdown-2026-07-11.png","content/home-lab/source-attestations/operations-restore-dc01.json","","9814fce1dbc39355ff192bb670e5370da4ab93df152f61ec3a100cfb263443e4","14536","","","screenshots","supported-with-limitations","backup-recovery","backup-recovery|active-directory|proxmox","content/home-lab/backup-recovery/evidence/screenshots/operations-restore-dc01/evidence/infrastructure-validation/2026-07-10/08-restore-validation/proxmox-dc01-isolated-restore-clean-shutdown-2026-07-11.png","source-reference-only","home-lab-backup-and-isolated-restore|home-lab-active-directory-administration|home-lab-proxmox-administration","Operational or original-portfolio source integrity is attested by a reviewed manifest. The artifact remains in its authoritative source repository and is represented here without copying sensitive or duplicative source bytes."
"home-lab-attested-23013f1c4bd2326d","fontenotjeremy71-hub/jeremy-homelab-ops","65899f08cb8d19207c5edad7723368ed04f1f1c4","evidence/read-only-baseline-20260625-201453/connectivity-results-20260625-201453.csv","content/home-lab/source-attestations/operations-evidence-core.json","","b412c23f73fdfb1e350ad018b195b8f9adb8395bff947f1468318bef6cca8921","1833","","","validation","supported-with-limitations","networking","networking","content/home-lab/networking/evidence/validation/operations-evidence-core/evidence/read-only-baseline-20260625-201453/connectivity-results-20260625-201453.csv","source-reference-only","home-lab-networking-validation","Operational or original-portfolio source integrity is attested by a reviewed manifest. The artifact remains in its authoritative source repository and is represented here without copying sensitive or duplicative source bytes."
"home-lab-attested-23236ce9dba2e5d9","fontenotjeremy71-hub/jeremy-homelab-ops","65899f08cb8d19207c5edad7723368ed04f1f1c4","evidence/infrastructure-validation/2026-07-10/01-proxmox/storage-status.txt","content/home-lab/source-attestations/operations-infra-proxmox.json","","50a57e3e40b543a0d1086be4b0099a8ba04753e5ae1fa29b562752e059919e56","867","","","validation","supported-with-limitations","proxmox","proxmox","content/home-lab/proxmox/evidence/validation/operations-infra-proxmox/evidence/infrastructure-validation/2026-07-10/01-proxmox/storage-status.txt","source-reference-only","home-lab-proxmox-administration","Operational or original-portfolio source integrity is attested by a reviewed manifest. The artifact remains in its authoritative source repository and is represented here without copying sensitive or duplicative source bytes."
"home-lab-attested-23480318cbb53183","fontenotjeremy71-hub/jeremy-homelab-ops","65899f08cb8d19207c5edad7723368ed04f1f1c4","evidence/infrastructure-validation/2026-07-10/06-linux01-sssd/linux01-adcli-testjoin-2026-07-11.png","content/home-lab/source-attestations/operations-infra-linux.json","","33d2133051422474fec8dae44ad1119147b8bb5bdf04ef5dfe9d42eebc4080ba","8676","","","screenshots","supported-with-limitations","linux","linux","content/home-lab/linux/evidence/screenshots/operations-infra-linux/evidence/infrastructure-validation/2026-07-10/06-linux01-sssd/linux01-adcli-testjoin-2026-07-11.png","source-reference-only","home-lab-linux-administration","Operational or original-portfolio source integrity is attested by a reviewed manifest. The artifact remains in its authoritative source repository and is represented here without copying sensitive or duplicative source bytes."
"home-lab-attested-2518f3e52a6e954d","fontenotjeremy71-hub/jeremy-homelab-ops","65899f08cb8d19207c5edad7723368ed04f1f1c4","evidence/read-only-baseline-20260625-201453/connectivity-results-20260625-201453.json","content/home-lab/source-attestations/operations-evidence-core.json","","50c0554e50890a8816d18a361fdf78859c6eec1808332b392dc4edea5b732ac2","3148","","","validation","supported-with-limitations","networking","networking","content/home-lab/networking/evidence/validation/operations-evidence-core/evidence/read-only-baseline-20260625-201453/connectivity-results-20260625-201453.json","source-reference-only","home-lab-networking-validation","Operational or original-portfolio source integrity is attested by a reviewed manifest. The artifact remains in its authoritative source repository and is represented here without copying sensitive or duplicative source bytes."
"home-lab-attested-2584e1618fab1603","fontenotjeremy71-hub/jeremy-homelab-ops","65899f08cb8d19207c5edad7723368ed04f1f1c4","evidence/infrastructure-validation/2026-07-10/02-network-connectivity/ws01-corrected-connectivity-tests.txt","content/home-lab/source-attestations/operations-infra-network.json","","fed2fc6a53fe1d21b5f8647d7c72cf816aad977e6d48b679386e0964b3b49761","19250","","","validation","supported-with-limitations","windows-clients","windows-clients|networking","content/home-lab/windows-clients/evidence/validation/operations-infra-network/evidence/infrastructure-validation/2026-07-10/02-network-connectivity/ws01-corrected-connectivity-tests.txt","source-reference-only","home-lab-windows-client-administration|home-lab-networking-validation","Operational or original-portfolio source integrity is attested by a reviewed manifest. The artifact remains in its authoritative source repository and is represented here without copying sensitive or duplicative source bytes."
"home-lab-attested-25a1fded5f09e490","fontenotjeremy71-hub/jeremy-homelab-ops","65899f08cb8d19207c5edad7723368ed04f1f1c4","evidence/chatgpt-github-connector-verification-20260625-182226.md","content/home-lab/source-attestations/operations-evidence-core.json","","6cb102533aa1bb1a777f2b58b3596e56b7ab2ae8c32a878d296c6b5589cda51f","1872","","","documentation","directly-proven","environment","environment","content/home-lab/environment/documentation/operations-evidence-core/evidence/chatgpt-github-connector-verification-20260625-182226.md","source-reference-only","home-lab-environment-inventory","Operational or original-portfolio source integrity is attested by a reviewed manifest. The artifact remains in its authoritative source repository and is represented here without copying sensitive or duplicative source bytes."
"home-lab-attested-26229ed59472f847","jeremyfontenot/JeremyFontenot.github.io","5581bd7bf9c61ff77000ac04aa39fcbb04ed004f","archive/pre-site-upgrade-20260602/network-segmentation.html","content/home-lab/source-attestations/original-portfolio-source-only.json","","5a60c8aa33725c73bd5c0e270d3c69f177f352e3967e46c7e3a2c5c4555e038b","5624","","","documentation","supported-with-limitations","backup-recovery","backup-recovery|networking","content/home-lab/backup-recovery/documentation/original-portfolio-source-only/archive/pre-site-upgrade-20260602/network-segmentation.html","source-reference-only","home-lab-backup-and-isolated-restore|home-lab-networking-validation","Operational or original-portfolio source integrity is attested by a reviewed manifest. The artifact remains in its authoritative source repository and is represented here without copying sensitive or duplicative source bytes."
"home-lab-attested-262b87542bb818e1","fontenotjeremy71-hub/jeremy-homelab-ops","65899f08cb8d19207c5edad7723368ed04f1f1c4","evidence/infrastructure-validation/2026-07-10/06-linux01-sssd/linux01-kerberos-ticket-2026-07-11.png","content/home-lab/source-attestations/operations-infra-linux.json","","8cf8d144df3eac6dd73a8e5527126e8f124ba22924ff47c3dd667a7a4505220c","78395","","","screenshots","supported-with-limitations","linux","linux|active-directory","content/home-lab/linux/evidence/screenshots/operations-infra-linux/evidence/infrastructure-validation/2026-07-10/06-linux01-sssd/linux01-kerberos-ticket-2026-07-11.png","source-reference-only","home-lab-linux-administration|home-lab-active-directory-administration","Operational or original-portfolio source integrity is attested by a reviewed manifest. The artifact remains in its authoritative source repository and is represented here without copying sensitive or duplicative source bytes."
"home-lab-attested-291aed11616adc92","fontenotjeremy71-hub/jeremy-homelab-ops","65899f08cb8d19207c5edad7723368ed04f1f1c4","evidence/infrastructure-validation/2026-07-10/08-restore-validation/pfsense-restore-log.txt","content/home-lab/source-attestations/operations-restore-pfsense.json","","9846480996272a4d1ba63fc21fcff9aa67d1aa5d232089909d002e8067f0a339","4996","","","validation","supported-with-limitations","backup-recovery","backup-recovery|pfsense","content/home-lab/backup-recovery/evidence/validation/operations-restore-pfsense/evidence/infrastructure-validation/2026-07-10/08-restore-validation/pfsense-restore-log.txt","source-reference-only","home-lab-backup-and-isolated-restore|home-lab-pfsense-administration","Operational or original-portfolio source integrity is attested by a reviewed manifest. The artifact remains in its authoritative source repository and is represented here without copying sensitive or duplicative source bytes."
"home-lab-attested-2ac478b1b3da5478","fontenotjeremy71-hub/jeremy-homelab-ops","65899f08cb8d19207c5edad7723368ed04f1f1c4","evidence/infrastructure-validation/2026-07-10/08-restore-validation/dc01-boot-validation.txt","content/home-lab/source-attestations/operations-restore-dc01.json","","8a7169bbb5653daff551e5351b8f1f9249504744e3888ddab281292bb205649e","2599","","","validation","supported-with-limitations","backup-recovery","backup-recovery|active-directory","content/home-lab/backup-recovery/evidence/validation/operations-restore-dc01/evidence/infrastructure-validation/2026-07-10/08-restore-validation/dc01-boot-validation.txt","source-reference-only","home-lab-backup-and-isolated-restore|home-lab-active-directory-administration","Operational or original-portfolio source integrity is attested by a reviewed manifest. The artifact remains in its authoritative source repository and is represented here without copying sensitive or duplicative source bytes."
"home-lab-attested-2be20bdf1b71c8b7","fontenotjeremy71-hub/jeremy-homelab-ops","65899f08cb8d19207c5edad7723368ed04f1f1c4","scripts/monitoring/Invoke-HomeLabReadOnlyBaseline.ps1","content/home-lab/source-attestations/operations-scripts.json","","60ee01c864dcaf6eeb2b41156efdcab23c24cd00cf72af11317e38b2918efc9c","13761","","","scripts","supported-with-limitations","monitoring-logging","monitoring-logging|automation","content/home-lab/monitoring-logging/scripts/operations-scripts/scripts/monitoring/Invoke-HomeLabReadOnlyBaseline.ps1","source-reference-only","home-lab-monitoring-logging-documentation|home-lab-evidence-automation","Operational or original-portfolio source integrity is attested by a reviewed manifest. The artifact remains in its authoritative source repository and is represented here without copying sensitive or duplicative source bytes."
"home-lab-attested-2f25fc32c4895419","fontenotjeremy71-hub/jeremy-homelab-ops","65899f08cb8d19207c5edad7723368ed04f1f1c4","evidence/infrastructure-validation/2026-07-10/01-proxmox/proxmox-https-validation.txt","content/home-lab/source-attestations/operations-infra-proxmox.json","","2b3e2ce187f9599a4b2b3d92b23ea00834121d56efd461e2df66a5d72a5c01ee","731","","","validation","supported-with-limitations","proxmox","proxmox","content/home-lab/proxmox/evidence/validation/operations-infra-proxmox/evidence/infrastructure-validation/2026-07-10/01-proxmox/proxmox-https-validation.txt","source-reference-only","home-lab-proxmox-administration","Operational or original-portfolio source integrity is attested by a reviewed manifest. The artifact remains in its authoritative source repository and is represented here without copying sensitive or duplicative source bytes."
"home-lab-attested-306bc91e374a3cb1","fontenotjeremy71-hub/jeremy-homelab-ops","65899f08cb8d19207c5edad7723368ed04f1f1c4","scripts/active-directory/Invoke-DC01LocalReadOnlyCollection.ps1","content/home-lab/source-attestations/operations-scripts.json","","8b36668dbac021eb3d90169e993b599b2631bc5a57f07de187556f14c87e60d9","8877","","","scripts","supported-with-limitations","active-directory","active-directory|automation","content/home-lab/active-directory/scripts/operations-scripts/scripts/active-directory/Invoke-DC01LocalReadOnlyCollection.ps1","source-reference-only","home-lab-active-directory-administration|home-lab-evidence-automation","Operational or original-portfolio source integrity is attested by a reviewed manifest. The artifact remains in its authoritative source repository and is represented here without copying sensitive or duplicative source bytes."
"home-lab-attested-3272457bf3107984","fontenotjeremy71-hub/jeremy-homelab-ops","65899f08cb8d19207c5edad7723368ed04f1f1c4","evidence/read-only-connectivity-baseline-20260625-185606.md","content/home-lab/source-attestations/operations-evidence-core.json","","51529fee7093a942aeff3c988cdd848c896db4a218576e01b04033702f8437ca","6294","","","configuration","supported-with-limitations","networking","networking","content/home-lab/networking/evidence/configuration/operations-evidence-core/evidence/read-only-connectivity-baseline-20260625-185606.md","source-reference-only","home-lab-networking-validation","Operational or original-portfolio source integrity is attested by a reviewed manifest. The artifact remains in its authoritative source repository and is represented here without copying sensitive or duplicative source bytes."
"home-lab-attested-3413387576fdc7b0","fontenotjeremy71-hub/jeremy-homelab-ops","65899f08cb8d19207c5edad7723368ed04f1f1c4","tests/Test-RepositoryStructure.ps1","content/home-lab/source-attestations/operations-tests.json","","b658e5ec95dcf7005810dd9d7f36576181adbfcf83ed65a89df99158da27dabc","13021","","","scripts","directly-proven","automation","automation","content/home-lab/automation/scripts/operations-tests/tests/Test-RepositoryStructure.ps1","source-reference-only","home-lab-evidence-automation","Operational or original-portfolio source integrity is attested by a reviewed manifest. The artifact remains in its authoritative source repository and is represented here without copying sensitive or duplicative source bytes."
"home-lab-attested-3477256e34d9e7ba","fontenotjeremy71-hub/jeremy-homelab-ops","65899f08cb8d19207c5edad7723368ed04f1f1c4","evidence/infrastructure-validation/2026-07-10/08-restore-validation/proxmox-dc01-isolated-restore-network-validation-2026-07-11.png","content/home-lab/source-attestations/operations-restore-dc01.json","","81043f7d0952022a7ad446d9de3cdd6164efe3275753c98a444716e1cf3a24c0","121095","","","screenshots","supported-with-limitations","backup-recovery","backup-recovery|active-directory|proxmox|networking","content/home-lab/backup-recovery/evidence/screenshots/operations-restore-dc01/evidence/infrastructure-validation/2026-07-10/08-restore-validation/proxmox-dc01-isolated-restore-network-validation-2026-07-11.png","source-reference-only","home-lab-backup-and-isolated-restore|home-lab-active-directory-administration|home-lab-proxmox-administration|home-lab-networking-validation","Operational or original-portfolio source integrity is attested by a reviewed manifest. The artifact remains in its authoritative source repository and is represented here without copying sensitive or duplicative source bytes."
"home-lab-attested-34a4fbb148fe5244","fontenotjeremy71-hub/jeremy-homelab-ops","65899f08cb8d19207c5edad7723368ed04f1f1c4","docs/architecture/home-lab-source-of-truth.md","content/home-lab/source-attestations/operations-docs.json","","56820864106ac7d35d3b20aa6aa26c930750a56214e481d60e827d8d394475e2","4314","","","configuration","documented-only","environment","environment","content/home-lab/environment/evidence/configuration/operations-docs/docs/architecture/home-lab-source-of-truth.md","source-reference-only","home-lab-environment-inventory","Operational or original-portfolio source integrity is attested by a reviewed manifest. The artifact remains in its authoritative source repository and is represented here without copying sensitive or duplicative source bytes."
"home-lab-attested-34c040543ee5eebb","fontenotjeremy71-hub/jeremy-homelab-ops","65899f08cb8d19207c5edad7723368ed04f1f1c4","tests/Test-HomeLabBaselineFramework.ps1","content/home-lab/source-attestations/operations-tests.json","","12cdf3678420f4c7b3eb342a2d5436021cab1d79db3a16a431fca9e5795654c0","5740","","","scripts","directly-proven","automation","automation","content/home-lab/automation/scripts/operations-tests/tests/Test-HomeLabBaselineFramework.ps1","source-reference-only","home-lab-evidence-automation","Operational or original-portfolio source integrity is attested by a reviewed manifest. The artifact remains in its authoritative source repository and is represented here without copying sensitive or duplicative source bytes."
"home-lab-attested-35ce8e9b80b8d6a3","fontenotjeremy71-hub/jeremy-homelab-ops","65899f08cb8d19207c5edad7723368ed04f1f1c4","evidence/infrastructure-validation/2026-07-10/07-backup-inventory/proxmox-vm100-latest-success-log-2026-07-11.png","content/home-lab/source-attestations/operations-infra-backup.json","","0956647a547b39d2efa1ad713514baa84c869d4902c5fcc8fd83e55f690ab053","118262","","","screenshots","supported-with-limitations","backup-recovery","backup-recovery|proxmox|environment","content/home-lab/backup-recovery/evidence/screenshots/operations-infra-backup/evidence/infrastructure-validation/2026-07-10/07-backup-inventory/proxmox-vm100-latest-success-log-2026-07-11.png","source-reference-only","home-lab-backup-and-isolated-restore|home-lab-proxmox-administration|home-lab-environment-inventory","Operational or original-portfolio source integrity is attested by a reviewed manifest. The artifact remains in its authoritative source repository and is represented here without copying sensitive or duplicative source bytes."
"home-lab-attested-36226d7e51d28a97","fontenotjeremy71-hub/jeremy-homelab-ops","65899f08cb8d19207c5edad7723368ed04f1f1c4","evidence/infrastructure-validation/2026-07-10/08-restore-validation/proxmox-pfsense-isolated-restore-error-review-2026-07-12.png","content/home-lab/source-attestations/operations-restore-pfsense.json","","335688f654c41360f7713bb82a2d5d6e319164607e50941bf0f27f4ce0dbbf3b","235519","","","screenshots","supported-with-limitations","backup-recovery","backup-recovery|pfsense|proxmox","content/home-lab/backup-recovery/evidence/screenshots/operations-restore-pfsense/evidence/infrastructure-validation/2026-07-10/08-restore-validation/proxmox-pfsense-isolated-restore-error-review-2026-07-12.png","source-reference-only","home-lab-backup-and-isolated-restore|home-lab-pfsense-administration|home-lab-proxmox-administration","Operational or original-portfolio source integrity is attested by a reviewed manifest. The artifact remains in its authoritative source repository and is represented here without copying sensitive or duplicative source bytes."
"home-lab-attested-3755a8e458339d23","fontenotjeremy71-hub/jeremy-homelab-ops","65899f08cb8d19207c5edad7723368ed04f1f1c4","evidence/core-service-validation-20260626-013203.json","content/home-lab/source-attestations/operations-evidence-core.json","","3b4f0d52359e80c1d0ae1ea1f7dfc0b35f0bcb6c18677701f1f54aa31199b94e","4971","","","validation","directly-proven","environment","environment","content/home-lab/environment/evidence/validation/operations-evidence-core/evidence/core-service-validation-20260626-013203.json","source-reference-only","home-lab-environment-inventory","Operational or original-portfolio source integrity is attested by a reviewed manifest. The artifact remains in its authoritative source repository and is represented here without copying sensitive or duplicative source bytes."
"home-lab-attested-37832d7733c03365","fontenotjeremy71-hub/jeremy-homelab-ops","65899f08cb8d19207c5edad7723368ed04f1f1c4","evidence/infrastructure-validation/2026-07-10/08-restore-validation/proxmox-linux01-isolated-restore-running-2026-07-11.png","content/home-lab/source-attestations/operations-restore-linux01.json","","e2fa9520e5f37da77e90efd2a17a7f4546f0ec9cae6ce5ba0855444e5e768e87","18789","","","screenshots","supported-with-limitations","backup-recovery","backup-recovery|linux|proxmox","content/home-lab/backup-recovery/evidence/screenshots/operations-restore-linux01/evidence/infrastructure-validation/2026-07-10/08-restore-validation/proxmox-linux01-isolated-restore-running-2026-07-11.png","source-reference-only","home-lab-backup-and-isolated-restore|home-lab-linux-administration|home-lab-proxmox-administration","Operational or original-portfolio source integrity is attested by a reviewed manifest. The artifact remains in its authoritative source repository and is represented here without copying sensitive or duplicative source bytes."
"home-lab-attested-37ad9517f514b5fa","fontenotjeremy71-hub/jeremy-homelab-ops","65899f08cb8d19207c5edad7723368ed04f1f1c4","evidence/infrastructure-validation/2026-07-10/03-active-directory/domain-srv-records.txt","content/home-lab/source-attestations/operations-infra-directory.json","","38611682e14eabcddc7369eb792a569dfcfb3d1c0df6625910070e4db22896bd","2213","","","validation","supported-with-limitations","active-directory","active-directory|dns-dhcp","content/home-lab/active-directory/evidence/validation/operations-infra-directory/evidence/infrastructure-validation/2026-07-10/03-active-directory/domain-srv-records.txt","source-reference-only","home-lab-active-directory-administration|home-lab-dns-dhcp-administration","Operational or original-portfolio source integrity is attested by a reviewed manifest. The artifact remains in its authoritative source repository and is represented here without copying sensitive or duplicative source bytes."
"home-lab-attested-37cca8d62d35e07b","fontenotjeremy71-hub/jeremy-homelab-ops","65899f08cb8d19207c5edad7723368ed04f1f1c4","evidence/infrastructure-validation/2026-07-10/09-rto-rpo/rpo-measurements.csv","content/home-lab/source-attestations/operations-infra-results.json","","3ade9249d11e8a4d18ac6a34e2d7c97f5d4d92e912106fafce1b827e29b38450","450","","","validation","directly-proven","environment","environment","content/home-lab/environment/evidence/validation/operations-infra-results/evidence/infrastructure-validation/2026-07-10/09-rto-rpo/rpo-measurements.csv","source-reference-only","home-lab-environment-inventory","Operational or original-portfolio source integrity is attested by a reviewed manifest. The artifact remains in its authoritative source repository and is represented here without copying sensitive or duplicative source bytes."
"home-lab-attested-3819ffb84a8224c2","fontenotjeremy71-hub/jeremy-homelab-ops","65899f08cb8d19207c5edad7723368ed04f1f1c4","evidence/infrastructure-validation/2026-07-10/08-restore-validation/proxmox-isolated-restore-vmid-401-availability-2026-07-11.png","content/home-lab/source-attestations/operations-restore-general.json","","5a4fb68362b4d6bcf7010273fea2d510635567500333530f474734582197ddfb","20540","","","screenshots","supported-with-limitations","backup-recovery","backup-recovery|proxmox","content/home-lab/backup-recovery/evidence/screenshots/operations-restore-general/evidence/infrastructure-validation/2026-07-10/08-restore-validation/proxmox-isolated-restore-vmid-401-availability-2026-07-11.png","source-reference-only","home-lab-backup-and-isolated-restore|home-lab-proxmox-administration","Operational or original-portfolio source integrity is attested by a reviewed manifest. The artifact remains in its authoritative source repository and is represented here without copying sensitive or duplicative source bytes."
"home-lab-attested-38a8b1006879a99a","fontenotjeremy71-hub/jeremy-homelab-ops","65899f08cb8d19207c5edad7723368ed04f1f1c4","evidence/infrastructure-validation/2026-07-10/08-restore-validation/proxmox-dc01-restore-config-metadata-2026-07-11.png","content/home-lab/source-attestations/operations-restore-dc01.json","","92290b86b12cdb76a8ace0ef2e727daa98a00ec68e198fb87cb9c5dfcaf0b202","51201","","","screenshots","supported-with-limitations","backup-recovery","backup-recovery|active-directory|proxmox","content/home-lab/backup-recovery/evidence/screenshots/operations-restore-dc01/evidence/infrastructure-validation/2026-07-10/08-restore-validation/proxmox-dc01-restore-config-metadata-2026-07-11.png","source-reference-only","home-lab-backup-and-isolated-restore|home-lab-active-directory-administration|home-lab-proxmox-administration","Operational or original-portfolio source integrity is attested by a reviewed manifest. The artifact remains in its authoritative source repository and is represented here without copying sensitive or duplicative source bytes."
"home-lab-attested-3991cc01a9535374","fontenotjeremy71-hub/jeremy-homelab-ops","65899f08cb8d19207c5edad7723368ed04f1f1c4","docs/architecture/home-lab-operations-management-architecture.md","content/home-lab/source-attestations/operations-docs.json","","1796f396702d3e40a5f9e986ff732b059feba32b15815f1013e3eedd415bd3be","9824","","","configuration","documented-only","environment","environment","content/home-lab/environment/evidence/configuration/operations-docs/docs/architecture/home-lab-operations-management-architecture.md","source-reference-only","home-lab-environment-inventory","Operational or original-portfolio source integrity is attested by a reviewed manifest. The artifact remains in its authoritative source repository and is represented here without copying sensitive or duplicative source bytes."
"home-lab-attested-3c9eaaec33a3d866","fontenotjeremy71-hub/jeremy-homelab-ops","65899f08cb8d19207c5edad7723368ed04f1f1c4","docs/runbooks/firewall-policy-and-service-connectivity-validation.md","content/home-lab/source-attestations/operations-docs.json","","078499a8c18248ad2a4b88cab4136c8f2168e8b91920b7ab08a56ef9a8a49b2c","6242","","","validation","supported-with-limitations","pfsense","pfsense|networking","content/home-lab/pfsense/evidence/validation/operations-docs/docs/runbooks/firewall-policy-and-service-connectivity-validation.md","source-reference-only","home-lab-pfsense-administration|home-lab-networking-validation","Operational or original-portfolio source integrity is attested by a reviewed manifest. The artifact remains in its authoritative source repository and is represented here without copying sensitive or duplicative source bytes."
"home-lab-attested-3d71cf6e5e6d741f","fontenotjeremy71-hub/jeremy-homelab-ops","65899f08cb8d19207c5edad7723368ed04f1f1c4","scripts/backup/Get-BackupStatus.ps1","content/home-lab/source-attestations/operations-scripts.json","","878f777a0fcf248e37eb9db4a77b2fee6647cd8362b1a49f27a145909d60f7f8","1124","","","scripts","supported-with-limitations","backup-recovery","backup-recovery|automation","content/home-lab/backup-recovery/scripts/operations-scripts/scripts/backup/Get-BackupStatus.ps1","source-reference-only","home-lab-backup-and-isolated-restore|home-lab-evidence-automation","Operational or original-portfolio source integrity is attested by a reviewed manifest. The artifact remains in its authoritative source repository and is represented here without copying sensitive or duplicative source bytes."
"home-lab-attested-3eca833d89b46e78","fontenotjeremy71-hub/jeremy-homelab-ops","65899f08cb8d19207c5edad7723368ed04f1f1c4","evidence/infrastructure-validation/2026-07-10/03-active-directory/ldap-ad-validation.txt","content/home-lab/source-attestations/operations-infra-directory.json","","eca94011c69cccac0d1c1b7f73b177f5330af5051c2682285633a7d8e8386b80","907","","","validation","supported-with-limitations","active-directory","active-directory","content/home-lab/active-directory/evidence/validation/operations-infra-directory/evidence/infrastructure-validation/2026-07-10/03-active-directory/ldap-ad-validation.txt","source-reference-only","home-lab-active-directory-administration","Operational or original-portfolio source integrity is attested by a reviewed manifest. The artifact remains in its authoritative source repository and is represented here without copying sensitive or duplicative source bytes."
"home-lab-attested-3edb89b816f52695","fontenotjeremy71-hub/jeremy-homelab-ops","65899f08cb8d19207c5edad7723368ed04f1f1c4","evidence/infrastructure-validation/2026-07-10/08-restore-validation/proxmox-linux01-isolated-restore-start-2026-07-11.png","content/home-lab/source-attestations/operations-restore-linux01.json","","9a2f27dde6661104d4ee2684c7414447f7995ca10fce682f1a19539d09d00d78","18030","","","screenshots","supported-with-limitations","backup-recovery","backup-recovery|linux|proxmox","content/home-lab/backup-recovery/evidence/screenshots/operations-restore-linux01/evidence/infrastructure-validation/2026-07-10/08-restore-validation/proxmox-linux01-isolated-restore-start-2026-07-11.png","source-reference-only","home-lab-backup-and-isolated-restore|home-lab-linux-administration|home-lab-proxmox-administration","Operational or original-portfolio source integrity is attested by a reviewed manifest. The artifact remains in its authoritative source repository and is represented here without copying sensitive or duplicative source bytes."
"home-lab-attested-3f15252c2d471e66","fontenotjeremy71-hub/jeremy-homelab-ops","65899f08cb8d19207c5edad7723368ed04f1f1c4","evidence/infrastructure-validation/2026-07-10/06-linux01-sssd/linux01-domain-identity-resolution-2026-07-11.png","content/home-lab/source-attestations/operations-infra-linux.json","","fd10fba67334c3464e8690d17943b1fe7bdffded017d9e3bb4fa6475904f94dd","21112","","","screenshots","supported-with-limitations","linux","linux","content/home-lab/linux/evidence/screenshots/operations-infra-linux/evidence/infrastructure-validation/2026-07-10/06-linux01-sssd/linux01-domain-identity-resolution-2026-07-11.png","source-reference-only","home-lab-linux-administration","Operational or original-portfolio source integrity is attested by a reviewed manifest. The artifact remains in its authoritative source repository and is represented here without copying sensitive or duplicative source bytes."
"home-lab-attested-4069085cfbdf7350","fontenotjeremy71-hub/jeremy-homelab-ops","65899f08cb8d19207c5edad7723368ed04f1f1c4","evidence/infrastructure-validation/2026-07-10/08-restore-validation/proxmox-dc01-rerun-dfsr-event-validation-2026-07-11.png","content/home-lab/source-attestations/operations-restore-dc01.json","","15a715276be3d7c29a80ef6355d5815c605450e6d6591fb412f3c353e08dfacf","129707","","","screenshots","supported-with-limitations","backup-recovery","backup-recovery|active-directory|proxmox","content/home-lab/backup-recovery/evidence/screenshots/operations-restore-dc01/evidence/infrastructure-validation/2026-07-10/08-restore-validation/proxmox-dc01-rerun-dfsr-event-validation-2026-07-11.png","source-reference-only","home-lab-backup-and-isolated-restore|home-lab-active-directory-administration|home-lab-proxmox-administration","Operational or original-portfolio source integrity is attested by a reviewed manifest. The artifact remains in its authoritative source repository and is represented here without copying sensitive or duplicative source bytes."
"home-lab-attested-40d34061d76bfb8f","fontenotjeremy71-hub/jeremy-homelab-ops","65899f08cb8d19207c5edad7723368ed04f1f1c4","artifacts/target-local-collection/WS01/README.md","content/home-lab/source-attestations/operations-artifacts.json","","10419c815939368c66fc8912873af73d676619645ae2b088fab3c1f496d26b3c","2154","","","documentation","supported-with-limitations","windows-clients","windows-clients","content/home-lab/windows-clients/documentation/operations-artifacts/artifacts/target-local-collection/WS01/README.md","source-reference-only","home-lab-windows-client-administration","Operational or original-portfolio source integrity is attested by a reviewed manifest. The artifact remains in its authoritative source repository and is represented here without copying sensitive or duplicative source bytes."
"home-lab-attested-421fd48b81caff0b","fontenotjeremy71-hub/jeremy-homelab-ops","65899f08cb8d19207c5edad7723368ed04f1f1c4","evidence/infrastructure-validation/2026-07-10/08-restore-validation/proxmox-isolated-restore-precheck-2026-07-11.png","content/home-lab/source-attestations/operations-restore-general.json","","ab7a1fab1b25d702204445871e87c111cbc3e0f5e4c47c2f55d6e25131ca5dfb","34905","","","screenshots","supported-with-limitations","backup-recovery","backup-recovery|proxmox","content/home-lab/backup-recovery/evidence/screenshots/operations-restore-general/evidence/infrastructure-validation/2026-07-10/08-restore-validation/proxmox-isolated-restore-precheck-2026-07-11.png","source-reference-only","home-lab-backup-and-isolated-restore|home-lab-proxmox-administration","Operational or original-portfolio source integrity is attested by a reviewed manifest. The artifact remains in its authoritative source repository and is represented here without copying sensitive or duplicative source bytes."
"home-lab-attested-42b558e7d3fbfe1a","fontenotjeremy71-hub/jeremy-homelab-ops","65899f08cb8d19207c5edad7723368ed04f1f1c4","evidence/infrastructure-validation/2026-07-10/05-pfsense/pfsense-openvpn-states-2026-07-10.png","content/home-lab/source-attestations/operations-infra-pfsense.json","","7f720c7ca6dc022862a6e23da8b3684b304eaed31256b6365891568facff87fe","111213","","","screenshots","supported-with-limitations","pfsense","pfsense|networking","content/home-lab/pfsense/evidence/screenshots/operations-infra-pfsense/evidence/infrastructure-validation/2026-07-10/05-pfsense/pfsense-openvpn-states-2026-07-10.png","source-reference-only","home-lab-pfsense-administration|home-lab-networking-validation","Operational or original-portfolio source integrity is attested by a reviewed manifest. The artifact remains in its authoritative source repository and is represented here without copying sensitive or duplicative source bytes."
"home-lab-attested-43424e6613c6982e","fontenotjeremy71-hub/jeremy-homelab-ops","65899f08cb8d19207c5edad7723368ed04f1f1c4","docs/change-plans/repository-validation-baseline.md","content/home-lab/source-attestations/operations-docs.json","","a42e484a600804afffd083908dc6a134e8d83ec4035492175e014c4a186a83d1","1755","","","validation","directly-proven","automation","automation","content/home-lab/automation/evidence/validation/operations-docs/docs/change-plans/repository-validation-baseline.md","source-reference-only","home-lab-evidence-automation","Operational or original-portfolio source integrity is attested by a reviewed manifest. The artifact remains in its authoritative source repository and is represented here without copying sensitive or duplicative source bytes."
"home-lab-attested-44a16543c6aa0bbc","fontenotjeremy71-hub/jeremy-homelab-ops","65899f08cb8d19207c5edad7723368ed04f1f1c4","evidence/infrastructure-validation/2026-07-10/08-restore-validation/dc01-restore-log.txt","content/home-lab/source-attestations/operations-restore-dc01.json","","fffe7ea8b245d3a7ebfdf823a2142b0e0f1bb5aff89ff84a5521b2692ef2499e","6281","","","validation","supported-with-limitations","backup-recovery","backup-recovery|active-directory","content/home-lab/backup-recovery/evidence/validation/operations-restore-dc01/evidence/infrastructure-validation/2026-07-10/08-restore-validation/dc01-restore-log.txt","source-reference-only","home-lab-backup-and-isolated-restore|home-lab-active-directory-administration","Operational or original-portfolio source integrity is attested by a reviewed manifest. The artifact remains in its authoritative source repository and is represented here without copying sensitive or duplicative source bytes."
"home-lab-attested-44ae34c653bd6abf","fontenotjeremy71-hub/jeremy-homelab-ops","65899f08cb8d19207c5edad7723368ed04f1f1c4","evidence/read-only-baseline-20260625-201313/connectivity-results-20260625-201313.csv","content/home-lab/source-attestations/operations-evidence-core.json","","80c425dfe5daa1855b3b73f55871ba4970aeebefeb32e30d3f78273d9885c15a","2435","","","validation","supported-with-limitations","networking","networking","content/home-lab/networking/evidence/validation/operations-evidence-core/evidence/read-only-baseline-20260625-201313/connectivity-results-20260625-201313.csv","source-reference-only","home-lab-networking-validation","Operational or original-portfolio source integrity is attested by a reviewed manifest. The artifact remains in its authoritative source repository and is represented here without copying sensitive or duplicative source bytes."
"home-lab-attested-46abbdd431967b9d","fontenotjeremy71-hub/jeremy-homelab-ops","65899f08cb8d19207c5edad7723368ed04f1f1c4","evidence/infrastructure-validation/2026-07-10/08-restore-validation/restore-safety-checklist.md","content/home-lab/source-attestations/operations-restore-general.json","","1f0622097ed84e0379b71358d328653b8925499353c812c84b807dd119465088","2946","","","validation","supported-with-limitations","backup-recovery","backup-recovery","content/home-lab/backup-recovery/evidence/validation/operations-restore-general/evidence/infrastructure-validation/2026-07-10/08-restore-validation/restore-safety-checklist.md","source-reference-only","home-lab-backup-and-isolated-restore","Operational or original-portfolio source integrity is attested by a reviewed manifest. The artifact remains in its authoritative source repository and is represented here without copying sensitive or duplicative source bytes."
"home-lab-attested-46dbc160858fc5c2","fontenotjeremy71-hub/jeremy-homelab-ops","65899f08cb8d19207c5edad7723368ed04f1f1c4","evidence/infrastructure-validation/2026-07-10/08-restore-validation/proxmox-snapshot-inventory.txt","content/home-lab/source-attestations/operations-restore-general.json","","e91160ec3b7daffe1e0f2e8cc6c6d71b3e443042a6813fb9cfdd06d4b22685b8","799","","","validation","supported-with-limitations","backup-recovery","backup-recovery|proxmox|environment","content/home-lab/backup-recovery/evidence/validation/operations-restore-general/evidence/infrastructure-validation/2026-07-10/08-restore-validation/proxmox-snapshot-inventory.txt","source-reference-only","home-lab-backup-and-isolated-restore|home-lab-proxmox-administration|home-lab-environment-inventory","Operational or original-portfolio source integrity is attested by a reviewed manifest. The artifact remains in its authoritative source repository and is represented here without copying sensitive or duplicative source bytes."
"home-lab-attested-4701f1b9d187e6fd","fontenotjeremy71-hub/jeremy-homelab-ops","65899f08cb8d19207c5edad7723368ed04f1f1c4","evidence/infrastructure-validation/2026-07-10/08-restore-validation/proxmox-ws01-isolated-restore-safety-verification-2026-07-11.png","content/home-lab/source-attestations/operations-restore-ws01.json","","3ec8f6f07ec79a7ee23c2b9aa8aceb06c341c1fd1507c2e3a8231d713e806dcf","315801","","","screenshots","supported-with-limitations","backup-recovery","backup-recovery|windows-clients|proxmox","content/home-lab/backup-recovery/evidence/screenshots/operations-restore-ws01/evidence/infrastructure-validation/2026-07-10/08-restore-validation/proxmox-ws01-isolated-restore-safety-verification-2026-07-11.png","source-reference-only","home-lab-backup-and-isolated-restore|home-lab-windows-client-administration|home-lab-proxmox-administration","Operational or original-portfolio source integrity is attested by a reviewed manifest. The artifact remains in its authoritative source repository and is represented here without copying sensitive or duplicative source bytes."
"home-lab-attested-4835e41dfbfdec92","fontenotjeremy71-hub/jeremy-homelab-ops","65899f08cb8d19207c5edad7723368ed04f1f1c4","evidence/infrastructure-validation/2026-07-10/01-proxmox/backup-job-config.txt","content/home-lab/source-attestations/operations-infra-proxmox.json","","5ef61c9482eea939ce830c7dedbe6b81db9b48d29ce6621254dafd4eb64c9f6b","782","","","validation","supported-with-limitations","backup-recovery","backup-recovery|proxmox","content/home-lab/backup-recovery/evidence/validation/operations-infra-proxmox/evidence/infrastructure-validation/2026-07-10/01-proxmox/backup-job-config.txt","source-reference-only","home-lab-backup-and-isolated-restore|home-lab-proxmox-administration","Operational or original-portfolio source integrity is attested by a reviewed manifest. The artifact remains in its authoritative source repository and is represented here without copying sensitive or duplicative source bytes."
"home-lab-attested-488a05d65048faf2","fontenotjeremy71-hub/jeremy-homelab-ops","65899f08cb8d19207c5edad7723368ed04f1f1c4","evidence/infrastructure-validation/2026-07-10/08-restore-validation/proxmox-ws01-isolated-restore-failed-cleanup-2026-07-11.png","content/home-lab/source-attestations/operations-restore-ws01.json","","905a1708d34dd042adedc046c5a5a31fcb91a2009ad93e0e8c37d563222b84ac","312832","","","screenshots","supported-with-limitations","backup-recovery","backup-recovery|windows-clients|proxmox","content/home-lab/backup-recovery/evidence/screenshots/operations-restore-ws01/evidence/infrastructure-validation/2026-07-10/08-restore-validation/proxmox-ws01-isolated-restore-failed-cleanup-2026-07-11.png","source-reference-only","home-lab-backup-and-isolated-restore|home-lab-windows-client-administration|home-lab-proxmox-administration","Operational or original-portfolio source integrity is attested by a reviewed manifest. The artifact remains in its authoritative source repository and is represented here without copying sensitive or duplicative source bytes."
"home-lab-attested-4a2cbcc4a1042251","fontenotjeremy71-hub/jeremy-homelab-ops","65899f08cb8d19207c5edad7723368ed04f1f1c4","evidence/infrastructure-validation/2026-07-10/00-session-metadata/git-baseline.txt","content/home-lab/source-attestations/operations-infra-session.json","","463c56ddf87f590c8a31c127169ea52ae7affb9432be707ab728069a6f456188","841","","","validation","directly-proven","environment","environment","content/home-lab/environment/evidence/validation/operations-infra-session/evidence/infrastructure-validation/2026-07-10/00-session-metadata/git-baseline.txt","source-reference-only","home-lab-environment-inventory","Operational or original-portfolio source integrity is attested by a reviewed manifest. The artifact remains in its authoritative source repository and is represented here without copying sensitive or duplicative source bytes."
"home-lab-attested-4aa4af348244c9b2","fontenotjeremy71-hub/jeremy-homelab-ops","65899f08cb8d19207c5edad7723368ed04f1f1c4","evidence/infrastructure-validation/2026-07-10/08-restore-validation/proxmox-ws01-isolated-restore-start-2026-07-11.png","content/home-lab/source-attestations/operations-restore-ws01.json","","cd8cd067ec671bd57781c2dcda39f9007fc92718f1d5e0b2fbf6220e44734bf4","283062","","","screenshots","supported-with-limitations","backup-recovery","backup-recovery|windows-clients|proxmox","content/home-lab/backup-recovery/evidence/screenshots/operations-restore-ws01/evidence/infrastructure-validation/2026-07-10/08-restore-validation/proxmox-ws01-isolated-restore-start-2026-07-11.png","source-reference-only","home-lab-backup-and-isolated-restore|home-lab-windows-client-administration|home-lab-proxmox-administration","Operational or original-portfolio source integrity is attested by a reviewed manifest. The artifact remains in its authoritative source repository and is represented here without copying sensitive or duplicative source bytes."
"home-lab-attested-4cf20a8eb9127d3b","fontenotjeremy71-hub/jeremy-homelab-ops","65899f08cb8d19207c5edad7723368ed04f1f1c4","evidence/infrastructure-validation/2026-07-10/08-restore-validation/proxmox-dc01-isolated-restore-os-validation-2026-07-11.png","content/home-lab/source-attestations/operations-restore-dc01.json","","7f4e07048ae31f0dead8f128c63512d4c6e58997348f07e47e28d39836fd6425","123686","","","screenshots","supported-with-limitations","backup-recovery","backup-recovery|active-directory|proxmox","content/home-lab/backup-recovery/evidence/screenshots/operations-restore-dc01/evidence/infrastructure-validation/2026-07-10/08-restore-validation/proxmox-dc01-isolated-restore-os-validation-2026-07-11.png","source-reference-only","home-lab-backup-and-isolated-restore|home-lab-active-directory-administration|home-lab-proxmox-administration","Operational or original-portfolio source integrity is attested by a reviewed manifest. The artifact remains in its authoritative source repository and is represented here without copying sensitive or duplicative source bytes."
"home-lab-attested-4d015ea153796f5c","fontenotjeremy71-hub/jeremy-homelab-ops","65899f08cb8d19207c5edad7723368ed04f1f1c4","evidence/infrastructure-validation/2026-07-10/08-restore-validation/restore-capacity-check.txt","content/home-lab/source-attestations/operations-restore-general.json","","6b6e8742716c06bcdcfc57018d147a9271b9d2c19aebc756f9b01825047554c5","136","","","validation","supported-with-limitations","backup-recovery","backup-recovery","content/home-lab/backup-recovery/evidence/validation/operations-restore-general/evidence/infrastructure-validation/2026-07-10/08-restore-validation/restore-capacity-check.txt","source-reference-only","home-lab-backup-and-isolated-restore","Operational or original-portfolio source integrity is attested by a reviewed manifest. The artifact remains in its authoritative source repository and is represented here without copying sensitive or duplicative source bytes."
"home-lab-attested-4e34efad9a949e96","fontenotjeremy71-hub/jeremy-homelab-ops","65899f08cb8d19207c5edad7723368ed04f1f1c4","evidence/read-only-baseline-20260625-201313/connectivity-results-20260625-201313.md","content/home-lab/source-attestations/operations-evidence-core.json","","cb8d96ef696f49ff7c411ecd24b1b16945159de21799415d53306e16ca2a3a78","2196","","","validation","supported-with-limitations","networking","networking","content/home-lab/networking/evidence/validation/operations-evidence-core/evidence/read-only-baseline-20260625-201313/connectivity-results-20260625-201313.md","source-reference-only","home-lab-networking-validation","Operational or original-portfolio source integrity is attested by a reviewed manifest. The artifact remains in its authoritative source repository and is represented here without copying sensitive or duplicative source bytes."
"home-lab-attested-4e7230451cba3697","fontenotjeremy71-hub/jeremy-homelab-ops","65899f08cb8d19207c5edad7723368ed04f1f1c4","evidence/infrastructure-validation/2026-07-10/08-restore-validation/proxmox-pfsense-isolated-restore-interface-validation-2026-07-12.png","content/home-lab/source-attestations/operations-restore-pfsense.json","","6d3a9bd78afe3f1adfe027d689d60bee42ad17a67c2421f36f9511dd72ab7fd3","213576","","","screenshots","supported-with-limitations","backup-recovery","backup-recovery|pfsense|proxmox","content/home-lab/backup-recovery/evidence/screenshots/operations-restore-pfsense/evidence/infrastructure-validation/2026-07-10/08-restore-validation/proxmox-pfsense-isolated-restore-interface-validation-2026-07-12.png","source-reference-only","home-lab-backup-and-isolated-restore|home-lab-pfsense-administration|home-lab-proxmox-administration","Operational or original-portfolio source integrity is attested by a reviewed manifest. The artifact remains in its authoritative source repository and is represented here without copying sensitive or duplicative source bytes."
"home-lab-attested-4ed8f38b31381847","fontenotjeremy71-hub/jeremy-homelab-ops","65899f08cb8d19207c5edad7723368ed04f1f1c4","docs/recovery/backup-and-restore-validation.md","content/home-lab/source-attestations/operations-docs.json","","cc8ded8bcfdb6213091333333852d8de27113b3988c34397068fb74206b1cc01","2409","","","validation","supported-with-limitations","backup-recovery","backup-recovery","content/home-lab/backup-recovery/evidence/validation/operations-docs/docs/recovery/backup-and-restore-validation.md","source-reference-only","home-lab-backup-and-isolated-restore","Operational or original-portfolio source integrity is attested by a reviewed manifest. The artifact remains in its authoritative source repository and is represented here without copying sensitive or duplicative source bytes."
"home-lab-attested-502d161b8b8fffc5","fontenotjeremy71-hub/jeremy-homelab-ops","65899f08cb8d19207c5edad7723368ed04f1f1c4","evidence/infrastructure-validation/2026-07-10/08-restore-validation/proxmox-linux01-restored-network-isolation-command-2026-07-11.png","content/home-lab/source-attestations/operations-restore-linux01.json","","71affbe59c08ee9ebe2a659ece2c3bfc43bfab8615ca4c397735bf78fed5948a","22243","","","screenshots","supported-with-limitations","backup-recovery","backup-recovery|linux|proxmox|networking|security","content/home-lab/backup-recovery/evidence/screenshots/operations-restore-linux01/evidence/infrastructure-validation/2026-07-10/08-restore-validation/proxmox-linux01-restored-network-isolation-command-2026-07-11.png","source-reference-only","home-lab-backup-and-isolated-restore|home-lab-linux-administration|home-lab-proxmox-administration|home-lab-networking-validation|home-lab-security-conscious-operations","Operational or original-portfolio source integrity is attested by a reviewed manifest. The artifact remains in its authoritative source repository and is represented here without copying sensitive or duplicative source bytes."
"home-lab-attested-5038dc13849a139b","fontenotjeremy71-hub/jeremy-homelab-ops","65899f08cb8d19207c5edad7723368ed04f1f1c4","evidence/infrastructure-validation/2026-07-10/08-restore-validation/proxmox-dc01-rerun-rootdse-validation-2026-07-11.png","content/home-lab/source-attestations/operations-restore-dc01.json","","66e4aa3e6d76b83faa854aded3a4720a7bb6fc88f44af5e3bf2b7e5ca31b1f38","137548","","","screenshots","supported-with-limitations","backup-recovery","backup-recovery|active-directory|proxmox","content/home-lab/backup-recovery/evidence/screenshots/operations-restore-dc01/evidence/infrastructure-validation/2026-07-10/08-restore-validation/proxmox-dc01-rerun-rootdse-validation-2026-07-11.png","source-reference-only","home-lab-backup-and-isolated-restore|home-lab-active-directory-administration|home-lab-proxmox-administration","Operational or original-portfolio source integrity is attested by a reviewed manifest. The artifact remains in its authoritative source repository and is represented here without copying sensitive or duplicative source bytes."
"home-lab-attested-5095fd775170931f","fontenotjeremy71-hub/jeremy-homelab-ops","65899f08cb8d19207c5edad7723368ed04f1f1c4","evidence/infrastructure-validation/2026-07-10/08-restore-validation/proxmox-ws01-isolated-restore-final-cleanup-verification-2026-07-11.png","content/home-lab/source-attestations/operations-restore-ws01.json","","9fce134883b7f85359d7ab2250bb503f6e582761f09ba5b324ad8bb14b4fc3a0","313423","","","screenshots","supported-with-limitations","backup-recovery","backup-recovery|windows-clients|proxmox","content/home-lab/backup-recovery/evidence/screenshots/operations-restore-ws01/evidence/infrastructure-validation/2026-07-10/08-restore-validation/proxmox-ws01-isolated-restore-final-cleanup-verification-2026-07-11.png","source-reference-only","home-lab-backup-and-isolated-restore|home-lab-windows-client-administration|home-lab-proxmox-administration","Operational or original-portfolio source integrity is attested by a reviewed manifest. The artifact remains in its authoritative source repository and is represented here without copying sensitive or duplicative source bytes."
"home-lab-attested-52451792ecffaa5d","fontenotjeremy71-hub/jeremy-homelab-ops","65899f08cb8d19207c5edad7723368ed04f1f1c4","inventories/dc01-inventory-20260626-022543.json","content/home-lab/source-attestations/operations-inventories.json","","40fab637201304cd0cbbccca764825abc3e31fbb6dd8b949deb56609ae542d5e","65954","","","inventories","supported-with-limitations","active-directory","active-directory|environment","content/home-lab/active-directory/evidence/inventories/operations-inventories/inventories/dc01-inventory-20260626-022543.json","source-reference-only","home-lab-active-directory-administration|home-lab-environment-inventory","Operational or original-portfolio source integrity is attested by a reviewed manifest. The artifact remains in its authoritative source repository and is represented here without copying sensitive or duplicative source bytes."
"home-lab-attested-5324b1ce5241779f","fontenotjeremy71-hub/jeremy-homelab-ops","65899f08cb8d19207c5edad7723368ed04f1f1c4","evidence/framework-validation/validation/connectivity-results-validation.csv","content/home-lab/source-attestations/operations-evidence-core.json","","6cc2f4cab31060f1cc01729d3f424fc68aeb7b86ae05311652d89cc7c671ec55","367","","","validation","supported-with-limitations","networking","networking|automation","content/home-lab/networking/evidence/validation/operations-evidence-core/evidence/framework-validation/validation/connectivity-results-validation.csv","source-reference-only","home-lab-networking-validation|home-lab-evidence-automation","Operational or original-portfolio source integrity is attested by a reviewed manifest. The artifact remains in its authoritative source repository and is represented here without copying sensitive or duplicative source bytes."
"home-lab-attested-542446eaf4e96760","fontenotjeremy71-hub/jeremy-homelab-ops","65899f08cb8d19207c5edad7723368ed04f1f1c4","evidence/infrastructure-validation/2026-07-10/07-backup-inventory/proxmox-vm400-latest-success-log-2026-07-11.png","content/home-lab/source-attestations/operations-infra-backup.json","","c6302537b0dfd7c4627388fdc45488c236f21bb040e8240703f48ad26946d191","109050","","","screenshots","supported-with-limitations","backup-recovery","backup-recovery|proxmox|environment","content/home-lab/backup-recovery/evidence/screenshots/operations-infra-backup/evidence/infrastructure-validation/2026-07-10/07-backup-inventory/proxmox-vm400-latest-success-log-2026-07-11.png","source-reference-only","home-lab-backup-and-isolated-restore|home-lab-proxmox-administration|home-lab-environment-inventory","Operational or original-portfolio source integrity is attested by a reviewed manifest. The artifact remains in its authoritative source repository and is represented here without copying sensitive or duplicative source bytes."
"home-lab-attested-556f71f4717103b7","fontenotjeremy71-hub/jeremy-homelab-ops","65899f08cb8d19207c5edad7723368ed04f1f1c4","evidence/infrastructure-validation/2026-07-10/04-remote-management/rsat-capabilities.txt","content/home-lab/source-attestations/operations-infra-management.json","","d771dd5a43dc4f7ebd7b2b8d3bb4fbe841501169afd145f10616d243c9ec7430","576","","","validation","supported-with-limitations","windows-server","windows-server","content/home-lab/windows-server/evidence/validation/operations-infra-management/evidence/infrastructure-validation/2026-07-10/04-remote-management/rsat-capabilities.txt","source-reference-only","home-lab-windows-server-administration","Operational or original-portfolio source integrity is attested by a reviewed manifest. The artifact remains in its authoritative source repository and is represented here without copying sensitive or duplicative source bytes."
"home-lab-attested-56cb5d2c874f8a23","fontenotjeremy71-hub/jeremy-homelab-ops","65899f08cb8d19207c5edad7723368ed04f1f1c4","evidence/pfsense-https-reachability-validation-20260706-174158.md","content/home-lab/source-attestations/operations-evidence-core.json","","0537051c29b683028e88d617bac610a19ecea9e8bd9d6404e817d1aff02f91c7","985","","","validation","supported-with-limitations","pfsense","pfsense","content/home-lab/pfsense/evidence/validation/operations-evidence-core/evidence/pfsense-https-reachability-validation-20260706-174158.md","source-reference-only","home-lab-pfsense-administration","Operational or original-portfolio source integrity is attested by a reviewed manifest. The artifact remains in its authoritative source repository and is represented here without copying sensitive or duplicative source bytes."
"home-lab-attested-57a23348be983427","fontenotjeremy71-hub/jeremy-homelab-ops","65899f08cb8d19207c5edad7723368ed04f1f1c4","evidence/infrastructure-validation/2026-07-10/08-restore-validation/proxmox-pfsense-isolated-restore-running-2026-07-12.png","content/home-lab/source-attestations/operations-restore-pfsense.json","","e1447d889c2ce95330cad0b32c3abd944a5b50b6b4fe973f7b7a4a17127b96a8","179329","","","screenshots","supported-with-limitations","backup-recovery","backup-recovery|pfsense|proxmox","content/home-lab/backup-recovery/evidence/screenshots/operations-restore-pfsense/evidence/infrastructure-validation/2026-07-10/08-restore-validation/proxmox-pfsense-isolated-restore-running-2026-07-12.png","source-reference-only","home-lab-backup-and-isolated-restore|home-lab-pfsense-administration|home-lab-proxmox-administration","Operational or original-portfolio source integrity is attested by a reviewed manifest. The artifact remains in its authoritative source repository and is represented here without copying sensitive or duplicative source bytes."
"home-lab-attested-58c17bf7d36ea3a2","fontenotjeremy71-hub/jeremy-homelab-ops","65899f08cb8d19207c5edad7723368ed04f1f1c4","evidence/infrastructure-validation/2026-07-10/01-proxmox/proxmox-node-health.txt","content/home-lab/source-attestations/operations-infra-proxmox.json","","80aa127ee6553c670d69d7785a9450a06701f8eabc2a4dee6445755f2cda8153","969","","","validation","supported-with-limitations","proxmox","proxmox","content/home-lab/proxmox/evidence/validation/operations-infra-proxmox/evidence/infrastructure-validation/2026-07-10/01-proxmox/proxmox-node-health.txt","source-reference-only","home-lab-proxmox-administration","Operational or original-portfolio source integrity is attested by a reviewed manifest. The artifact remains in its authoritative source repository and is represented here without copying sensitive or duplicative source bytes."
"home-lab-attested-5936f6a5533d7633","fontenotjeremy71-hub/jeremy-homelab-ops","65899f08cb8d19207c5edad7723368ed04f1f1c4","evidence/infrastructure-validation/2026-07-10/04-remote-management/winrm-validation.txt","content/home-lab/source-attestations/operations-infra-management.json","","29763cefdd2d413fb8d4912473ee450ae023492a92e7af3a82aaf0a34819334d","992","","","validation","supported-with-limitations","windows-server","windows-server","content/home-lab/windows-server/evidence/validation/operations-infra-management/evidence/infrastructure-validation/2026-07-10/04-remote-management/winrm-validation.txt","source-reference-only","home-lab-windows-server-administration","Operational or original-portfolio source integrity is attested by a reviewed manifest. The artifact remains in its authoritative source repository and is represented here without copying sensitive or duplicative source bytes."
"home-lab-attested-59b7c61067225662","fontenotjeremy71-hub/jeremy-homelab-ops","65899f08cb8d19207c5edad7723368ed04f1f1c4","inventories/linux01-inventory-20260626-020257.json","content/home-lab/source-attestations/operations-inventories.json","","63600b66b9bf395902c67a87f46d836d2ba6cfb8544bf9171bdb209ecf1effcd","8327","","","inventories","supported-with-limitations","linux","linux|environment","content/home-lab/linux/evidence/inventories/operations-inventories/inventories/linux01-inventory-20260626-020257.json","source-reference-only","home-lab-linux-administration|home-lab-environment-inventory","Operational or original-portfolio source integrity is attested by a reviewed manifest. The artifact remains in its authoritative source repository and is represented here without copying sensitive or duplicative source bytes."
"home-lab-attested-5a67992442105c0e","fontenotjeremy71-hub/jeremy-homelab-ops","65899f08cb8d19207c5edad7723368ed04f1f1c4","evidence/infrastructure-validation/2026-07-10/08-restore-validation/restore-plan.md","content/home-lab/source-attestations/operations-restore-general.json","","4d3e1588365085ad20c52e8b45362aa57485da02b52321c598fb1b9a58910381","1663","","","validation","supported-with-limitations","backup-recovery","backup-recovery","content/home-lab/backup-recovery/evidence/validation/operations-restore-general/evidence/infrastructure-validation/2026-07-10/08-restore-validation/restore-plan.md","source-reference-only","home-lab-backup-and-isolated-restore","Operational or original-portfolio source integrity is attested by a reviewed manifest. The artifact remains in its authoritative source repository and is represented here without copying sensitive or duplicative source bytes."
"home-lab-attested-5cc6d32cfbe78475","fontenotjeremy71-hub/jeremy-homelab-ops","65899f08cb8d19207c5edad7723368ed04f1f1c4","evidence/infrastructure-validation/2026-07-10/08-restore-validation/proxmox-ws01-network-isolation-command-2026-07-11.png","content/home-lab/source-attestations/operations-restore-ws01.json","","ddb690c2ab6cf9db971f7a263d4abfb42c293af32ef85e80a8c985eaf438120f","320278","","","screenshots","supported-with-limitations","backup-recovery","backup-recovery|windows-clients|proxmox|networking|security","content/home-lab/backup-recovery/evidence/screenshots/operations-restore-ws01/evidence/infrastructure-validation/2026-07-10/08-restore-validation/proxmox-ws01-network-isolation-command-2026-07-11.png","source-reference-only","home-lab-backup-and-isolated-restore|home-lab-windows-client-administration|home-lab-proxmox-administration|home-lab-networking-validation|home-lab-security-conscious-operations","Operational or original-portfolio source integrity is attested by a reviewed manifest. The artifact remains in its authoritative source repository and is represented here without copying sensitive or duplicative source bytes."
"home-lab-attested-5f10bad627ff8d3a","fontenotjeremy71-hub/jeremy-homelab-ops","65899f08cb8d19207c5edad7723368ed04f1f1c4","artifacts/target-local-collection/DC01/README.md","content/home-lab/source-attestations/operations-artifacts.json","","b6c4afccd55bcd6e0a4adc0889d31d25dbf1c821bd6747963b88314af8ac0b53","2031","","","documentation","supported-with-limitations","active-directory","active-directory","content/home-lab/active-directory/documentation/operations-artifacts/artifacts/target-local-collection/DC01/README.md","source-reference-only","home-lab-active-directory-administration","Operational or original-portfolio source integrity is attested by a reviewed manifest. The artifact remains in its authoritative source repository and is represented here without copying sensitive or duplicative source bytes."
"home-lab-attested-5f4bbd0a44cb0f0b","fontenotjeremy71-hub/jeremy-homelab-ops","65899f08cb8d19207c5edad7723368ed04f1f1c4","evidence/infrastructure-validation/2026-07-10/08-restore-validation/proxmox-linux01-isolated-restore-safety-verification-2026-07-11.png","content/home-lab/source-attestations/operations-restore-linux01.json","","ea4b120f75f6c72829be5f114505084ba66547fcf78fe348a4feafa72cac44c5","26008","","","screenshots","supported-with-limitations","backup-recovery","backup-recovery|linux|proxmox","content/home-lab/backup-recovery/evidence/screenshots/operations-restore-linux01/evidence/infrastructure-validation/2026-07-10/08-restore-validation/proxmox-linux01-isolated-restore-safety-verification-2026-07-11.png","source-reference-only","home-lab-backup-and-isolated-restore|home-lab-linux-administration|home-lab-proxmox-administration","Operational or original-portfolio source integrity is attested by a reviewed manifest. The artifact remains in its authoritative source repository and is represented here without copying sensitive or duplicative source bytes."
"home-lab-attested-5f55d116009e9149","fontenotjeremy71-hub/jeremy-homelab-ops","65899f08cb8d19207c5edad7723368ed04f1f1c4","README.md","content/home-lab/source-attestations/operations-readme.json","","1116147a3d59a674269eaea2f14970bfc3b7d4573e22b94e591a7c9174ed93d7","6295","","","documentation","directly-proven","environment","environment","content/home-lab/environment/documentation/operations-readme/README.md","source-reference-only","home-lab-environment-inventory","Operational or original-portfolio source integrity is attested by a reviewed manifest. The artifact remains in its authoritative source repository and is represented here without copying sensitive or duplicative source bytes."
"home-lab-attested-5f80ecaf210d5f96","fontenotjeremy71-hub/jeremy-homelab-ops","65899f08cb8d19207c5edad7723368ed04f1f1c4","evidence/infrastructure-validation/2026-07-10/04-remote-management/vpn-configuration-summary.txt","content/home-lab/source-attestations/operations-infra-management.json","","09005b246303b61f5f185ad4e0210a0f6233bed354358ea3421112de48947ec3","54169","","","validation","supported-with-limitations","networking","networking","content/home-lab/networking/evidence/validation/operations-infra-management/evidence/infrastructure-validation/2026-07-10/04-remote-management/vpn-configuration-summary.txt","source-reference-only","home-lab-networking-validation","Operational or original-portfolio source integrity is attested by a reviewed manifest. The artifact remains in its authoritative source repository and is represented here without copying sensitive or duplicative source bytes."
"home-lab-attested-607933c1157385df","jeremyfontenot/JeremyFontenot.github.io","5581bd7bf9c61ff77000ac04aa39fcbb04ed004f","network-segmentation.html","content/home-lab/source-attestations/original-portfolio-source-only.json","network-segmentation.html","6639609f1c3e8d66c5db3dadaa1bcb5eaa9a37568c42c97637c81cfc959284b5","1793","1ed81b0fbc31f317d9d6b7892ce49ba8ed9589c3fb8141cc28dedac0e1512c3b","3266","documentation","supported-with-limitations","networking","networking","content/home-lab/networking/documentation/original-portfolio-source-only/network-segmentation.html","sanitized-derivative","home-lab-networking-validation","Original source integrity is attested by the reviewed source manifest. The linked public page is a presentation derivative retained for route compatibility and is not described as byte-preserved."
"home-lab-attested-609a577a71b20686","fontenotjeremy71-hub/jeremy-homelab-ops","65899f08cb8d19207c5edad7723368ed04f1f1c4","evidence/infrastructure-validation/2026-07-10/08-restore-validation/proxmox-linux01-isolated-restore-complete-2026-07-11.png","content/home-lab/source-attestations/operations-restore-linux01.json","","6575d5c7a5029c6105e207914549e6681506168e54a87f016dbe36cb9b67e43a","291333","","","screenshots","supported-with-limitations","backup-recovery","backup-recovery|linux|proxmox","content/home-lab/backup-recovery/evidence/screenshots/operations-restore-linux01/evidence/infrastructure-validation/2026-07-10/08-restore-validation/proxmox-linux01-isolated-restore-complete-2026-07-11.png","source-reference-only","home-lab-backup-and-isolated-restore|home-lab-linux-administration|home-lab-proxmox-administration","Operational or original-portfolio source integrity is attested by a reviewed manifest. The artifact remains in its authoritative source repository and is represented here without copying sensitive or duplicative source bytes."
"home-lab-attested-617b3b8b502c4d0f","fontenotjeremy71-hub/jeremy-homelab-ops","65899f08cb8d19207c5edad7723368ed04f1f1c4","scripts/pfsense/Get-PfSenseReadOnlyInventory.ps1","content/home-lab/source-attestations/operations-scripts.json","","0a4c163ebfe1f30c0d7fa15eab6bfad064e27d20da4c890059167600f6ca799b","1746","","","scripts","supported-with-limitations","pfsense","pfsense|automation|environment","content/home-lab/pfsense/scripts/operations-scripts/scripts/pfsense/Get-PfSenseReadOnlyInventory.ps1","source-reference-only","home-lab-pfsense-administration|home-lab-evidence-automation|home-lab-environment-inventory","Operational or original-portfolio source integrity is attested by a reviewed manifest. The artifact remains in its authoritative source repository and is represented here without copying sensitive or duplicative source bytes."
"home-lab-attested-6290071eb680aede","fontenotjeremy71-hub/jeremy-homelab-ops","65899f08cb8d19207c5edad7723368ed04f1f1c4","evidence/infrastructure-validation/2026-07-10/07-backup-inventory/proxmox-backup-failure-2026-07-05.png","content/home-lab/source-attestations/operations-infra-backup.json","","8f838ffc53f3d4a4cbc125b7f2736f68b945e4e7ec843f1bda0a8c10a1856002","181006","","","screenshots","supported-with-limitations","backup-recovery","backup-recovery|proxmox|environment","content/home-lab/backup-recovery/evidence/screenshots/operations-infra-backup/evidence/infrastructure-validation/2026-07-10/07-backup-inventory/proxmox-backup-failure-2026-07-05.png","source-reference-only","home-lab-backup-and-isolated-restore|home-lab-proxmox-administration|home-lab-environment-inventory","Operational or original-portfolio source integrity is attested by a reviewed manifest. The artifact remains in its authoritative source repository and is represented here without copying sensitive or duplicative source bytes."
"home-lab-attested-6391d828c24d5bed","fontenotjeremy71-hub/jeremy-homelab-ops","65899f08cb8d19207c5edad7723368ed04f1f1c4","evidence/infrastructure-validation/2026-07-10/11-results/evidence-manifest.md","content/home-lab/source-attestations/operations-infra-results.json","","089360b0b641f7e053811bcbd0be34a0529bde6cf2351c7099e4855536c33465","53062","","","manifests","directly-proven","environment","environment","content/home-lab/environment/evidence/manifests/operations-infra-results/evidence/infrastructure-validation/2026-07-10/11-results/evidence-manifest.md","source-reference-only","home-lab-environment-inventory","Operational or original-portfolio source integrity is attested by a reviewed manifest. The artifact remains in its authoritative source repository and is represented here without copying sensitive or duplicative source bytes."
"home-lab-attested-63b1869b94a0c355","fontenotjeremy71-hub/jeremy-homelab-ops","65899f08cb8d19207c5edad7723368ed04f1f1c4","inventories/guest-hypervisor-state-comparison-20260626-020452.json","content/home-lab/source-attestations/operations-inventories.json","","0c24b31b525e2e2efab204b394d14218487fc83ea768c5ad354e8a2baacc36ce","11114","","","exports","directly-proven","environment","environment","content/home-lab/environment/evidence/exports/operations-inventories/inventories/guest-hypervisor-state-comparison-20260626-020452.json","source-reference-only","home-lab-environment-inventory","Operational or original-portfolio source integrity is attested by a reviewed manifest. The artifact remains in its authoritative source repository and is represented here without copying sensitive or duplicative source bytes."
"home-lab-attested-65015d195af9d9bc","fontenotjeremy71-hub/jeremy-homelab-ops","65899f08cb8d19207c5edad7723368ed04f1f1c4","docs/runbooks/read-only-inventory.md","content/home-lab/source-attestations/operations-docs.json","","262a0f007784a449a4a3ee50f075f28f46306951476108d6a70ce73f6a9e107d","3825","","","inventories","directly-proven","environment","environment","content/home-lab/environment/evidence/inventories/operations-docs/docs/runbooks/read-only-inventory.md","source-reference-only","home-lab-environment-inventory","Operational or original-portfolio source integrity is attested by a reviewed manifest. The artifact remains in its authoritative source repository and is represented here without copying sensitive or duplicative source bytes."
"home-lab-attested-65443c6e7e3284f4","fontenotjeremy71-hub/jeremy-homelab-ops","65899f08cb8d19207c5edad7723368ed04f1f1c4","evidence/infrastructure-validation/2026-07-10/01-proxmox/proxmox-version.txt","content/home-lab/source-attestations/operations-infra-proxmox.json","","6b77aaf4a5287d05972ef2fe67fb9786010cdaaf073371cce01c3c75e89e114f","630","","","validation","supported-with-limitations","proxmox","proxmox","content/home-lab/proxmox/evidence/validation/operations-infra-proxmox/evidence/infrastructure-validation/2026-07-10/01-proxmox/proxmox-version.txt","source-reference-only","home-lab-proxmox-administration","Operational or original-portfolio source integrity is attested by a reviewed manifest. The artifact remains in its authoritative source repository and is represented here without copying sensitive or duplicative source bytes."
"home-lab-attested-662b71f31e701804","fontenotjeremy71-hub/jeremy-homelab-ops","65899f08cb8d19207c5edad7723368ed04f1f1c4","docs/change-plans/claude-proxmox-api-operations.md","content/home-lab/source-attestations/operations-docs.json","","0ca2abc7b0a389d8d7cf752008d78156d54d1be8e1bf2ef6c53cbb55818badbf","5228","","","documentation","documented-only","proxmox","proxmox","content/home-lab/proxmox/documentation/operations-docs/docs/change-plans/claude-proxmox-api-operations.md","source-reference-only","home-lab-proxmox-administration","Operational or original-portfolio source integrity is attested by a reviewed manifest. The artifact remains in its authoritative source repository and is represented here without copying sensitive or duplicative source bytes."
"home-lab-attested-66985e31c7fb4ac4","fontenotjeremy71-hub/jeremy-homelab-ops","65899f08cb8d19207c5edad7723368ed04f1f1c4","scripts/monitoring/Compare-GuestHypervisorState.ps1","content/home-lab/source-attestations/operations-scripts.json","","16704bea597997fbb0a1cbca3a60f8430fa301c78d9b1e897dab0d33d5801206","11709","","","scripts","supported-with-limitations","monitoring-logging","monitoring-logging|automation","content/home-lab/monitoring-logging/scripts/operations-scripts/scripts/monitoring/Compare-GuestHypervisorState.ps1","source-reference-only","home-lab-monitoring-logging-documentation|home-lab-evidence-automation","Operational or original-portfolio source integrity is attested by a reviewed manifest. The artifact remains in its authoritative source repository and is represented here without copying sensitive or duplicative source bytes."
"home-lab-attested-66de74f7df3fdbc2","fontenotjeremy71-hub/jeremy-homelab-ops","65899f08cb8d19207c5edad7723368ed04f1f1c4","evidence/infrastructure-validation/2026-07-10/08-restore-validation/proxmox-pfsense-isolated-restore-config-metadata-2026-07-12.png","content/home-lab/source-attestations/operations-restore-pfsense.json","","7345efef7fe0bfae90dd4790948cc198a4f885e5bd92f7643f1c4646f64f7f0d","226365","","","screenshots","supported-with-limitations","backup-recovery","backup-recovery|pfsense|proxmox","content/home-lab/backup-recovery/evidence/screenshots/operations-restore-pfsense/evidence/infrastructure-validation/2026-07-10/08-restore-validation/proxmox-pfsense-isolated-restore-config-metadata-2026-07-12.png","source-reference-only","home-lab-backup-and-isolated-restore|home-lab-pfsense-administration|home-lab-proxmox-administration","Operational or original-portfolio source integrity is attested by a reviewed manifest. The artifact remains in its authoritative source repository and is represented here without copying sensitive or duplicative source bytes."
"home-lab-attested-675ea0ac89861b9c","fontenotjeremy71-hub/jeremy-homelab-ops","65899f08cb8d19207c5edad7723368ed04f1f1c4","evidence/infrastructure-validation/2026-07-10/08-restore-validation/proxmox-ws01-isolated-restore-cleanup-2026-07-11.png","content/home-lab/source-attestations/operations-restore-ws01.json","","c72e801220211906a142b22fa9e317ff2803d26fa31a385d9543359b6976183e","283183","","","screenshots","supported-with-limitations","backup-recovery","backup-recovery|windows-clients|proxmox","content/home-lab/backup-recovery/evidence/screenshots/operations-restore-ws01/evidence/infrastructure-validation/2026-07-10/08-restore-validation/proxmox-ws01-isolated-restore-cleanup-2026-07-11.png","source-reference-only","home-lab-backup-and-isolated-restore|home-lab-windows-client-administration|home-lab-proxmox-administration","Operational or original-portfolio source integrity is attested by a reviewed manifest. The artifact remains in its authoritative source repository and is represented here without copying sensitive or duplicative source bytes."
"home-lab-attested-692471d9159da91b","fontenotjeremy71-hub/jeremy-homelab-ops","65899f08cb8d19207c5edad7723368ed04f1f1c4","docs/runbooks/pfsense-configuration-and-policy-export.md","content/home-lab/source-attestations/operations-docs.json","","5c1a3e811140d7bd8f7819a025e3dfd4c16778825cc77341b916d9cd5e2298df","5553","","","configuration","configured-not-behavior-tested","pfsense","pfsense","content/home-lab/pfsense/evidence/configuration/operations-docs/docs/runbooks/pfsense-configuration-and-policy-export.md","source-reference-only","home-lab-pfsense-administration","Operational or original-portfolio source integrity is attested by a reviewed manifest. The artifact remains in its authoritative source repository and is represented here without copying sensitive or duplicative source bytes."
"home-lab-attested-69d1e4d90b132b39","fontenotjeremy71-hub/jeremy-homelab-ops","65899f08cb8d19207c5edad7723368ed04f1f1c4","evidence/infrastructure-validation/2026-07-10/08-restore-validation/proxmox-dc01-rerun-dcdiag-core-validation-2026-07-11.png","content/home-lab/source-attestations/operations-restore-dc01.json","","ce6d3285f4f8dfe1a43d54a6a1a7bf930c19c33b31987f5cb17fe7a5d8d8db81","147170","","","screenshots","supported-with-limitations","backup-recovery","backup-recovery|active-directory|proxmox","content/home-lab/backup-recovery/evidence/screenshots/operations-restore-dc01/evidence/infrastructure-validation/2026-07-10/08-restore-validation/proxmox-dc01-rerun-dcdiag-core-validation-2026-07-11.png","source-reference-only","home-lab-backup-and-isolated-restore|home-lab-active-directory-administration|home-lab-proxmox-administration","Operational or original-portfolio source integrity is attested by a reviewed manifest. The artifact remains in its authoritative source repository and is represented here without copying sensitive or duplicative source bytes."
"home-lab-attested-6a7909d524a809ac","fontenotjeremy71-hub/jeremy-homelab-ops","65899f08cb8d19207c5edad7723368ed04f1f1c4","docs/change-plans/read-only-connectivity-baseline.md","content/home-lab/source-attestations/operations-docs.json","","6cfa750a7693f1153ddf70dc733e5ba0bd94400b1bdc27830a1567009900360e","6348","","","configuration","documented-only","networking","networking","content/home-lab/networking/evidence/configuration/operations-docs/docs/change-plans/read-only-connectivity-baseline.md","source-reference-only","home-lab-networking-validation","Operational or original-portfolio source integrity is attested by a reviewed manifest. The artifact remains in its authoritative source repository and is represented here without copying sensitive or duplicative source bytes."
"home-lab-attested-6a8c0646bac0e853","fontenotjeremy71-hub/jeremy-homelab-ops","65899f08cb8d19207c5edad7723368ed04f1f1c4","evidence/infrastructure-validation/2026-07-10/raw/commands/command-records.csv","content/home-lab/source-attestations/operations-infra-results.json","","f8de4e29f07a2dad90a7ea7686f3feb9e9627255e2cea5f0c651169cccbd077f","4808","","","validation","directly-proven","environment","environment","content/home-lab/environment/evidence/validation/operations-infra-results/evidence/infrastructure-validation/2026-07-10/raw/commands/command-records.csv","source-reference-only","home-lab-environment-inventory","Operational or original-portfolio source integrity is attested by a reviewed manifest. The artifact remains in its authoritative source repository and is represented here without copying sensitive or duplicative source bytes."
"home-lab-attested-6b05c9d331a65ba8","fontenotjeremy71-hub/jeremy-homelab-ops","65899f08cb8d19207c5edad7723368ed04f1f1c4","scripts/windows-server/Invoke-WS01LocalReadOnlyCollection.ps1","content/home-lab/source-attestations/operations-scripts.json","","bd03ca22b01ae0057f7677457c14bd8c5aabf1b7a350036f38ac89e54473fef0","6978","","","scripts","supported-with-limitations","windows-clients","windows-clients|windows-server|automation","content/home-lab/windows-clients/scripts/operations-scripts/scripts/windows-server/Invoke-WS01LocalReadOnlyCollection.ps1","source-reference-only","home-lab-windows-client-administration|home-lab-windows-server-administration|home-lab-evidence-automation","Operational or original-portfolio source integrity is attested by a reviewed manifest. The artifact remains in its authoritative source repository and is represented here without copying sensitive or duplicative source bytes."
"home-lab-attested-6b60fab25a069dd6","fontenotjeremy71-hub/jeremy-homelab-ops","65899f08cb8d19207c5edad7723368ed04f1f1c4","evidence/infrastructure-validation/2026-07-10/11-results/checksums.sha256","content/home-lab/source-attestations/operations-infra-results.json","","cbdd3d1c7f9a0917622b8fc8b41860cd97f1a8c2d0eda0c2339cf656da2f36e2","23192","","","manifests","supported-with-limitations","security","security","content/home-lab/security/evidence/manifests/operations-infra-results/evidence/infrastructure-validation/2026-07-10/11-results/checksums.sha256","source-reference-only","home-lab-security-conscious-operations","Operational or original-portfolio source integrity is attested by a reviewed manifest. The artifact remains in its authoritative source repository and is represented here without copying sensitive or duplicative source bytes."
"home-lab-attested-6d76d659f705e8b4","fontenotjeremy71-hub/jeremy-homelab-ops","65899f08cb8d19207c5edad7723368ed04f1f1c4","evidence/infrastructure-validation/2026-07-10/05-pfsense/pfsense-https-validation.txt","content/home-lab/source-attestations/operations-infra-pfsense.json","","b17ec0cde7338233f45944b947b7adcbb34a0b2657833ec16efa84cf56063471","723","","","validation","supported-with-limitations","pfsense","pfsense","content/home-lab/pfsense/evidence/validation/operations-infra-pfsense/evidence/infrastructure-validation/2026-07-10/05-pfsense/pfsense-https-validation.txt","source-reference-only","home-lab-pfsense-administration","Operational or original-portfolio source integrity is attested by a reviewed manifest. The artifact remains in its authoritative source repository and is represented here without copying sensitive or duplicative source bytes."
"home-lab-attested-6d8795a24a0432ed","fontenotjeremy71-hub/jeremy-homelab-ops","65899f08cb8d19207c5edad7723368ed04f1f1c4","artifacts/target-local-collection/Linux01/Invoke-Linux01LocalReadOnlyCollection.sh","content/home-lab/source-attestations/operations-artifacts.json","","145eba4444c5a9b4dc6e1837d3e23aa5c77b3873669fee7f8f69568d94616cc1","5556","","","documentation","supported-with-limitations","linux","linux|automation","content/home-lab/linux/documentation/operations-artifacts/artifacts/target-local-collection/Linux01/Invoke-Linux01LocalReadOnlyCollection.sh","source-reference-only","home-lab-linux-administration|home-lab-evidence-automation","Operational or original-portfolio source integrity is attested by a reviewed manifest. The artifact remains in its authoritative source repository and is represented here without copying sensitive or duplicative source bytes."
"home-lab-attested-6dcdc47ac54f189e","fontenotjeremy71-hub/jeremy-homelab-ops","65899f08cb8d19207c5edad7723368ed04f1f1c4","evidence/linux01-timestamp-reconciliation-20260626-041428.md","content/home-lab/source-attestations/operations-evidence-core.json","","c1ec1d7487baac1abbb94ebc21ac8306c675c86432d97fef52a2f51b593ae6e5","2682","","","documentation","supported-with-limitations","linux","linux","content/home-lab/linux/documentation/operations-evidence-core/evidence/linux01-timestamp-reconciliation-20260626-041428.md","source-reference-only","home-lab-linux-administration","Operational or original-portfolio source integrity is attested by a reviewed manifest. The artifact remains in its authoritative source repository and is represented here without copying sensitive or duplicative source bytes."
"home-lab-attested-6f3bfce8343af52e","fontenotjeremy71-hub/jeremy-homelab-ops","65899f08cb8d19207c5edad7723368ed04f1f1c4","evidence/infrastructure-validation/2026-07-10/01-proxmox/proxmox-network-inventory.txt","content/home-lab/source-attestations/operations-infra-proxmox.json","","e62875ed0a1b9dd8380d30f07d00f4de725dbfca61351d460e29ab96b7ebe8a8","573","","","validation","supported-with-limitations","proxmox","proxmox|networking|environment","content/home-lab/proxmox/evidence/validation/operations-infra-proxmox/evidence/infrastructure-validation/2026-07-10/01-proxmox/proxmox-network-inventory.txt","source-reference-only","home-lab-proxmox-administration|home-lab-networking-validation|home-lab-environment-inventory","Operational or original-portfolio source integrity is attested by a reviewed manifest. The artifact remains in its authoritative source repository and is represented here without copying sensitive or duplicative source bytes."
"home-lab-attested-6f7afa6dbf957f75","fontenotjeremy71-hub/jeremy-homelab-ops","65899f08cb8d19207c5edad7723368ed04f1f1c4","evidence/infrastructure-validation/2026-07-10/03-active-directory/kerberos-validation.txt","content/home-lab/source-attestations/operations-infra-directory.json","","355ade9ad3fdd0d99f25df51aaa08539213146a917e1d5b8b24d8f29141ec821","700","","","validation","supported-with-limitations","active-directory","active-directory","content/home-lab/active-directory/evidence/validation/operations-infra-directory/evidence/infrastructure-validation/2026-07-10/03-active-directory/kerberos-validation.txt","source-reference-only","home-lab-active-directory-administration","Operational or original-portfolio source integrity is attested by a reviewed manifest. The artifact remains in its authoritative source repository and is represented here without copying sensitive or duplicative source bytes."
"home-lab-attested-6fe3ebc4d9062522","fontenotjeremy71-hub/jeremy-homelab-ops","65899f08cb8d19207c5edad7723368ed04f1f1c4","evidence/infrastructure-validation/2026-07-10/08-restore-validation/linux01-existing-restore-review.md","content/home-lab/source-attestations/operations-restore-linux01.json","","40f04ba9c1c1851070a6914b6ffeabc0258c489202ecfa4dddf1fa9910e23b34","1564","","","validation","supported-with-limitations","backup-recovery","backup-recovery|linux","content/home-lab/backup-recovery/evidence/validation/operations-restore-linux01/evidence/infrastructure-validation/2026-07-10/08-restore-validation/linux01-existing-restore-review.md","source-reference-only","home-lab-backup-and-isolated-restore|home-lab-linux-administration","Operational or original-portfolio source integrity is attested by a reviewed manifest. The artifact remains in its authoritative source repository and is represented here without copying sensitive or duplicative source bytes."
"home-lab-attested-705b3fad491cebf0","fontenotjeremy71-hub/jeremy-homelab-ops","65899f08cb8d19207c5edad7723368ed04f1f1c4","evidence/infrastructure-validation/2026-07-10/08-restore-validation/proxmox-dc01-rerun-sysvol-netlogon-validation-2026-07-11.png","content/home-lab/source-attestations/operations-restore-dc01.json","","965abce2b4fc1ac30bf0ec65f547ed407b35e089f838b56091cd6df8f87cc797","151130","","","screenshots","supported-with-limitations","backup-recovery","backup-recovery|active-directory|proxmox","content/home-lab/backup-recovery/evidence/screenshots/operations-restore-dc01/evidence/infrastructure-validation/2026-07-10/08-restore-validation/proxmox-dc01-rerun-sysvol-netlogon-validation-2026-07-11.png","source-reference-only","home-lab-backup-and-isolated-restore|home-lab-active-directory-administration|home-lab-proxmox-administration","Operational or original-portfolio source integrity is attested by a reviewed manifest. The artifact remains in its authoritative source repository and is represented here without copying sensitive or duplicative source bytes."
"home-lab-attested-7188e95875e56a2b","fontenotjeremy71-hub/jeremy-homelab-ops","65899f08cb8d19207c5edad7723368ed04f1f1c4","evidence/infrastructure-validation/2026-07-10/08-restore-validation/proxmox-dc01-rerun-elevated-session-2026-07-11.png","content/home-lab/source-attestations/operations-restore-dc01.json","","4f0e2f13518143afda23ea96c8a4c1903f0233df0c8473a665f3013471be9f86","119533","","","screenshots","supported-with-limitations","backup-recovery","backup-recovery|active-directory|proxmox","content/home-lab/backup-recovery/evidence/screenshots/operations-restore-dc01/evidence/infrastructure-validation/2026-07-10/08-restore-validation/proxmox-dc01-rerun-elevated-session-2026-07-11.png","source-reference-only","home-lab-backup-and-isolated-restore|home-lab-active-directory-administration|home-lab-proxmox-administration","Operational or original-portfolio source integrity is attested by a reviewed manifest. The artifact remains in its authoritative source repository and is represented here without copying sensitive or duplicative source bytes."
"home-lab-attested-729734da1a49fbd9","fontenotjeremy71-hub/jeremy-homelab-ops","65899f08cb8d19207c5edad7723368ed04f1f1c4","evidence/infrastructure-validation/2026-07-10/08-restore-validation/proxmox-dc01-isolated-restore-safety-verification-2026-07-11.png","content/home-lab/source-attestations/operations-restore-dc01.json","","33afa9ac5bfce4006f79c110cd10e6ada7a2bec53350be4f15b5100e781c675a","31951","","","screenshots","supported-with-limitations","backup-recovery","backup-recovery|active-directory|proxmox","content/home-lab/backup-recovery/evidence/screenshots/operations-restore-dc01/evidence/infrastructure-validation/2026-07-10/08-restore-validation/proxmox-dc01-isolated-restore-safety-verification-2026-07-11.png","source-reference-only","home-lab-backup-and-isolated-restore|home-lab-active-directory-administration|home-lab-proxmox-administration","Operational or original-portfolio source integrity is attested by a reviewed manifest. The artifact remains in its authoritative source repository and is represented here without copying sensitive or duplicative source bytes."
"home-lab-attested-73866a51c8e354bf","fontenotjeremy71-hub/jeremy-homelab-ops","65899f08cb8d19207c5edad7723368ed04f1f1c4","evidence/repository-structure-validation-20260629-210449.txt","content/home-lab/source-attestations/operations-evidence-core.json","","f71b00dd26698cc16c9d8c522ddd28046c8fae81ea9bb896e6f4e28827c719bd","4822","","","validation","directly-proven","environment","environment","content/home-lab/environment/evidence/validation/operations-evidence-core/evidence/repository-structure-validation-20260629-210449.txt","source-reference-only","home-lab-environment-inventory","Operational or original-portfolio source integrity is attested by a reviewed manifest. The artifact remains in its authoritative source repository and is represented here without copying sensitive or duplicative source bytes."
"home-lab-attested-74b7d5c2b67895e1","fontenotjeremy71-hub/jeremy-homelab-ops","65899f08cb8d19207c5edad7723368ed04f1f1c4","evidence/infrastructure-validation/2026-07-10/02-network-connectivity/dns-validation.txt","content/home-lab/source-attestations/operations-infra-network.json","","f28561e0edbc861a83200517d60444b4929c8bd42dc980f22dacd14892536f00","2203","","","validation","supported-with-limitations","dns-dhcp","dns-dhcp|networking","content/home-lab/dns-dhcp/evidence/validation/operations-infra-network/evidence/infrastructure-validation/2026-07-10/02-network-connectivity/dns-validation.txt","source-reference-only","home-lab-dns-dhcp-administration|home-lab-networking-validation","Operational or original-portfolio source integrity is attested by a reviewed manifest. The artifact remains in its authoritative source repository and is represented here without copying sensitive or duplicative source bytes."
"home-lab-attested-7507c7b25b6ec799","fontenotjeremy71-hub/jeremy-homelab-ops","65899f08cb8d19207c5edad7723368ed04f1f1c4","evidence/infrastructure-validation/2026-07-10/04-remote-management/management-workstation-system-info.txt","content/home-lab/source-attestations/operations-infra-management.json","","0c3976d5bee1d3cc7c864b1ef8ca180fec382dff97d4e5668c64c1e6b63c520c","1154","","","validation","directly-proven","environment","environment","content/home-lab/environment/evidence/validation/operations-infra-management/evidence/infrastructure-validation/2026-07-10/04-remote-management/management-workstation-system-info.txt","source-reference-only","home-lab-environment-inventory","Operational or original-portfolio source integrity is attested by a reviewed manifest. The artifact remains in its authoritative source repository and is represented here without copying sensitive or duplicative source bytes."
"home-lab-attested-753c50dd097741b7","fontenotjeremy71-hub/jeremy-homelab-ops","65899f08cb8d19207c5edad7723368ed04f1f1c4","scripts/monitoring/Test-CoreHomeLabServices.ps1","content/home-lab/source-attestations/operations-scripts.json","","5a2e42f15b5947e9adc43de7073f55f6b373fcd6bb2ed46090e1f4d817955f7d","7643","","","scripts","supported-with-limitations","monitoring-logging","monitoring-logging|automation","content/home-lab/monitoring-logging/scripts/operations-scripts/scripts/monitoring/Test-CoreHomeLabServices.ps1","source-reference-only","home-lab-monitoring-logging-documentation|home-lab-evidence-automation","Operational or original-portfolio source integrity is attested by a reviewed manifest. The artifact remains in its authoritative source repository and is represented here without copying sensitive or duplicative source bytes."
"home-lab-attested-75a0a026f7a844b4","fontenotjeremy71-hub/jeremy-homelab-ops","65899f08cb8d19207c5edad7723368ed04f1f1c4","artifacts/target-local-collection/Linux01/linux01-sssd-diagnostic-20260626-110159.json","content/home-lab/source-attestations/operations-artifacts.json","","fd55604bfb94487b86fbf631703fa995b9726471689385ccb2d277492aa7cbee","157115","","","validation","supported-with-limitations","linux","linux","content/home-lab/linux/evidence/validation/operations-artifacts/artifacts/target-local-collection/Linux01/linux01-sssd-diagnostic-20260626-110159.json","source-reference-only","home-lab-linux-administration","Operational or original-portfolio source integrity is attested by a reviewed manifest. The artifact remains in its authoritative source repository and is represented here without copying sensitive or duplicative source bytes."
"home-lab-attested-7720e71052ae1b5b","fontenotjeremy71-hub/jeremy-homelab-ops","65899f08cb8d19207c5edad7723368ed04f1f1c4","evidence/infrastructure-validation/2026-07-10/08-restore-validation/proxmox-linux01-isolated-restore-os-validation-2026-07-11.png","content/home-lab/source-attestations/operations-restore-linux01.json","","dc0a0fa468a9ecf00523a1f6edebcf18e344e05e8e6009ec0902066a85cbba5d","109994","","","screenshots","supported-with-limitations","backup-recovery","backup-recovery|linux|proxmox","content/home-lab/backup-recovery/evidence/screenshots/operations-restore-linux01/evidence/infrastructure-validation/2026-07-10/08-restore-validation/proxmox-linux01-isolated-restore-os-validation-2026-07-11.png","source-reference-only","home-lab-backup-and-isolated-restore|home-lab-linux-administration|home-lab-proxmox-administration","Operational or original-portfolio source integrity is attested by a reviewed manifest. The artifact remains in its authoritative source repository and is represented here without copying sensitive or duplicative source bytes."
"home-lab-attested-789818b9a50103c9","fontenotjeremy71-hub/jeremy-homelab-ops","65899f08cb8d19207c5edad7723368ed04f1f1c4","evidence/infrastructure-validation/2026-07-10/08-restore-validation/proxmox-dc01-isolated-restore-running-2026-07-11.png","content/home-lab/source-attestations/operations-restore-dc01.json","","d8df6e1e532b99cd011d58cbf789acfcc5a9a566a7e23d5df3feaaa84a2e0c9b","32278","","","screenshots","supported-with-limitations","backup-recovery","backup-recovery|active-directory|proxmox","content/home-lab/backup-recovery/evidence/screenshots/operations-restore-dc01/evidence/infrastructure-validation/2026-07-10/08-restore-validation/proxmox-dc01-isolated-restore-running-2026-07-11.png","source-reference-only","home-lab-backup-and-isolated-restore|home-lab-active-directory-administration|home-lab-proxmox-administration","Operational or original-portfolio source integrity is attested by a reviewed manifest. The artifact remains in its authoritative source repository and is represented here without copying sensitive or duplicative source bytes."
"home-lab-attested-798bc44227214a03","fontenotjeremy71-hub/jeremy-homelab-ops","65899f08cb8d19207c5edad7723368ed04f1f1c4","evidence/infrastructure-validation/2026-07-10/08-restore-validation/pfsense-isolated-restore-review.md","content/home-lab/source-attestations/operations-restore-pfsense.json","","07ff6549c93e7f89d19476572a6e47fb72a9180c98a82f472a348894d2eb18b8","7706","","","validation","supported-with-limitations","backup-recovery","backup-recovery|pfsense","content/home-lab/backup-recovery/evidence/validation/operations-restore-pfsense/evidence/infrastructure-validation/2026-07-10/08-restore-validation/pfsense-isolated-restore-review.md","source-reference-only","home-lab-backup-and-isolated-restore|home-lab-pfsense-administration","Operational or original-portfolio source integrity is attested by a reviewed manifest. The artifact remains in its authoritative source repository and is represented here without copying sensitive or duplicative source bytes."
"home-lab-attested-7a6ecc2b43a5f008","fontenotjeremy71-hub/jeremy-homelab-ops","65899f08cb8d19207c5edad7723368ed04f1f1c4","inventories/proxmox-inventory-20260626-010601.json","content/home-lab/source-attestations/operations-inventories.json","","d652d1ef753e14242c07f84f19fbf09f642f07c3b09cfe2e98aa7f2b176ade3d","3794","","","inventories","supported-with-limitations","proxmox","proxmox|environment","content/home-lab/proxmox/evidence/inventories/operations-inventories/inventories/proxmox-inventory-20260626-010601.json","source-reference-only","home-lab-proxmox-administration|home-lab-environment-inventory","Operational or original-portfolio source integrity is attested by a reviewed manifest. The artifact remains in its authoritative source repository and is represented here without copying sensitive or duplicative source bytes."
"home-lab-attested-7aec19188cf6ed45","fontenotjeremy71-hub/jeremy-homelab-ops","65899f08cb8d19207c5edad7723368ed04f1f1c4","evidence/infrastructure-validation/2026-07-10/08-restore-validation/proxmox-dc01-isolated-restore-ad-local-validation-2026-07-11.png","content/home-lab/source-attestations/operations-restore-dc01.json","","50925527b4930a0e303afe7da56969017f50565e614981eac4b9416511ba0892","146192","","","screenshots","supported-with-limitations","backup-recovery","backup-recovery|active-directory|proxmox","content/home-lab/backup-recovery/evidence/screenshots/operations-restore-dc01/evidence/infrastructure-validation/2026-07-10/08-restore-validation/proxmox-dc01-isolated-restore-ad-local-validation-2026-07-11.png","source-reference-only","home-lab-backup-and-isolated-restore|home-lab-active-directory-administration|home-lab-proxmox-administration","Operational or original-portfolio source integrity is attested by a reviewed manifest. The artifact remains in its authoritative source repository and is represented here without copying sensitive or duplicative source bytes."
"home-lab-attested-7c298519d262b8a1","fontenotjeremy71-hub/jeremy-homelab-ops","65899f08cb8d19207c5edad7723368ed04f1f1c4","evidence/infrastructure-validation/2026-07-10/08-restore-validation/proxmox-dc01-network-isolation-command-2026-07-11.png","content/home-lab/source-attestations/operations-restore-dc01.json","","3dccde8e34fe4ded003e8ff7acef97d15eadef63eefa5835325d264c38696d9e","24190","","","screenshots","supported-with-limitations","backup-recovery","backup-recovery|active-directory|proxmox|networking|security","content/home-lab/backup-recovery/evidence/screenshots/operations-restore-dc01/evidence/infrastructure-validation/2026-07-10/08-restore-validation/proxmox-dc01-network-isolation-command-2026-07-11.png","source-reference-only","home-lab-backup-and-isolated-restore|home-lab-active-directory-administration|home-lab-proxmox-administration|home-lab-networking-validation|home-lab-security-conscious-operations","Operational or original-portfolio source integrity is attested by a reviewed manifest. The artifact remains in its authoritative source repository and is represented here without copying sensitive or duplicative source bytes."
"home-lab-attested-7d7d0cc29e2f0abf","fontenotjeremy71-hub/jeremy-homelab-ops","65899f08cb8d19207c5edad7723368ed04f1f1c4","evidence/infrastructure-validation/2026-07-10/07-backup-inventory/proxmox-vm200-latest-success-log-2026-07-11.png","content/home-lab/source-attestations/operations-infra-backup.json","","9dfb1496eb4f56eac607c8b4cbbf718ba65e274676dd3f2ac309bd0c84f53807","109212","","","screenshots","supported-with-limitations","backup-recovery","backup-recovery|proxmox|environment","content/home-lab/backup-recovery/evidence/screenshots/operations-infra-backup/evidence/infrastructure-validation/2026-07-10/07-backup-inventory/proxmox-vm200-latest-success-log-2026-07-11.png","source-reference-only","home-lab-backup-and-isolated-restore|home-lab-proxmox-administration|home-lab-environment-inventory","Operational or original-portfolio source integrity is attested by a reviewed manifest. The artifact remains in its authoritative source repository and is represented here without copying sensitive or duplicative source bytes."
"home-lab-attested-7d926f207014cc7f","fontenotjeremy71-hub/jeremy-homelab-ops","65899f08cb8d19207c5edad7723368ed04f1f1c4","evidence/infrastructure-validation/2026-07-10/08-restore-validation/proxmox-dc01-isolated-restore-event-validation-2026-07-11.png","content/home-lab/source-attestations/operations-restore-dc01.json","","c3e67c31d780cf6a4f52d6424e239dbc2b8aa6a180f8310ac094f65a9c7a280c","125283","","","screenshots","supported-with-limitations","backup-recovery","backup-recovery|active-directory|proxmox","content/home-lab/backup-recovery/evidence/screenshots/operations-restore-dc01/evidence/infrastructure-validation/2026-07-10/08-restore-validation/proxmox-dc01-isolated-restore-event-validation-2026-07-11.png","source-reference-only","home-lab-backup-and-isolated-restore|home-lab-active-directory-administration|home-lab-proxmox-administration","Operational or original-portfolio source integrity is attested by a reviewed manifest. The artifact remains in its authoritative source repository and is represented here without copying sensitive or duplicative source bytes."
"home-lab-attested-7dc68248c36fb6df","fontenotjeremy71-hub/jeremy-homelab-ops","65899f08cb8d19207c5edad7723368ed04f1f1c4","evidence/infrastructure-validation/2026-07-10/08-restore-validation/proxmox-ws01-isolated-restore-windows-login-2026-07-11.png","content/home-lab/source-attestations/operations-restore-ws01.json","","e52ddbbecb9fe50d60bad5b28f7a293a9bfd478ac9a0191b22eadbfe7c316ddc","641859","","","screenshots","supported-with-limitations","backup-recovery","backup-recovery|windows-clients|proxmox","content/home-lab/backup-recovery/evidence/screenshots/operations-restore-ws01/evidence/infrastructure-validation/2026-07-10/08-restore-validation/proxmox-ws01-isolated-restore-windows-login-2026-07-11.png","source-reference-only","home-lab-backup-and-isolated-restore|home-lab-windows-client-administration|home-lab-proxmox-administration","Operational or original-portfolio source integrity is attested by a reviewed manifest. The artifact remains in its authoritative source repository and is represented here without copying sensitive or duplicative source bytes."
"home-lab-attested-7e723d96a2d30d94","fontenotjeremy71-hub/jeremy-homelab-ops","65899f08cb8d19207c5edad7723368ed04f1f1c4","evidence/infrastructure-validation/2026-07-10/07-backup-inventory/proxmox-storage-status-2026-07-11.png","content/home-lab/source-attestations/operations-infra-backup.json","","fdabd6c0e6a029a6ae0805022591aeae211a5be24ff0e26b9a038aa41c272797","41806","","","screenshots","supported-with-limitations","backup-recovery","backup-recovery|proxmox|environment","content/home-lab/backup-recovery/evidence/screenshots/operations-infra-backup/evidence/infrastructure-validation/2026-07-10/07-backup-inventory/proxmox-storage-status-2026-07-11.png","source-reference-only","home-lab-backup-and-isolated-restore|home-lab-proxmox-administration|home-lab-environment-inventory","Operational or original-portfolio source integrity is attested by a reviewed manifest. The artifact remains in its authoritative source repository and is represented here without copying sensitive or duplicative source bytes."
"home-lab-attested-802f20d846e41233","fontenotjeremy71-hub/jeremy-homelab-ops","65899f08cb8d19207c5edad7723368ed04f1f1c4","inventories/linux01-inventory-20260626-012606.json","content/home-lab/source-attestations/operations-inventories.json","","b07df185933c7decc105bed1274b3891af46f52a0c4c5251f658906c278ade0f","1779","","","inventories","supported-with-limitations","linux","linux|environment","content/home-lab/linux/evidence/inventories/operations-inventories/inventories/linux01-inventory-20260626-012606.json","source-reference-only","home-lab-linux-administration|home-lab-environment-inventory","Operational or original-portfolio source integrity is attested by a reviewed manifest. The artifact remains in its authoritative source repository and is represented here without copying sensitive or duplicative source bytes."
"home-lab-attested-804c20e10267ec53","fontenotjeremy71-hub/jeremy-homelab-ops","65899f08cb8d19207c5edad7723368ed04f1f1c4","evidence/infrastructure-validation/2026-07-10/08-restore-validation/proxmox-pfsense-isolated-restore-disk-validation-2026-07-12.png","content/home-lab/source-attestations/operations-restore-pfsense.json","","4b2bcdb9aeb370a519ab6d6c7d25a1eba702363c6a48a4a4223afc0b6dded027","206126","","","screenshots","supported-with-limitations","backup-recovery","backup-recovery|pfsense|proxmox","content/home-lab/backup-recovery/evidence/screenshots/operations-restore-pfsense/evidence/infrastructure-validation/2026-07-10/08-restore-validation/proxmox-pfsense-isolated-restore-disk-validation-2026-07-12.png","source-reference-only","home-lab-backup-and-isolated-restore|home-lab-pfsense-administration|home-lab-proxmox-administration","Operational or original-portfolio source integrity is attested by a reviewed manifest. The artifact remains in its authoritative source repository and is represented here without copying sensitive or duplicative source bytes."
"home-lab-attested-816dbc43380fb15d","fontenotjeremy71-hub/jeremy-homelab-ops","65899f08cb8d19207c5edad7723368ed04f1f1c4","evidence/read-only-baseline-20260625-201453/route-evidence-20260625-201453.json","content/home-lab/source-attestations/operations-evidence-core.json","","f6fe2592495771a0ac6ace1475da0078db0ef40eb6967a5820ebdf98f78fbc1c","526","","","configuration","supported-with-limitations","networking","networking","content/home-lab/networking/evidence/configuration/operations-evidence-core/evidence/read-only-baseline-20260625-201453/route-evidence-20260625-201453.json","source-reference-only","home-lab-networking-validation","Operational or original-portfolio source integrity is attested by a reviewed manifest. The artifact remains in its authoritative source repository and is represented here without copying sensitive or duplicative source bytes."
"home-lab-attested-821250235cadf3b9","fontenotjeremy71-hub/jeremy-homelab-ops","65899f08cb8d19207c5edad7723368ed04f1f1c4","evidence/infrastructure-validation/2026-07-10/07-backup-inventory/proxmox-vm300-latest-success-log-2026-07-11.png","content/home-lab/source-attestations/operations-infra-backup.json","","fc32d09c06c9e5ce8793cde7c1da060693dd442adc0a3ab74713956e73287ccf","112705","","","screenshots","supported-with-limitations","backup-recovery","backup-recovery|proxmox|environment","content/home-lab/backup-recovery/evidence/screenshots/operations-infra-backup/evidence/infrastructure-validation/2026-07-10/07-backup-inventory/proxmox-vm300-latest-success-log-2026-07-11.png","source-reference-only","home-lab-backup-and-isolated-restore|home-lab-proxmox-administration|home-lab-environment-inventory","Operational or original-portfolio source integrity is attested by a reviewed manifest. The artifact remains in its authoritative source repository and is represented here without copying sensitive or duplicative source bytes."
"home-lab-attested-824c979c22e9f003","fontenotjeremy71-hub/jeremy-homelab-ops","65899f08cb8d19207c5edad7723368ed04f1f1c4","evidence/infrastructure-validation/2026-07-10/08-restore-validation/proxmox-dc01-isolated-restore-windows-login-2026-07-11.png","content/home-lab/source-attestations/operations-restore-dc01.json","","2dd98f4b05e660d2b358674bcdc232c2558f58954676efc238efedaea9d3d2b5","146635","","","screenshots","supported-with-limitations","backup-recovery","backup-recovery|active-directory|proxmox","content/home-lab/backup-recovery/evidence/screenshots/operations-restore-dc01/evidence/infrastructure-validation/2026-07-10/08-restore-validation/proxmox-dc01-isolated-restore-windows-login-2026-07-11.png","source-reference-only","home-lab-backup-and-isolated-restore|home-lab-active-directory-administration|home-lab-proxmox-administration","Operational or original-portfolio source integrity is attested by a reviewed manifest. The artifact remains in its authoritative source repository and is represented here without copying sensitive or duplicative source bytes."
"home-lab-attested-8303479c95aee401","jeremyfontenot/JeremyFontenot.github.io","5581bd7bf9c61ff77000ac04aa39fcbb04ed004f","archive/pre-site-upgrade-20260602/active-directory-lab.html","content/home-lab/source-attestations/original-portfolio-source-only.json","","44dddb1ab166f54d91e036ea1abfaf2c883e31e652a77a86a16c4fcddc5dbd52","4321","","","documentation","supported-with-limitations","backup-recovery","backup-recovery|active-directory","content/home-lab/backup-recovery/documentation/original-portfolio-source-only/archive/pre-site-upgrade-20260602/active-directory-lab.html","source-reference-only","home-lab-backup-and-isolated-restore|home-lab-active-directory-administration","Operational or original-portfolio source integrity is attested by a reviewed manifest. The artifact remains in its authoritative source repository and is represented here without copying sensitive or duplicative source bytes."
"home-lab-attested-85139fdbd50522b1","fontenotjeremy71-hub/jeremy-homelab-ops","65899f08cb8d19207c5edad7723368ed04f1f1c4","evidence/infrastructure-validation/2026-07-10/08-restore-validation/proxmox-ws01-isolated-restore-complete-2026-07-11.png","content/home-lab/source-attestations/operations-restore-ws01.json","","8c41529d3e0cfda16984dfd4f419d298dec823b1267e639b80f43ad265b2093b","1096998","","","screenshots","supported-with-limitations","backup-recovery","backup-recovery|windows-clients|proxmox","content/home-lab/backup-recovery/evidence/screenshots/operations-restore-ws01/evidence/infrastructure-validation/2026-07-10/08-restore-validation/proxmox-ws01-isolated-restore-complete-2026-07-11.png","source-reference-only","home-lab-backup-and-isolated-restore|home-lab-windows-client-administration|home-lab-proxmox-administration","Operational or original-portfolio source integrity is attested by a reviewed manifest. The artifact remains in its authoritative source repository and is represented here without copying sensitive or duplicative source bytes."
"home-lab-attested-8641ad9f40b95d2d","fontenotjeremy71-hub/jeremy-homelab-ops","65899f08cb8d19207c5edad7723368ed04f1f1c4","evidence/read-only-baseline-20260625-201707/manifest-20260625-201707.json","content/home-lab/source-attestations/operations-evidence-core.json","","2b8155fcb348d103d4e046128b5e4c6b3a8a978248a1c1ea630a2558de4ed399","1193","","","manifests","directly-proven","environment","environment","content/home-lab/environment/evidence/manifests/operations-evidence-core/evidence/read-only-baseline-20260625-201707/manifest-20260625-201707.json","source-reference-only","home-lab-environment-inventory","Operational or original-portfolio source integrity is attested by a reviewed manifest. The artifact remains in its authoritative source repository and is represented here without copying sensitive or duplicative source bytes."
"home-lab-attested-869ee64eced7a070","fontenotjeremy71-hub/jeremy-homelab-ops","65899f08cb8d19207c5edad7723368ed04f1f1c4","evidence/infrastructure-validation/2026-07-10/08-restore-validation/restore-validation-summary.csv","content/home-lab/source-attestations/operations-restore-general.json","","09eede5165b70ade91029e888680ee4aad578410e15f9023d46594b165bc76b2","2100","","","validation","supported-with-limitations","backup-recovery","backup-recovery","content/home-lab/backup-recovery/evidence/validation/operations-restore-general/evidence/infrastructure-validation/2026-07-10/08-restore-validation/restore-validation-summary.csv","source-reference-only","home-lab-backup-and-isolated-restore","Operational or original-portfolio source integrity is attested by a reviewed manifest. The artifact remains in its authoritative source repository and is represented here without copying sensitive or duplicative source bytes."
"home-lab-attested-884914453cdd595f","fontenotjeremy71-hub/jeremy-homelab-ops","65899f08cb8d19207c5edad7723368ed04f1f1c4","evidence/read-only-baseline-20260625-201453/manifest-20260625-201453.json","content/home-lab/source-attestations/operations-evidence-core.json","","83babc5b931ed6859329cd21d224c12489c054358fd77e7235e2120796c3af99","1193","","","manifests","directly-proven","environment","environment","content/home-lab/environment/evidence/manifests/operations-evidence-core/evidence/read-only-baseline-20260625-201453/manifest-20260625-201453.json","source-reference-only","home-lab-environment-inventory","Operational or original-portfolio source integrity is attested by a reviewed manifest. The artifact remains in its authoritative source repository and is represented here without copying sensitive or duplicative source bytes."
"home-lab-attested-88d19fd39777d976","fontenotjeremy71-hub/jeremy-homelab-ops","65899f08cb8d19207c5edad7723368ed04f1f1c4","evidence/authenticated-target-local-inventory-20260626-035518.md","content/home-lab/source-attestations/operations-evidence-core.json","","e9b05525ff9bda8fcc1ee60238fa9035b217e0a996e4470e585348542165dccc","4404","","","inventories","directly-proven","environment","environment","content/home-lab/environment/evidence/inventories/operations-evidence-core/evidence/authenticated-target-local-inventory-20260626-035518.md","source-reference-only","home-lab-environment-inventory","Operational or original-portfolio source integrity is attested by a reviewed manifest. The artifact remains in its authoritative source repository and is represented here without copying sensitive or duplicative source bytes."
"home-lab-attested-89e3fabf67c6130b","fontenotjeremy71-hub/jeremy-homelab-ops","65899f08cb8d19207c5edad7723368ed04f1f1c4","evidence/ws01-local-inventory-validation-20260626-033405.md","content/home-lab/source-attestations/operations-evidence-core.json","","87e12c33077117a70fbe0d7b9911b715a821db6a456e41b2dd3d01186d6732d0","3457","","","validation","supported-with-limitations","windows-clients","windows-clients|environment","content/home-lab/windows-clients/evidence/validation/operations-evidence-core/evidence/ws01-local-inventory-validation-20260626-033405.md","source-reference-only","home-lab-windows-client-administration|home-lab-environment-inventory","Operational or original-portfolio source integrity is attested by a reviewed manifest. The artifact remains in its authoritative source repository and is represented here without copying sensitive or duplicative source bytes."
"home-lab-attested-8aeada5cbce04319","fontenotjeremy71-hub/jeremy-homelab-ops","65899f08cb8d19207c5edad7723368ed04f1f1c4","evidence/infrastructure-validation/2026-07-10/07-backup-inventory/proxmox-vm100-vma-verify-2026-07-11.png","content/home-lab/source-attestations/operations-infra-backup.json","","6974e374388241780b36ec23acfa43786cded3a61d42195e5c405dc64ffd9890","24928","","","screenshots","supported-with-limitations","backup-recovery","backup-recovery|proxmox|environment","content/home-lab/backup-recovery/evidence/screenshots/operations-infra-backup/evidence/infrastructure-validation/2026-07-10/07-backup-inventory/proxmox-vm100-vma-verify-2026-07-11.png","source-reference-only","home-lab-backup-and-isolated-restore|home-lab-proxmox-administration|home-lab-environment-inventory","Operational or original-portfolio source integrity is attested by a reviewed manifest. The artifact remains in its authoritative source repository and is represented here without copying sensitive or duplicative source bytes."
"home-lab-attested-8c21ebddaa100545","fontenotjeremy71-hub/jeremy-homelab-ops","65899f08cb8d19207c5edad7723368ed04f1f1c4","evidence/infrastructure-validation/2026-07-10/09-rto-rpo/rto-measurements.csv","content/home-lab/source-attestations/operations-infra-results.json","","7cb1c6c367d80f12791d770f7106c8f13d4d65c300fecb5ec6d0787434bffabd","618","","","validation","directly-proven","environment","environment","content/home-lab/environment/evidence/validation/operations-infra-results/evidence/infrastructure-validation/2026-07-10/09-rto-rpo/rto-measurements.csv","source-reference-only","home-lab-environment-inventory","Operational or original-portfolio source integrity is attested by a reviewed manifest. The artifact remains in its authoritative source repository and is represented here without copying sensitive or duplicative source bytes."
"home-lab-attested-8cd27cefb660a06a","fontenotjeremy71-hub/jeremy-homelab-ops","65899f08cb8d19207c5edad7723368ed04f1f1c4","evidence/infrastructure-validation/2026-07-10/07-backup-inventory/proxmox-vm400-vma-verify-2026-07-11.png","content/home-lab/source-attestations/operations-infra-backup.json","","8fc8468150decb058ff0b2b92f80de6496babaeca6b808a81baef1499d2d3def","24986","","","screenshots","supported-with-limitations","backup-recovery","backup-recovery|proxmox|environment","content/home-lab/backup-recovery/evidence/screenshots/operations-infra-backup/evidence/infrastructure-validation/2026-07-10/07-backup-inventory/proxmox-vm400-vma-verify-2026-07-11.png","source-reference-only","home-lab-backup-and-isolated-restore|home-lab-proxmox-administration|home-lab-environment-inventory","Operational or original-portfolio source integrity is attested by a reviewed manifest. The artifact remains in its authoritative source repository and is represented here without copying sensitive or duplicative source bytes."
"home-lab-attested-8d0839c0c1ca1c2b","fontenotjeremy71-hub/jeremy-homelab-ops","65899f08cb8d19207c5edad7723368ed04f1f1c4","evidence/infrastructure-validation/2026-07-10/08-restore-validation/proxmox-isolated-restore-backup-configuration-metadata-2026-07-11.png","content/home-lab/source-attestations/operations-restore-general.json","","1ef82244f717117175e03895049cffde853d81de879736af9659bd93652adff6","42228","","","screenshots","supported-with-limitations","backup-recovery","backup-recovery|proxmox","content/home-lab/backup-recovery/evidence/screenshots/operations-restore-general/evidence/infrastructure-validation/2026-07-10/08-restore-validation/proxmox-isolated-restore-backup-configuration-metadata-2026-07-11.png","source-reference-only","home-lab-backup-and-isolated-restore|home-lab-proxmox-administration","Operational or original-portfolio source integrity is attested by a reviewed manifest. The artifact remains in its authoritative source repository and is represented here without copying sensitive or duplicative source bytes."
"home-lab-attested-8d1d8f8e54d74711","fontenotjeremy71-hub/jeremy-homelab-ops","65899f08cb8d19207c5edad7723368ed04f1f1c4","evidence/core-service-validation-20260626-010909.json","content/home-lab/source-attestations/operations-evidence-core.json","","18760a1927a71165fb0fcc29cbcf602efb7ba87da71bf65f482e95b64338351c","1893","","","validation","directly-proven","environment","environment","content/home-lab/environment/evidence/validation/operations-evidence-core/evidence/core-service-validation-20260626-010909.json","source-reference-only","home-lab-environment-inventory","Operational or original-portfolio source integrity is attested by a reviewed manifest. The artifact remains in its authoritative source repository and is represented here without copying sensitive or duplicative source bytes."
"home-lab-attested-8d404e77962a7020","fontenotjeremy71-hub/jeremy-homelab-ops","65899f08cb8d19207c5edad7723368ed04f1f1c4","evidence/infrastructure-validation/2026-07-10/07-backup-inventory/backup-log-review.txt","content/home-lab/source-attestations/operations-infra-backup.json","","35ae0ba4a431bbc3958e40f6275356a6e706b8fa2c951cce0925ee15ab7f7540","100","","","validation","supported-with-limitations","backup-recovery","backup-recovery|environment","content/home-lab/backup-recovery/evidence/validation/operations-infra-backup/evidence/infrastructure-validation/2026-07-10/07-backup-inventory/backup-log-review.txt","source-reference-only","home-lab-backup-and-isolated-restore|home-lab-environment-inventory","Operational or original-portfolio source integrity is attested by a reviewed manifest. The artifact remains in its authoritative source repository and is represented here without copying sensitive or duplicative source bytes."
"home-lab-attested-8d86f43a93aa1786","jeremyfontenot/JeremyFontenot.github.io","5581bd7bf9c61ff77000ac04aa39fcbb04ed004f","powershell-automation.html","content/home-lab/source-attestations/original-portfolio-source-only.json","powershell-automation.html","6639609f1c3e8d66c5db3dadaa1bcb5eaa9a37568c42c97637c81cfc959284b5","1793","f0fa414306b88aeafb30c52537babefe6076fbd59c31e44c14e991a9d538c653","3274","documentation","directly-proven","automation","automation","content/home-lab/automation/documentation/original-portfolio-source-only/powershell-automation.html","sanitized-derivative","home-lab-evidence-automation","Original source integrity is attested by the reviewed source manifest. The linked public page is a presentation derivative retained for route compatibility and is not described as byte-preserved."
"home-lab-attested-8da7efd507e5c69f","fontenotjeremy71-hub/jeremy-homelab-ops","65899f08cb8d19207c5edad7723368ed04f1f1c4","evidence/infrastructure-validation/2026-07-10/08-restore-validation/proxmox-dc01-temp-vmid-201-availability-2026-07-11.png","content/home-lab/source-attestations/operations-restore-dc01.json","","9092964cdfbe348ed843e5ad3f40ddf18aabbf56473a66c023a00ee7a342e045","18457","","","screenshots","supported-with-limitations","backup-recovery","backup-recovery|active-directory|proxmox","content/home-lab/backup-recovery/evidence/screenshots/operations-restore-dc01/evidence/infrastructure-validation/2026-07-10/08-restore-validation/proxmox-dc01-temp-vmid-201-availability-2026-07-11.png","source-reference-only","home-lab-backup-and-isolated-restore|home-lab-active-directory-administration|home-lab-proxmox-administration","Operational or original-portfolio source integrity is attested by a reviewed manifest. The artifact remains in its authoritative source repository and is represented here without copying sensitive or duplicative source bytes."
"home-lab-attested-8e86be5e2a54bdcd","fontenotjeremy71-hub/jeremy-homelab-ops","65899f08cb8d19207c5edad7723368ed04f1f1c4","evidence/infrastructure-validation/2026-07-10/07-backup-inventory/proxmox-backup-job-config-2026-07-11.png","content/home-lab/source-attestations/operations-infra-backup.json","","1489e9523c939265fd28c5733541115de4ebc74b92e98f7fb4d317b45031dd2a","29995","","","screenshots","supported-with-limitations","backup-recovery","backup-recovery|proxmox|environment","content/home-lab/backup-recovery/evidence/screenshots/operations-infra-backup/evidence/infrastructure-validation/2026-07-10/07-backup-inventory/proxmox-backup-job-config-2026-07-11.png","source-reference-only","home-lab-backup-and-isolated-restore|home-lab-proxmox-administration|home-lab-environment-inventory","Operational or original-portfolio source integrity is attested by a reviewed manifest. The artifact remains in its authoritative source repository and is represented here without copying sensitive or duplicative source bytes."
"home-lab-attested-8ecad7eefe86510c","fontenotjeremy71-hub/jeremy-homelab-ops","65899f08cb8d19207c5edad7723368ed04f1f1c4","evidence/framework-validation/validation/test-targets.psd1","content/home-lab/source-attestations/operations-evidence-core.json","","1dc7ce767184e6d079ca612f4aa0eb1fbab3443fe0d03273f3f05fba38b92fd5","345","","","validation","directly-proven","automation","automation","content/home-lab/automation/evidence/validation/operations-evidence-core/evidence/framework-validation/validation/test-targets.psd1","source-reference-only","home-lab-evidence-automation","Operational or original-portfolio source integrity is attested by a reviewed manifest. The artifact remains in its authoritative source repository and is represented here without copying sensitive or duplicative source bytes."
"home-lab-attested-8ef0dde9951bde8a","fontenotjeremy71-hub/jeremy-homelab-ops","65899f08cb8d19207c5edad7723368ed04f1f1c4","evidence/infrastructure-validation/2026-07-10/08-restore-validation/proxmox-ws01-isolated-restore-failed-2026-07-11.png","content/home-lab/source-attestations/operations-restore-ws01.json","","0a562ad7d8d86bd04805c89ff6552696166e3d3cb9d6207fe19490c27e763af7","1088514","","","screenshots","supported-with-limitations","backup-recovery","backup-recovery|windows-clients|proxmox","content/home-lab/backup-recovery/evidence/screenshots/operations-restore-ws01/evidence/infrastructure-validation/2026-07-10/08-restore-validation/proxmox-ws01-isolated-restore-failed-2026-07-11.png","source-reference-only","home-lab-backup-and-isolated-restore|home-lab-windows-client-administration|home-lab-proxmox-administration","Operational or original-portfolio source integrity is attested by a reviewed manifest. The artifact remains in its authoritative source repository and is represented here without copying sensitive or duplicative source bytes."
"home-lab-attested-8f4c5f11297ab710","fontenotjeremy71-hub/jeremy-homelab-ops","65899f08cb8d19207c5edad7723368ed04f1f1c4","scripts/proxmox/Get-ProxmoxReadOnlyInventory.ps1","content/home-lab/source-attestations/operations-scripts.json","","5f15ab95b34143c92be65115511ed0f3698d35e6d89062ad43b69b5851c925bc","2666","","","scripts","supported-with-limitations","proxmox","proxmox|automation|environment","content/home-lab/proxmox/scripts/operations-scripts/scripts/proxmox/Get-ProxmoxReadOnlyInventory.ps1","source-reference-only","home-lab-proxmox-administration|home-lab-evidence-automation|home-lab-environment-inventory","Operational or original-portfolio source integrity is attested by a reviewed manifest. The artifact remains in its authoritative source repository and is represented here without copying sensitive or duplicative source bytes."
"home-lab-attested-8f7230191f6494b8","fontenotjeremy71-hub/jeremy-homelab-ops","65899f08cb8d19207c5edad7723368ed04f1f1c4","evidence/infrastructure-validation/2026-07-10/00-session-metadata/network-baseline.txt","content/home-lab/source-attestations/operations-infra-session.json","","fdc328df1fc8042389312ac5103e83a5d4fe0ffabf6a4f0276f9019d2fd51a7f","56839","","","validation","supported-with-limitations","networking","networking","content/home-lab/networking/evidence/validation/operations-infra-session/evidence/infrastructure-validation/2026-07-10/00-session-metadata/network-baseline.txt","source-reference-only","home-lab-networking-validation","Operational or original-portfolio source integrity is attested by a reviewed manifest. The artifact remains in its authoritative source repository and is represented here without copying sensitive or duplicative source bytes."
"home-lab-attested-905322be211b60f9","fontenotjeremy71-hub/jeremy-homelab-ops","65899f08cb8d19207c5edad7723368ed04f1f1c4","evidence/infrastructure-validation/2026-07-10/02-network-connectivity/ws01-corrected-connectivity-tests.csv","content/home-lab/source-attestations/operations-infra-network.json","","34a973c9f404799b4beb47c03a3bf5b67a600d2244d7df0816746b438e8bd760","2022","","","validation","supported-with-limitations","windows-clients","windows-clients|networking","content/home-lab/windows-clients/evidence/validation/operations-infra-network/evidence/infrastructure-validation/2026-07-10/02-network-connectivity/ws01-corrected-connectivity-tests.csv","source-reference-only","home-lab-windows-client-administration|home-lab-networking-validation","Operational or original-portfolio source integrity is attested by a reviewed manifest. The artifact remains in its authoritative source repository and is represented here without copying sensitive or duplicative source bytes."
"home-lab-attested-905a60e453f5f7b3","jeremyfontenot/JeremyFontenot.github.io","5581bd7bf9c61ff77000ac04aa39fcbb04ed004f","active-directory-lab.html","content/home-lab/source-attestations/original-portfolio-source-only.json","active-directory-lab.html","6639609f1c3e8d66c5db3dadaa1bcb5eaa9a37568c42c97637c81cfc959284b5","1793","50ccb0c15743cc0b70d99892c73da949019493e03f70422d95d2abd20d6ebc64","3272","documentation","supported-with-limitations","active-directory","active-directory","content/home-lab/active-directory/documentation/original-portfolio-source-only/active-directory-lab.html","sanitized-derivative","home-lab-active-directory-administration","Original source integrity is attested by the reviewed source manifest. The linked public page is a presentation derivative retained for route compatibility and is not described as byte-preserved."
"home-lab-attested-90a809e6dc1cbf5b","fontenotjeremy71-hub/jeremy-homelab-ops","65899f08cb8d19207c5edad7723368ed04f1f1c4","inventories/core-service-validation-20260626-010601.json","content/home-lab/source-attestations/operations-inventories.json","","eeff4bea53c48f6cf52ba6e816e37d5e291a83759696f303ed4cdad5f22b78f4","2826","","","validation","directly-proven","environment","environment","content/home-lab/environment/evidence/validation/operations-inventories/inventories/core-service-validation-20260626-010601.json","source-reference-only","home-lab-environment-inventory","Operational or original-portfolio source integrity is attested by a reviewed manifest. The artifact remains in its authoritative source repository and is represented here without copying sensitive or duplicative source bytes."
"home-lab-attested-927121f6246b6fe3","fontenotjeremy71-hub/jeremy-homelab-ops","65899f08cb8d19207c5edad7723368ed04f1f1c4","evidence/infrastructure-validation/2026-07-10/08-restore-validation/restore-evidence-checksums.sha256","content/home-lab/source-attestations/operations-restore-general.json","","0ea60a8fc313138bb287ae9fc0595bf9a0fba81a1d60d7680feda45c0374dfc0","11778","","","manifests","supported-with-limitations","backup-recovery","backup-recovery|security","content/home-lab/backup-recovery/evidence/manifests/operations-restore-general/evidence/infrastructure-validation/2026-07-10/08-restore-validation/restore-evidence-checksums.sha256","source-reference-only","home-lab-backup-and-isolated-restore|home-lab-security-conscious-operations","Operational or original-portfolio source integrity is attested by a reviewed manifest. The artifact remains in its authoritative source repository and is represented here without copying sensitive or duplicative source bytes."
"home-lab-attested-92f4c5f3d0fddc0b","fontenotjeremy71-hub/jeremy-homelab-ops","65899f08cb8d19207c5edad7723368ed04f1f1c4","evidence/infrastructure-validation/2026-07-10/05-pfsense/pfsense-screenshot-checksums.sha256","content/home-lab/source-attestations/operations-infra-pfsense.json","","d9d0f1d495e75feea3b92e71dd6be9c17350d15d2f55f687af36a6f2ab293ba1","207","","","manifests","supported-with-limitations","pfsense","pfsense|security","content/home-lab/pfsense/evidence/manifests/operations-infra-pfsense/evidence/infrastructure-validation/2026-07-10/05-pfsense/pfsense-screenshot-checksums.sha256","source-reference-only","home-lab-pfsense-administration|home-lab-security-conscious-operations","Operational or original-portfolio source integrity is attested by a reviewed manifest. The artifact remains in its authoritative source repository and is represented here without copying sensitive or duplicative source bytes."
"home-lab-attested-93a37511e5a62b75","fontenotjeremy71-hub/jeremy-homelab-ops","65899f08cb8d19207c5edad7723368ed04f1f1c4","evidence/infrastructure-validation/2026-07-10/11-results/validation-findings-matrix.csv","content/home-lab/source-attestations/operations-infra-results.json","","66905e662fe3c09b32c04234b462393e5a425e636212a60bb966940495f8b3a7","10696","","","validation","directly-proven","environment","environment","content/home-lab/environment/evidence/validation/operations-infra-results/evidence/infrastructure-validation/2026-07-10/11-results/validation-findings-matrix.csv","source-reference-only","home-lab-environment-inventory","Operational or original-portfolio source integrity is attested by a reviewed manifest. The artifact remains in its authoritative source repository and is represented here without copying sensitive or duplicative source bytes."
"home-lab-attested-93c123f051345456","fontenotjeremy71-hub/jeremy-homelab-ops","65899f08cb8d19207c5edad7723368ed04f1f1c4","evidence/infrastructure-validation/2026-07-10/11-results/validation-executive-summary.md","content/home-lab/source-attestations/operations-infra-results.json","","417b0d77f79823f34dcaf24ae4a953530a77607a67b9c3bfbd062e60bbc493e7","5990","","","validation","directly-proven","environment","environment","content/home-lab/environment/evidence/validation/operations-infra-results/evidence/infrastructure-validation/2026-07-10/11-results/validation-executive-summary.md","source-reference-only","home-lab-environment-inventory","Operational or original-portfolio source integrity is attested by a reviewed manifest. The artifact remains in its authoritative source repository and is represented here without copying sensitive or duplicative source bytes."
"home-lab-attested-9467f89600089da1","fontenotjeremy71-hub/jeremy-homelab-ops","65899f08cb8d19207c5edad7723368ed04f1f1c4","evidence/infrastructure-validation/2026-07-10/09-rto-rpo/rto-rpo-analysis.md","content/home-lab/source-attestations/operations-infra-results.json","","e89cd0ee8c6b85a220bce2e2776c77caf3730195e9a18fa1f2b74ae7237fb57f","649","","","validation","directly-proven","environment","environment","content/home-lab/environment/evidence/validation/operations-infra-results/evidence/infrastructure-validation/2026-07-10/09-rto-rpo/rto-rpo-analysis.md","source-reference-only","home-lab-environment-inventory","Operational or original-portfolio source integrity is attested by a reviewed manifest. The artifact remains in its authoritative source repository and is represented here without copying sensitive or duplicative source bytes."
"home-lab-attested-95fef3cd568a94a4","fontenotjeremy71-hub/jeremy-homelab-ops","65899f08cb8d19207c5edad7723368ed04f1f1c4","evidence/infrastructure-validation/2026-07-10/08-restore-validation/proxmox-dc01-rerun-directory-listeners-2026-07-11.png","content/home-lab/source-attestations/operations-restore-dc01.json","","906bff89937bd181587aafff18076b8a5daec1d7722f24fe7d4f12d46a60f490","171871","","","screenshots","supported-with-limitations","backup-recovery","backup-recovery|active-directory|proxmox","content/home-lab/backup-recovery/evidence/screenshots/operations-restore-dc01/evidence/infrastructure-validation/2026-07-10/08-restore-validation/proxmox-dc01-rerun-directory-listeners-2026-07-11.png","source-reference-only","home-lab-backup-and-isolated-restore|home-lab-active-directory-administration|home-lab-proxmox-administration","Operational or original-portfolio source integrity is attested by a reviewed manifest. The artifact remains in its authoritative source repository and is represented here without copying sensitive or duplicative source bytes."
"home-lab-attested-972ba64ced3a2d34","fontenotjeremy71-hub/jeremy-homelab-ops","65899f08cb8d19207c5edad7723368ed04f1f1c4","scripts/proxmox/Invoke-ProxmoxVmOperation.ps1","content/home-lab/source-attestations/operations-scripts.json","","51b78772b80835b5587850cf15cb9b2e675073ca34491d42bbd6aa82072b5781","12977","","","scripts","supported-with-limitations","proxmox","proxmox|automation","content/home-lab/proxmox/scripts/operations-scripts/scripts/proxmox/Invoke-ProxmoxVmOperation.ps1","source-reference-only","home-lab-proxmox-administration|home-lab-evidence-automation","Operational or original-portfolio source integrity is attested by a reviewed manifest. The artifact remains in its authoritative source repository and is represented here without copying sensitive or duplicative source bytes."
"home-lab-attested-9841df0792bcbdfd","fontenotjeremy71-hub/jeremy-homelab-ops","65899f08cb8d19207c5edad7723368ed04f1f1c4","evidence/infrastructure-validation/2026-07-10/08-restore-validation/proxmox-ws01-restore-source-archive-2026-07-11.png","content/home-lab/source-attestations/operations-restore-ws01.json","","c338534aeef407aa7412706ae4f1fcf764eec61836296ed765c1d8ea9486bc2f","304748","","","screenshots","supported-with-limitations","backup-recovery","backup-recovery|windows-clients|proxmox","content/home-lab/backup-recovery/evidence/screenshots/operations-restore-ws01/evidence/infrastructure-validation/2026-07-10/08-restore-validation/proxmox-ws01-restore-source-archive-2026-07-11.png","source-reference-only","home-lab-backup-and-isolated-restore|home-lab-windows-client-administration|home-lab-proxmox-administration","Operational or original-portfolio source integrity is attested by a reviewed manifest. The artifact remains in its authoritative source repository and is represented here without copying sensitive or duplicative source bytes."
"home-lab-attested-98635f9c78f81b05","fontenotjeremy71-hub/jeremy-homelab-ops","65899f08cb8d19207c5edad7723368ed04f1f1c4","evidence/infrastructure-validation/2026-07-10/07-backup-inventory/backup-evidence-checksums.sha256","content/home-lab/source-attestations/operations-infra-backup.json","","77a5456eafbb754d6a91e50c3a45d96bd8f52da0009486312429887e21b81e53","2209","","","manifests","supported-with-limitations","backup-recovery","backup-recovery|security|environment","content/home-lab/backup-recovery/evidence/manifests/operations-infra-backup/evidence/infrastructure-validation/2026-07-10/07-backup-inventory/backup-evidence-checksums.sha256","source-reference-only","home-lab-backup-and-isolated-restore|home-lab-security-conscious-operations|home-lab-environment-inventory","Operational or original-portfolio source integrity is attested by a reviewed manifest. The artifact remains in its authoritative source repository and is represented here without copying sensitive or duplicative source bytes."
"home-lab-attested-98a923a324e0f0c6","fontenotjeremy71-hub/jeremy-homelab-ops","65899f08cb8d19207c5edad7723368ed04f1f1c4","artifacts/target-local-collection/WS01/Invoke-WS01LocalReadOnlyCollection.ps1","content/home-lab/source-attestations/operations-artifacts.json","","bd03ca22b01ae0057f7677457c14bd8c5aabf1b7a350036f38ac89e54473fef0","6978","","","documentation","supported-with-limitations","windows-clients","windows-clients|automation","content/home-lab/windows-clients/documentation/operations-artifacts/artifacts/target-local-collection/WS01/Invoke-WS01LocalReadOnlyCollection.ps1","source-reference-only","home-lab-windows-client-administration|home-lab-evidence-automation","Operational or original-portfolio source integrity is attested by a reviewed manifest. The artifact remains in its authoritative source repository and is represented here without copying sensitive or duplicative source bytes."
"home-lab-attested-9973e828694f6354","fontenotjeremy71-hub/jeremy-homelab-ops","65899f08cb8d19207c5edad7723368ed04f1f1c4","evidence/infrastructure-validation/2026-07-10/06-linux01-sssd/linux01-sssd-validation-2026-07-11.txt","content/home-lab/source-attestations/operations-infra-linux.json","","ea2f52814f5e19ffd51eb0d526671856dde1e67419732bc4c011a2aebf3b97ed","5991","","","validation","supported-with-limitations","linux","linux","content/home-lab/linux/evidence/validation/operations-infra-linux/evidence/infrastructure-validation/2026-07-10/06-linux01-sssd/linux01-sssd-validation-2026-07-11.txt","source-reference-only","home-lab-linux-administration","Operational or original-portfolio source integrity is attested by a reviewed manifest. The artifact remains in its authoritative source repository and is represented here without copying sensitive or duplicative source bytes."
"home-lab-attested-9af118d920f89305","fontenotjeremy71-hub/jeremy-homelab-ops","65899f08cb8d19207c5edad7723368ed04f1f1c4","evidence/read-only-baseline-20260625-201453/execution-context-20260625-201453.json","content/home-lab/source-attestations/operations-evidence-core.json","","b7e6bf5bda2888efc29deb79eff4e88896db0fe80eb2b52a0f16c020b2a021a0","528","","","configuration","directly-proven","environment","environment","content/home-lab/environment/evidence/configuration/operations-evidence-core/evidence/read-only-baseline-20260625-201453/execution-context-20260625-201453.json","source-reference-only","home-lab-environment-inventory","Operational or original-portfolio source integrity is attested by a reviewed manifest. The artifact remains in its authoritative source repository and is represented here without copying sensitive or duplicative source bytes."
"home-lab-attested-9bbb07938b3b9656","fontenotjeremy71-hub/jeremy-homelab-ops","65899f08cb8d19207c5edad7723368ed04f1f1c4","evidence/home-lab-backup-restore-validation-20260629.txt","content/home-lab/source-attestations/operations-evidence-core.json","","4637e848c9b318b8c74bb9c6e4569b3cc03e6686ce64fa367cf6dec05fa52e13","1086","","","validation","supported-with-limitations","backup-recovery","backup-recovery|environment","content/home-lab/backup-recovery/evidence/validation/operations-evidence-core/evidence/home-lab-backup-restore-validation-20260629.txt","source-reference-only","home-lab-backup-and-isolated-restore|home-lab-environment-inventory","Operational or original-portfolio source integrity is attested by a reviewed manifest. The artifact remains in its authoritative source repository and is represented here without copying sensitive or duplicative source bytes."
"home-lab-attested-9bce34cf8b980699","fontenotjeremy71-hub/jeremy-homelab-ops","65899f08cb8d19207c5edad7723368ed04f1f1c4","evidence/infrastructure-validation/2026-07-10/01-proxmox/vm-inventory.txt","content/home-lab/source-attestations/operations-infra-proxmox.json","","90cf5c40942d3d947554bfe10f9124579d5b45e39cb112d83e2d92274139ba34","984","","","validation","supported-with-limitations","proxmox","proxmox|environment","content/home-lab/proxmox/evidence/validation/operations-infra-proxmox/evidence/infrastructure-validation/2026-07-10/01-proxmox/vm-inventory.txt","source-reference-only","home-lab-proxmox-administration|home-lab-environment-inventory","Operational or original-portfolio source integrity is attested by a reviewed manifest. The artifact remains in its authoritative source repository and is represented here without copying sensitive or duplicative source bytes."
"home-lab-attested-9be2f49f6e635977","fontenotjeremy71-hub/jeremy-homelab-ops","65899f08cb8d19207c5edad7723368ed04f1f1c4","inventories/windows-management-workstation-20260626-010601.json","content/home-lab/source-attestations/operations-inventories.json","","d0ba41ffa374cdce38ec795bc7f1edb86a46129f272e6463b082324045cae4a9","1081","","","exports","directly-proven","environment","environment","content/home-lab/environment/evidence/exports/operations-inventories/inventories/windows-management-workstation-20260626-010601.json","source-reference-only","home-lab-environment-inventory","Operational or original-portfolio source integrity is attested by a reviewed manifest. The artifact remains in its authoritative source repository and is represented here without copying sensitive or duplicative source bytes."
"home-lab-attested-9cdd6e6853cbf2e0","fontenotjeremy71-hub/jeremy-homelab-ops","65899f08cb8d19207c5edad7723368ed04f1f1c4","docs/change-plans/centralized-logging-expansion.md","content/home-lab/source-attestations/operations-docs.json","","41fe1a338eb3b110f37751af2992dd166b628294b835789e1910ec9b3ab08627","8413","","","documentation","documented-only","monitoring-logging","monitoring-logging","content/home-lab/monitoring-logging/documentation/operations-docs/docs/change-plans/centralized-logging-expansion.md","source-reference-only","home-lab-monitoring-logging-documentation","Operational or original-portfolio source integrity is attested by a reviewed manifest. The artifact remains in its authoritative source repository and is represented here without copying sensitive or duplicative source bytes."
"home-lab-attested-9d89e693bfc21c8a","fontenotjeremy71-hub/jeremy-homelab-ops","65899f08cb8d19207c5edad7723368ed04f1f1c4","evidence/infrastructure-validation/2026-07-10/07-backup-inventory/proxmox-backup-integrity-summary-2026-07-11.txt","content/home-lab/source-attestations/operations-infra-backup.json","","29cecb3b0aa0a28f6b9d03130c816a8b9c41b4e4e27630fbd9a6a0893ddfc23a","1199","","","validation","supported-with-limitations","backup-recovery","backup-recovery|proxmox|security|environment","content/home-lab/backup-recovery/evidence/validation/operations-infra-backup/evidence/infrastructure-validation/2026-07-10/07-backup-inventory/proxmox-backup-integrity-summary-2026-07-11.txt","source-reference-only","home-lab-backup-and-isolated-restore|home-lab-proxmox-administration|home-lab-security-conscious-operations|home-lab-environment-inventory","Operational or original-portfolio source integrity is attested by a reviewed manifest. The artifact remains in its authoritative source repository and is represented here without copying sensitive or duplicative source bytes."
"home-lab-attested-9fb4595487a8170d","fontenotjeremy71-hub/jeremy-homelab-ops","65899f08cb8d19207c5edad7723368ed04f1f1c4","tests/Test-PortfolioHomeLabDrift.ps1","content/home-lab/source-attestations/operations-tests.json","","ad8604856ed60814d0a8579334ef7ebe8df4facb6b391e6adb06dbe42cee62d3","6417","","","scripts","directly-proven","automation","automation","content/home-lab/automation/scripts/operations-tests/tests/Test-PortfolioHomeLabDrift.ps1","source-reference-only","home-lab-evidence-automation","Operational or original-portfolio source integrity is attested by a reviewed manifest. The artifact remains in its authoritative source repository and is represented here without copying sensitive or duplicative source bytes."
"home-lab-attested-a005920e9aa37ef9","fontenotjeremy71-hub/jeremy-homelab-ops","65899f08cb8d19207c5edad7723368ed04f1f1c4","evidence/linux01-sssd-remediation-20260626-110159.md","content/home-lab/source-attestations/operations-evidence-core.json","","92755727a576981972a701e92ced629f062f26fcd290bfa7cd4287ab29697326","1611","","","documentation","supported-with-limitations","linux","linux","content/home-lab/linux/documentation/operations-evidence-core/evidence/linux01-sssd-remediation-20260626-110159.md","source-reference-only","home-lab-linux-administration","Operational or original-portfolio source integrity is attested by a reviewed manifest. The artifact remains in its authoritative source repository and is represented here without copying sensitive or duplicative source bytes."
"home-lab-attested-a0ca9d864730dac8","fontenotjeremy71-hub/jeremy-homelab-ops","65899f08cb8d19207c5edad7723368ed04f1f1c4","evidence/infrastructure-validation/2026-07-10/07-backup-inventory/backup-integrity-analysis.md","content/home-lab/source-attestations/operations-infra-backup.json","","a8742aa7440fb9766a882e635861c4912ea016e22c7a1d395d00559f97756ed5","1787","","","validation","supported-with-limitations","backup-recovery","backup-recovery|security|environment","content/home-lab/backup-recovery/evidence/validation/operations-infra-backup/evidence/infrastructure-validation/2026-07-10/07-backup-inventory/backup-integrity-analysis.md","source-reference-only","home-lab-backup-and-isolated-restore|home-lab-security-conscious-operations|home-lab-environment-inventory","Operational or original-portfolio source integrity is attested by a reviewed manifest. The artifact remains in its authoritative source repository and is represented here without copying sensitive or duplicative source bytes."
"home-lab-attested-a10a6e29835d4c79","fontenotjeremy71-hub/jeremy-homelab-ops","65899f08cb8d19207c5edad7723368ed04f1f1c4","evidence/infrastructure-validation/2026-07-10/08-restore-validation/proxmox-dc01-rerun-cleanup-task-2026-07-11.png","content/home-lab/source-attestations/operations-restore-dc01.json","","6e3352fbe76f518c5780ada6b46cc39bc44c2bdc8efb6a6dc0ba5f369e765241","318353","","","screenshots","supported-with-limitations","backup-recovery","backup-recovery|active-directory|proxmox","content/home-lab/backup-recovery/evidence/screenshots/operations-restore-dc01/evidence/infrastructure-validation/2026-07-10/08-restore-validation/proxmox-dc01-rerun-cleanup-task-2026-07-11.png","source-reference-only","home-lab-backup-and-isolated-restore|home-lab-active-directory-administration|home-lab-proxmox-administration","Operational or original-portfolio source integrity is attested by a reviewed manifest. The artifact remains in its authoritative source repository and is represented here without copying sensitive or duplicative source bytes."
"home-lab-attested-a21e0b686b9f4576","fontenotjeremy71-hub/jeremy-homelab-ops","65899f08cb8d19207c5edad7723368ed04f1f1c4","evidence/infrastructure-validation/2026-07-10/08-restore-validation/ws01-boot-validation.txt","content/home-lab/source-attestations/operations-restore-ws01.json","","af3c77b7997b8b1167cce8b7e83ecf91add97d699051b172aaf61355cae36e6e","789","","","validation","supported-with-limitations","backup-recovery","backup-recovery|windows-clients","content/home-lab/backup-recovery/evidence/validation/operations-restore-ws01/evidence/infrastructure-validation/2026-07-10/08-restore-validation/ws01-boot-validation.txt","source-reference-only","home-lab-backup-and-isolated-restore|home-lab-windows-client-administration","Operational or original-portfolio source integrity is attested by a reviewed manifest. The artifact remains in its authoritative source repository and is represented here without copying sensitive or duplicative source bytes."
"home-lab-attested-a30c9389f618a434","fontenotjeremy71-hub/jeremy-homelab-ops","65899f08cb8d19207c5edad7723368ed04f1f1c4","evidence/target-local-inventory-validation-20260626-020708.md","content/home-lab/source-attestations/operations-evidence-core.json","","87332f8dbc354de7ede6873cf1a392d53798b5cb9757f102174a66dc19d16bc2","5146","","","validation","directly-proven","environment","environment","content/home-lab/environment/evidence/validation/operations-evidence-core/evidence/target-local-inventory-validation-20260626-020708.md","source-reference-only","home-lab-environment-inventory","Operational or original-portfolio source integrity is attested by a reviewed manifest. The artifact remains in its authoritative source repository and is represented here without copying sensitive or duplicative source bytes."
"home-lab-attested-a38f5d74315d6e25","fontenotjeremy71-hub/jeremy-homelab-ops","65899f08cb8d19207c5edad7723368ed04f1f1c4","scripts/active-directory/Get-ADReadOnlyInventory.ps1","content/home-lab/source-attestations/operations-scripts.json","","918af95eb5f725905bbb074b29d2668f9f4b7d640194f8af09155b666f903453","3973","","","scripts","supported-with-limitations","active-directory","active-directory|automation|environment","content/home-lab/active-directory/scripts/operations-scripts/scripts/active-directory/Get-ADReadOnlyInventory.ps1","source-reference-only","home-lab-active-directory-administration|home-lab-evidence-automation|home-lab-environment-inventory","Operational or original-portfolio source integrity is attested by a reviewed manifest. The artifact remains in its authoritative source repository and is represented here without copying sensitive or duplicative source bytes."
"home-lab-attested-a3b6639b5b5f2d97","fontenotjeremy71-hub/jeremy-homelab-ops","65899f08cb8d19207c5edad7723368ed04f1f1c4","evidence/infrastructure-validation/2026-07-10/05-pfsense/pfsense-openvpn-rules-2026-07-10.png","content/home-lab/source-attestations/operations-infra-pfsense.json","","fbafead09392d071e78d7f154c9907b795fd931567c964047275dbcf8a1e0cac","102643","","","screenshots","supported-with-limitations","pfsense","pfsense|networking","content/home-lab/pfsense/evidence/screenshots/operations-infra-pfsense/evidence/infrastructure-validation/2026-07-10/05-pfsense/pfsense-openvpn-rules-2026-07-10.png","source-reference-only","home-lab-pfsense-administration|home-lab-networking-validation","Operational or original-portfolio source integrity is attested by a reviewed manifest. The artifact remains in its authoritative source repository and is represented here without copying sensitive or duplicative source bytes."
"home-lab-attested-a6dc0636ed2d19a4","fontenotjeremy71-hub/jeremy-homelab-ops","65899f08cb8d19207c5edad7723368ed04f1f1c4","evidence/infrastructure-validation/2026-07-10/06-linux01-sssd/linux01-sssd-analysis.md","content/home-lab/source-attestations/operations-infra-linux.json","","04f8b2714b596a71d00b64c45084034a5e84372cd8751d4f7047e67d31129624","1303","","","validation","supported-with-limitations","linux","linux","content/home-lab/linux/evidence/validation/operations-infra-linux/evidence/infrastructure-validation/2026-07-10/06-linux01-sssd/linux01-sssd-analysis.md","source-reference-only","home-lab-linux-administration","Operational or original-portfolio source integrity is attested by a reviewed manifest. The artifact remains in its authoritative source repository and is represented here without copying sensitive or duplicative source bytes."
"home-lab-attested-a8ad09428affe631","fontenotjeremy71-hub/jeremy-homelab-ops","65899f08cb8d19207c5edad7723368ed04f1f1c4","docs/runbooks/dc01-ws01-local-collection.md","content/home-lab/source-attestations/operations-docs.json","","17bd193dc4b03c27c2fa4048ca1d34e8e8d9fa52a13d83456e7fceb4e22d33ca","1510","","","documentation","documented-only","active-directory","active-directory|windows-clients","content/home-lab/active-directory/documentation/operations-docs/docs/runbooks/dc01-ws01-local-collection.md","source-reference-only","home-lab-active-directory-administration|home-lab-windows-client-administration","Operational or original-portfolio source integrity is attested by a reviewed manifest. The artifact remains in its authoritative source repository and is represented here without copying sensitive or duplicative source bytes."
"home-lab-attested-a90b420bb7d3a0c1","fontenotjeremy71-hub/jeremy-homelab-ops","65899f08cb8d19207c5edad7723368ed04f1f1c4","evidence/read-only-baseline-20260625-201707/execution-context-20260625-201707.json","content/home-lab/source-attestations/operations-evidence-core.json","","521557b251985141bd2eb128fa06b8f5b34980d100f03b337066f0662080b478","528","","","configuration","directly-proven","environment","environment","content/home-lab/environment/evidence/configuration/operations-evidence-core/evidence/read-only-baseline-20260625-201707/execution-context-20260625-201707.json","source-reference-only","home-lab-environment-inventory","Operational or original-portfolio source integrity is attested by a reviewed manifest. The artifact remains in its authoritative source repository and is represented here without copying sensitive or duplicative source bytes."
"home-lab-attested-a92a6a6b595b6c25","fontenotjeremy71-hub/jeremy-homelab-ops","65899f08cb8d19207c5edad7723368ed04f1f1c4","artifacts/target-local-collection/Linux01/linux01-sssd-diagnostic-20260626-094322.json","content/home-lab/source-attestations/operations-artifacts.json","","3cad0fb73202d777d41dee40d6f4d19d4019b9ad30552b37970b55a5ca5ab3bb","160252","","","validation","supported-with-limitations","linux","linux","content/home-lab/linux/evidence/validation/operations-artifacts/artifacts/target-local-collection/Linux01/linux01-sssd-diagnostic-20260626-094322.json","source-reference-only","home-lab-linux-administration","Operational or original-portfolio source integrity is attested by a reviewed manifest. The artifact remains in its authoritative source repository and is represented here without copying sensitive or duplicative source bytes."
"home-lab-attested-ad5deae549cf5944","fontenotjeremy71-hub/jeremy-homelab-ops","65899f08cb8d19207c5edad7723368ed04f1f1c4","scripts/linux/Invoke-Linux01LocalReadOnlyCollection.sh","content/home-lab/source-attestations/operations-scripts.json","","145eba4444c5a9b4dc6e1837d3e23aa5c77b3873669fee7f8f69568d94616cc1","5556","","","scripts","supported-with-limitations","linux","linux|automation","content/home-lab/linux/scripts/operations-scripts/scripts/linux/Invoke-Linux01LocalReadOnlyCollection.sh","source-reference-only","home-lab-linux-administration|home-lab-evidence-automation","Operational or original-portfolio source integrity is attested by a reviewed manifest. The artifact remains in its authoritative source repository and is represented here without copying sensitive or duplicative source bytes."
"home-lab-attested-adfc6368c4aa5850","fontenotjeremy71-hub/jeremy-homelab-ops","65899f08cb8d19207c5edad7723368ed04f1f1c4","evidence/read-only-baseline-20260625-201313/execution-context-20260625-201313.json","content/home-lab/source-attestations/operations-evidence-core.json","","13e2f10b2400a02fc3dae95c506e0815db37efa77c4e0d6cd187eadc26055ca5","528","","","configuration","directly-proven","environment","environment","content/home-lab/environment/evidence/configuration/operations-evidence-core/evidence/read-only-baseline-20260625-201313/execution-context-20260625-201313.json","source-reference-only","home-lab-environment-inventory","Operational or original-portfolio source integrity is attested by a reviewed manifest. The artifact remains in its authoritative source repository and is represented here without copying sensitive or duplicative source bytes."
"home-lab-attested-ae35e9ca8ca003ae","fontenotjeremy71-hub/jeremy-homelab-ops","65899f08cb8d19207c5edad7723368ed04f1f1c4","evidence/infrastructure-validation/2026-07-10/08-restore-validation/dc01-isolated-restore-review.md","content/home-lab/source-attestations/operations-restore-dc01.json","","f3a24c20ab1f29fcf6e24515b024befb980d69a91b83593ab4eeb5fd6f730c65","8776","","","validation","supported-with-limitations","backup-recovery","backup-recovery|active-directory","content/home-lab/backup-recovery/evidence/validation/operations-restore-dc01/evidence/infrastructure-validation/2026-07-10/08-restore-validation/dc01-isolated-restore-review.md","source-reference-only","home-lab-backup-and-isolated-restore|home-lab-active-directory-administration","Operational or original-portfolio source integrity is attested by a reviewed manifest. The artifact remains in its authoritative source repository and is represented here without copying sensitive or duplicative source bytes."
"home-lab-attested-ae500c4b96d62609","fontenotjeremy71-hub/jeremy-homelab-ops","65899f08cb8d19207c5edad7723368ed04f1f1c4","evidence/openvpn-dc01-rdp-path-validation-20260706-173333.md","content/home-lab/source-attestations/operations-evidence-core.json","","4dd7ec45e58de829b14823f0f3edca8edaec20df4e13d0fe694e740fe68c1310","1613","","","validation","supported-with-limitations","pfsense","pfsense|active-directory|windows-clients|networking","content/home-lab/pfsense/evidence/validation/operations-evidence-core/evidence/openvpn-dc01-rdp-path-validation-20260706-173333.md","source-reference-only","home-lab-pfsense-administration|home-lab-active-directory-administration|home-lab-windows-client-administration|home-lab-networking-validation","Operational or original-portfolio source integrity is attested by a reviewed manifest. The artifact remains in its authoritative source repository and is represented here without copying sensitive or duplicative source bytes."
"home-lab-attested-ae7e5a82f446fa50","fontenotjeremy71-hub/jeremy-homelab-ops","65899f08cb8d19207c5edad7723368ed04f1f1c4","evidence/portfolio-home-lab-drift-validation-20260629-210609.txt","content/home-lab/source-attestations/operations-evidence-core.json","","4476c893768401cff913a0b2c75ac71b178e713b14addff5dad189cd2e87cb79","1830","","","validation","directly-proven","environment","environment","content/home-lab/environment/evidence/validation/operations-evidence-core/evidence/portfolio-home-lab-drift-validation-20260629-210609.txt","source-reference-only","home-lab-environment-inventory","Operational or original-portfolio source integrity is attested by a reviewed manifest. The artifact remains in its authoritative source repository and is represented here without copying sensitive or duplicative source bytes."
"home-lab-attested-af52ffc118aad497","fontenotjeremy71-hub/jeremy-homelab-ops","65899f08cb8d19207c5edad7723368ed04f1f1c4","scripts/linux/Get-LinuxReadOnlyInventory.ps1","content/home-lab/source-attestations/operations-scripts.json","","4ed96e49aef3d8d7aee9cff5d90700a750fc1ea34a660b9333cf04a058d28b03","6726","","","scripts","supported-with-limitations","linux","linux|automation|environment","content/home-lab/linux/scripts/operations-scripts/scripts/linux/Get-LinuxReadOnlyInventory.ps1","source-reference-only","home-lab-linux-administration|home-lab-evidence-automation|home-lab-environment-inventory","Operational or original-portfolio source integrity is attested by a reviewed manifest. The artifact remains in its authoritative source repository and is represented here without copying sensitive or duplicative source bytes."
"home-lab-attested-b016fb7eb20f87ad","fontenotjeremy71-hub/jeremy-homelab-ops","65899f08cb8d19207c5edad7723368ed04f1f1c4","evidence/infrastructure-validation/2026-07-10/08-restore-validation/pfsense-proxmox-command-transcript-2026-07-12.txt","content/home-lab/source-attestations/operations-restore-pfsense.json","","6e58370df6a325699be669589de86d136d030784a9edbd3195b57a23493031de","7353","","","validation","supported-with-limitations","backup-recovery","backup-recovery|pfsense|proxmox|automation","content/home-lab/backup-recovery/evidence/validation/operations-restore-pfsense/evidence/infrastructure-validation/2026-07-10/08-restore-validation/pfsense-proxmox-command-transcript-2026-07-12.txt","source-reference-only","home-lab-backup-and-isolated-restore|home-lab-pfsense-administration|home-lab-proxmox-administration|home-lab-evidence-automation","Operational or original-portfolio source integrity is attested by a reviewed manifest. The artifact remains in its authoritative source repository and is represented here without copying sensitive or duplicative source bytes."
"home-lab-attested-b143278557830d1b","fontenotjeremy71-hub/jeremy-homelab-ops","65899f08cb8d19207c5edad7723368ed04f1f1c4","evidence/infrastructure-validation/2026-07-10/11-results/evidence-manifest.csv","content/home-lab/source-attestations/operations-infra-results.json","","9db0aae74fb3a591a8494197b231708c92b2e93668c24d356bcf13f639766908","52210","","","manifests","directly-proven","environment","environment","content/home-lab/environment/evidence/manifests/operations-infra-results/evidence/infrastructure-validation/2026-07-10/11-results/evidence-manifest.csv","source-reference-only","home-lab-environment-inventory","Operational or original-portfolio source integrity is attested by a reviewed manifest. The artifact remains in its authoritative source repository and is represented here without copying sensitive or duplicative source bytes."
"home-lab-attested-b157a3da23933a89","fontenotjeremy71-hub/jeremy-homelab-ops","65899f08cb8d19207c5edad7723368ed04f1f1c4","evidence/infrastructure-validation/2026-07-10/07-backup-inventory/proxmox-backup-directory-inventory-2026-07-11.png","content/home-lab/source-attestations/operations-infra-backup.json","","9ff90752b79d4da3f6756657bdff3f28207ee7119b111c0e77e45898722a809d","139253","","","screenshots","supported-with-limitations","backup-recovery","backup-recovery|proxmox|environment","content/home-lab/backup-recovery/evidence/screenshots/operations-infra-backup/evidence/infrastructure-validation/2026-07-10/07-backup-inventory/proxmox-backup-directory-inventory-2026-07-11.png","source-reference-only","home-lab-backup-and-isolated-restore|home-lab-proxmox-administration|home-lab-environment-inventory","Operational or original-portfolio source integrity is attested by a reviewed manifest. The artifact remains in its authoritative source repository and is represented here without copying sensitive or duplicative source bytes."
"home-lab-attested-b23e5b9168d78701","fontenotjeremy71-hub/jeremy-homelab-ops","65899f08cb8d19207c5edad7723368ed04f1f1c4","evidence/infrastructure-validation/2026-07-10/08-restore-validation/proxmox-dc01-restored-config-before-network-isolation-2026-07-11.png","content/home-lab/source-attestations/operations-restore-dc01.json","","a7d6ba820e7a506a507c347e717321d38a3ebbca0f11c3480fa8c43fbfcad766","47724","","","screenshots","supported-with-limitations","backup-recovery","backup-recovery|active-directory|proxmox|networking|security","content/home-lab/backup-recovery/evidence/screenshots/operations-restore-dc01/evidence/infrastructure-validation/2026-07-10/08-restore-validation/proxmox-dc01-restored-config-before-network-isolation-2026-07-11.png","source-reference-only","home-lab-backup-and-isolated-restore|home-lab-active-directory-administration|home-lab-proxmox-administration|home-lab-networking-validation|home-lab-security-conscious-operations","Operational or original-portfolio source integrity is attested by a reviewed manifest. The artifact remains in its authoritative source repository and is represented here without copying sensitive or duplicative source bytes."
"home-lab-attested-b544a260e797f52e","fontenotjeremy71-hub/jeremy-homelab-ops","65899f08cb8d19207c5edad7723368ed04f1f1c4","evidence/read-only-baseline-20260625-201313/connectivity-results-20260625-201313.json","content/home-lab/source-attestations/operations-evidence-core.json","","997764a3161ecef5553db5f5c8333077a313a89aca65330aaaf36557758b0f7e","3750","","","validation","supported-with-limitations","networking","networking","content/home-lab/networking/evidence/validation/operations-evidence-core/evidence/read-only-baseline-20260625-201313/connectivity-results-20260625-201313.json","source-reference-only","home-lab-networking-validation","Operational or original-portfolio source integrity is attested by a reviewed manifest. The artifact remains in its authoritative source repository and is represented here without copying sensitive or duplicative source bytes."
"home-lab-attested-b6051c9f75d067c5","fontenotjeremy71-hub/jeremy-homelab-ops","65899f08cb8d19207c5edad7723368ed04f1f1c4","evidence/infrastructure-validation/2026-07-10/08-restore-validation/proxmox-linux01-isolated-restore-console-boot-2026-07-11.png","content/home-lab/source-attestations/operations-restore-linux01.json","","206be2bebd98915300d64ffba293d68edb8e9fc569e811299ba16c7fe5e29e00","26486","","","screenshots","supported-with-limitations","backup-recovery","backup-recovery|linux|proxmox","content/home-lab/backup-recovery/evidence/screenshots/operations-restore-linux01/evidence/infrastructure-validation/2026-07-10/08-restore-validation/proxmox-linux01-isolated-restore-console-boot-2026-07-11.png","source-reference-only","home-lab-backup-and-isolated-restore|home-lab-linux-administration|home-lab-proxmox-administration","Operational or original-portfolio source integrity is attested by a reviewed manifest. The artifact remains in its authoritative source repository and is represented here without copying sensitive or duplicative source bytes."
"home-lab-attested-b652d2fada6c278d","fontenotjeremy71-hub/jeremy-homelab-ops","65899f08cb8d19207c5edad7723368ed04f1f1c4","docs/change-plans/read-only-inventory-validation.md","content/home-lab/source-attestations/operations-docs.json","","9f7fe7716859545aac201d6a5d62bac77cfe16b4ec26dc7892f8c0b9c2ffb341","3657","","","validation","directly-proven","environment","environment","content/home-lab/environment/evidence/validation/operations-docs/docs/change-plans/read-only-inventory-validation.md","source-reference-only","home-lab-environment-inventory","Operational or original-portfolio source integrity is attested by a reviewed manifest. The artifact remains in its authoritative source repository and is represented here without copying sensitive or duplicative source bytes."
"home-lab-attested-b7a359c9bc2d2413","fontenotjeremy71-hub/jeremy-homelab-ops","65899f08cb8d19207c5edad7723368ed04f1f1c4","evidence/infrastructure-validation/2026-07-10/08-restore-validation/proxmox-dc01-isolated-restore-complete-2026-07-11.png","content/home-lab/source-attestations/operations-restore-dc01.json","","25e425a6466ba355dfdb8e33f0116c547bcca11835520c30a3281fac16930cd4","22936","","","screenshots","supported-with-limitations","backup-recovery","backup-recovery|active-directory|proxmox","content/home-lab/backup-recovery/evidence/screenshots/operations-restore-dc01/evidence/infrastructure-validation/2026-07-10/08-restore-validation/proxmox-dc01-isolated-restore-complete-2026-07-11.png","source-reference-only","home-lab-backup-and-isolated-restore|home-lab-active-directory-administration|home-lab-proxmox-administration","Operational or original-portfolio source integrity is attested by a reviewed manifest. The artifact remains in its authoritative source repository and is represented here without copying sensitive or duplicative source bytes."
"home-lab-attested-b92432cdb3b689b4","fontenotjeremy71-hub/jeremy-homelab-ops","65899f08cb8d19207c5edad7723368ed04f1f1c4","evidence/infrastructure-validation/2026-07-10/08-restore-validation/proxmox-ws01-isolated-restore-clean-shutdown-2026-07-11.png","content/home-lab/source-attestations/operations-restore-ws01.json","","36d88c2435eca63768d294bcd724aef1c492d97bab4a44f273a0268034a8cc53","379756","","","screenshots","supported-with-limitations","backup-recovery","backup-recovery|windows-clients|proxmox","content/home-lab/backup-recovery/evidence/screenshots/operations-restore-ws01/evidence/infrastructure-validation/2026-07-10/08-restore-validation/proxmox-ws01-isolated-restore-clean-shutdown-2026-07-11.png","source-reference-only","home-lab-backup-and-isolated-restore|home-lab-windows-client-administration|home-lab-proxmox-administration","Operational or original-portfolio source integrity is attested by a reviewed manifest. The artifact remains in its authoritative source repository and is represented here without copying sensitive or duplicative source bytes."
"home-lab-attested-bd0481a92edf2473","fontenotjeremy71-hub/jeremy-homelab-ops","65899f08cb8d19207c5edad7723368ed04f1f1c4","evidence/framework-validation/validation/connectivity-results-validation.md","content/home-lab/source-attestations/operations-evidence-core.json","","36aa3d176d129f15449d522e467f2cd66cedf69f061c046517581ae314b6f96a","728","","","validation","supported-with-limitations","networking","networking|automation","content/home-lab/networking/evidence/validation/operations-evidence-core/evidence/framework-validation/validation/connectivity-results-validation.md","source-reference-only","home-lab-networking-validation|home-lab-evidence-automation","Operational or original-portfolio source integrity is attested by a reviewed manifest. The artifact remains in its authoritative source repository and is represented here without copying sensitive or duplicative source bytes."
"home-lab-attested-bd4b53f7bcf42c63","fontenotjeremy71-hub/jeremy-homelab-ops","65899f08cb8d19207c5edad7723368ed04f1f1c4","docs/runbooks/linux01-read-only-inventory.md","content/home-lab/source-attestations/operations-docs.json","","101283b4555a754b96d1a8a09d0910cc4ac6d31fe64ccb23bb13be670e161666","2578","","","inventories","supported-with-limitations","linux","linux|environment","content/home-lab/linux/evidence/inventories/operations-docs/docs/runbooks/linux01-read-only-inventory.md","source-reference-only","home-lab-linux-administration|home-lab-environment-inventory","Operational or original-portfolio source integrity is attested by a reviewed manifest. The artifact remains in its authoritative source repository and is represented here without copying sensitive or duplicative source bytes."
"home-lab-attested-be031a7b565f21fb","fontenotjeremy71-hub/jeremy-homelab-ops","65899f08cb8d19207c5edad7723368ed04f1f1c4","evidence/infrastructure-validation/2026-07-10/08-restore-validation/ws01-restore-log.txt","content/home-lab/source-attestations/operations-restore-ws01.json","","e86bc9424c71f9886d43f31dab81ba7dd12b19adf7abcc9f08989f61669af952","1981","","","validation","supported-with-limitations","backup-recovery","backup-recovery|windows-clients","content/home-lab/backup-recovery/evidence/validation/operations-restore-ws01/evidence/infrastructure-validation/2026-07-10/08-restore-validation/ws01-restore-log.txt","source-reference-only","home-lab-backup-and-isolated-restore|home-lab-windows-client-administration","Operational or original-portfolio source integrity is attested by a reviewed manifest. The artifact remains in its authoritative source repository and is represented here without copying sensitive or duplicative source bytes."
"home-lab-attested-be4c2b57d72bfd00","fontenotjeremy71-hub/jeremy-homelab-ops","65899f08cb8d19207c5edad7723368ed04f1f1c4","evidence/infrastructure-validation/2026-07-10/08-restore-validation/proxmox-linux01-restored-config-before-network-isolation-2026-07-11.png","content/home-lab/source-attestations/operations-restore-linux01.json","","a92f0b420335e07cb81dfe160015f81d92d09328404e327fdab0cf035a6fe416","37302","","","screenshots","supported-with-limitations","backup-recovery","backup-recovery|linux|proxmox|networking|security","content/home-lab/backup-recovery/evidence/screenshots/operations-restore-linux01/evidence/infrastructure-validation/2026-07-10/08-restore-validation/proxmox-linux01-restored-config-before-network-isolation-2026-07-11.png","source-reference-only","home-lab-backup-and-isolated-restore|home-lab-linux-administration|home-lab-proxmox-administration|home-lab-networking-validation|home-lab-security-conscious-operations","Operational or original-portfolio source integrity is attested by a reviewed manifest. The artifact remains in its authoritative source repository and is represented here without copying sensitive or duplicative source bytes."
"home-lab-attested-c0b7e306e6a53946","fontenotjeremy71-hub/jeremy-homelab-ops","65899f08cb8d19207c5edad7723368ed04f1f1c4","evidence/infrastructure-validation/2026-07-10/08-restore-validation/proxmox-pfsense-isolated-restore-console-boot-2026-07-12.png","content/home-lab/source-attestations/operations-restore-pfsense.json","","e9d4878e933ffe9da12252755e6534ccf249aaf56bb3e6c8a20f2d7da1b4f4ac","183533","","","screenshots","supported-with-limitations","backup-recovery","backup-recovery|pfsense|proxmox","content/home-lab/backup-recovery/evidence/screenshots/operations-restore-pfsense/evidence/infrastructure-validation/2026-07-10/08-restore-validation/proxmox-pfsense-isolated-restore-console-boot-2026-07-12.png","source-reference-only","home-lab-backup-and-isolated-restore|home-lab-pfsense-administration|home-lab-proxmox-administration","Operational or original-portfolio source integrity is attested by a reviewed manifest. The artifact remains in its authoritative source repository and is represented here without copying sensitive or duplicative source bytes."
"home-lab-attested-c19fabe6bfb6e7ef","fontenotjeremy71-hub/jeremy-homelab-ops","65899f08cb8d19207c5edad7723368ed04f1f1c4","artifacts/target-local-collection/Linux01/Get-Linux01SssdDiagnostic.sh","content/home-lab/source-attestations/operations-artifacts.json","","0751d10625a8114a711786b654ed17c8c969b326c7e74e84e4109e052585df1e","6469","","","validation","supported-with-limitations","linux","linux|automation","content/home-lab/linux/evidence/validation/operations-artifacts/artifacts/target-local-collection/Linux01/Get-Linux01SssdDiagnostic.sh","source-reference-only","home-lab-linux-administration|home-lab-evidence-automation","Operational or original-portfolio source integrity is attested by a reviewed manifest. The artifact remains in its authoritative source repository and is represented here without copying sensitive or duplicative source bytes."
"home-lab-attested-c1acee04e5b16807","fontenotjeremy71-hub/jeremy-homelab-ops","65899f08cb8d19207c5edad7723368ed04f1f1c4","evidence/infrastructure-validation/2026-07-10/08-restore-validation/proxmox-linux01-isolated-restore-cleanup-2026-07-11.png","content/home-lab/source-attestations/operations-restore-linux01.json","","1a9fd80c8a09de0db0efc7f05276a785159b70d1b50dabae1f7d34e77bea6a6f","36688","","","screenshots","supported-with-limitations","backup-recovery","backup-recovery|linux|proxmox","content/home-lab/backup-recovery/evidence/screenshots/operations-restore-linux01/evidence/infrastructure-validation/2026-07-10/08-restore-validation/proxmox-linux01-isolated-restore-cleanup-2026-07-11.png","source-reference-only","home-lab-backup-and-isolated-restore|home-lab-linux-administration|home-lab-proxmox-administration","Operational or original-portfolio source integrity is attested by a reviewed manifest. The artifact remains in its authoritative source repository and is represented here without copying sensitive or duplicative source bytes."
"home-lab-attested-c2a1be70976d34e7","fontenotjeremy71-hub/jeremy-homelab-ops","65899f08cb8d19207c5edad7723368ed04f1f1c4","evidence/infrastructure-validation/2026-07-10/08-restore-validation/proxmox-dc01-isolated-restore-start-2026-07-11.png","content/home-lab/source-attestations/operations-restore-dc01.json","","d108f6608297770c52aff12ce522cd51636e0ee998e1198362a115e6f27c8418","23804","","","screenshots","supported-with-limitations","backup-recovery","backup-recovery|active-directory|proxmox","content/home-lab/backup-recovery/evidence/screenshots/operations-restore-dc01/evidence/infrastructure-validation/2026-07-10/08-restore-validation/proxmox-dc01-isolated-restore-start-2026-07-11.png","source-reference-only","home-lab-backup-and-isolated-restore|home-lab-active-directory-administration|home-lab-proxmox-administration","Operational or original-portfolio source integrity is attested by a reviewed manifest. The artifact remains in its authoritative source repository and is represented here without copying sensitive or duplicative source bytes."
"home-lab-attested-c2a3855d00dec135","fontenotjeremy71-hub/jeremy-homelab-ops","65899f08cb8d19207c5edad7723368ed04f1f1c4","evidence/infrastructure-validation/2026-07-10/08-restore-validation/proxmox-ws01-isolated-restore-running-2026-07-11.png","content/home-lab/source-attestations/operations-restore-ws01.json","","c7e0291f0488967679048fe29ae8e0bf2c8fc230326ff146c1c6924062653101","286934","","","screenshots","supported-with-limitations","backup-recovery","backup-recovery|windows-clients|proxmox","content/home-lab/backup-recovery/evidence/screenshots/operations-restore-ws01/evidence/infrastructure-validation/2026-07-10/08-restore-validation/proxmox-ws01-isolated-restore-running-2026-07-11.png","source-reference-only","home-lab-backup-and-isolated-restore|home-lab-windows-client-administration|home-lab-proxmox-administration","Operational or original-portfolio source integrity is attested by a reviewed manifest. The artifact remains in its authoritative source repository and is represented here without copying sensitive or duplicative source bytes."
"home-lab-attested-c36a4848812a3e01","jeremyfontenot/JeremyFontenot.github.io","5581bd7bf9c61ff77000ac04aa39fcbb04ed004f","archive/pre-site-upgrade-20260602/powershell-automation.html","content/home-lab/source-attestations/original-portfolio-source-only.json","","811cb32e047462f2b5430dcd11d08271daf9612692f25dbac037e0abae7a3420","4438","","","documentation","supported-with-limitations","backup-recovery","backup-recovery|automation","content/home-lab/backup-recovery/documentation/original-portfolio-source-only/archive/pre-site-upgrade-20260602/powershell-automation.html","source-reference-only","home-lab-backup-and-isolated-restore|home-lab-evidence-automation","Operational or original-portfolio source integrity is attested by a reviewed manifest. The artifact remains in its authoritative source repository and is represented here without copying sensitive or duplicative source bytes."
"home-lab-attested-c45be51018f554fe","fontenotjeremy71-hub/jeremy-homelab-ops","65899f08cb8d19207c5edad7723368ed04f1f1c4","evidence/management-workstation-rsat-module-validation-20260706-171048.md","content/home-lab/source-attestations/operations-evidence-core.json","","35bf59f8f6acc74668e8601fe3df21b15622d7f95230c7e2114f3b0d2d92431e","1584","","","validation","supported-with-limitations","windows-server","windows-server","content/home-lab/windows-server/evidence/validation/operations-evidence-core/evidence/management-workstation-rsat-module-validation-20260706-171048.md","source-reference-only","home-lab-windows-server-administration","Operational or original-portfolio source integrity is attested by a reviewed manifest. The artifact remains in its authoritative source repository and is represented here without copying sensitive or duplicative source bytes."
"home-lab-attested-c4b559c3494aa610","fontenotjeremy71-hub/jeremy-homelab-ops","65899f08cb8d19207c5edad7723368ed04f1f1c4","evidence/framework-validation/validation/connectivity-results-validation.json","content/home-lab/source-attestations/operations-evidence-core.json","","a6d2e708af50577a9d952463bd5b0ab3e9f6241c7a808a4bbdd19bb2fcc16a4d","410","","","validation","supported-with-limitations","networking","networking|automation","content/home-lab/networking/evidence/validation/operations-evidence-core/evidence/framework-validation/validation/connectivity-results-validation.json","source-reference-only","home-lab-networking-validation|home-lab-evidence-automation","Operational or original-portfolio source integrity is attested by a reviewed manifest. The artifact remains in its authoritative source repository and is represented here without copying sensitive or duplicative source bytes."
"home-lab-attested-c5736fc6c13af98d","fontenotjeremy71-hub/jeremy-homelab-ops","65899f08cb8d19207c5edad7723368ed04f1f1c4","evidence/linux01-local-inventory-validation-20260626-035220.md","content/home-lab/source-attestations/operations-evidence-core.json","","77539aacb8c5db11d1d5a7bf074c8d414d52f5f710f1862b823ab91c13c73917","4054","","","validation","supported-with-limitations","linux","linux|environment","content/home-lab/linux/evidence/validation/operations-evidence-core/evidence/linux01-local-inventory-validation-20260626-035220.md","source-reference-only","home-lab-linux-administration|home-lab-environment-inventory","Operational or original-portfolio source integrity is attested by a reviewed manifest. The artifact remains in its authoritative source repository and is represented here without copying sensitive or duplicative source bytes."
"home-lab-attested-c582f58209e91ef0","fontenotjeremy71-hub/jeremy-homelab-ops","65899f08cb8d19207c5edad7723368ed04f1f1c4","evidence/infrastructure-validation/2026-07-10/08-restore-validation/proxmox-linux01-isolated-restore-final-cleanup-verification-2026-07-11.png","content/home-lab/source-attestations/operations-restore-linux01.json","","5173843ad37a963bf6c0f92e319e97febc654a36686f08d6d2611247f69ff471","28494","","","screenshots","supported-with-limitations","backup-recovery","backup-recovery|linux|proxmox","content/home-lab/backup-recovery/evidence/screenshots/operations-restore-linux01/evidence/infrastructure-validation/2026-07-10/08-restore-validation/proxmox-linux01-isolated-restore-final-cleanup-verification-2026-07-11.png","source-reference-only","home-lab-backup-and-isolated-restore|home-lab-linux-administration|home-lab-proxmox-administration","Operational or original-portfolio source integrity is attested by a reviewed manifest. The artifact remains in its authoritative source repository and is represented here without copying sensitive or duplicative source bytes."
"home-lab-attested-c5d73ec8a873cc0c","fontenotjeremy71-hub/jeremy-homelab-ops","65899f08cb8d19207c5edad7723368ed04f1f1c4","evidence/infrastructure-validation/2026-07-10/11-results/connectivity-and-policy-reconciliation.md","content/home-lab/source-attestations/operations-infra-results.json","","cda1a7d7357b761455133a322381c0eb9e39d64e404cff8d3ed5af6b31a0aa3a","1383","","","validation","supported-with-limitations","networking","networking","content/home-lab/networking/evidence/validation/operations-infra-results/evidence/infrastructure-validation/2026-07-10/11-results/connectivity-and-policy-reconciliation.md","source-reference-only","home-lab-networking-validation","Operational or original-portfolio source integrity is attested by a reviewed manifest. The artifact remains in its authoritative source repository and is represented here without copying sensitive or duplicative source bytes."
"home-lab-attested-c72c0a08467b1e53","fontenotjeremy71-hub/jeremy-homelab-ops","65899f08cb8d19207c5edad7723368ed04f1f1c4","evidence/infrastructure-validation/2026-07-10/08-restore-validation/proxmox-dc01-rerun-active-directory-module-load-2026-07-11.png","content/home-lab/source-attestations/operations-restore-dc01.json","","a71b3beab03335097d292db8e935711d4a50e2b520388b546ec2c1aadaacd1a9","36097","","","screenshots","supported-with-limitations","backup-recovery","backup-recovery|active-directory|proxmox","content/home-lab/backup-recovery/evidence/screenshots/operations-restore-dc01/evidence/infrastructure-validation/2026-07-10/08-restore-validation/proxmox-dc01-rerun-active-directory-module-load-2026-07-11.png","source-reference-only","home-lab-backup-and-isolated-restore|home-lab-active-directory-administration|home-lab-proxmox-administration","Operational or original-portfolio source integrity is attested by a reviewed manifest. The artifact remains in its authoritative source repository and is represented here without copying sensitive or duplicative source bytes."
"home-lab-attested-ccb7a9c1dd46618f","fontenotjeremy71-hub/jeremy-homelab-ops","65899f08cb8d19207c5edad7723368ed04f1f1c4","evidence/infrastructure-validation/2026-07-10/07-backup-inventory/proxmox-vm200-vma-verify-2026-07-11.png","content/home-lab/source-attestations/operations-infra-backup.json","","a3f35197c6a44a7b4598b56c715e189470941f260d6805d1a7cada65be1a4a62","24770","","","screenshots","supported-with-limitations","backup-recovery","backup-recovery|proxmox|environment","content/home-lab/backup-recovery/evidence/screenshots/operations-infra-backup/evidence/infrastructure-validation/2026-07-10/07-backup-inventory/proxmox-vm200-vma-verify-2026-07-11.png","source-reference-only","home-lab-backup-and-isolated-restore|home-lab-proxmox-administration|home-lab-environment-inventory","Operational or original-portfolio source integrity is attested by a reviewed manifest. The artifact remains in its authoritative source repository and is represented here without copying sensitive or duplicative source bytes."
"home-lab-attested-ccd573e004df9c72","fontenotjeremy71-hub/jeremy-homelab-ops","65899f08cb8d19207c5edad7723368ed04f1f1c4","evidence/infrastructure-validation/2026-07-10/07-backup-inventory/backup-archive-inventory.txt","content/home-lab/source-attestations/operations-infra-backup.json","","a2e85bad8b27bc58892d18e9183050674a6a16e74446599808a64cfa355eb7f0","877","","","validation","supported-with-limitations","backup-recovery","backup-recovery|environment","content/home-lab/backup-recovery/evidence/validation/operations-infra-backup/evidence/infrastructure-validation/2026-07-10/07-backup-inventory/backup-archive-inventory.txt","source-reference-only","home-lab-backup-and-isolated-restore|home-lab-environment-inventory","Operational or original-portfolio source integrity is attested by a reviewed manifest. The artifact remains in its authoritative source repository and is represented here without copying sensitive or duplicative source bytes."
"home-lab-attested-ce1c81cae0f4f713","fontenotjeremy71-hub/jeremy-homelab-ops","65899f08cb8d19207c5edad7723368ed04f1f1c4","evidence/infrastructure-validation/2026-07-10/06-linux01-sssd/linux01-realm-list-2026-07-11.png","content/home-lab/source-attestations/operations-infra-linux.json","","49c86843d51b17eecac74f697c06e5703de0fba209cf08703f1f61b3026edc85","43133","","","screenshots","supported-with-limitations","linux","linux","content/home-lab/linux/evidence/screenshots/operations-infra-linux/evidence/infrastructure-validation/2026-07-10/06-linux01-sssd/linux01-realm-list-2026-07-11.png","source-reference-only","home-lab-linux-administration","Operational or original-portfolio source integrity is attested by a reviewed manifest. The artifact remains in its authoritative source repository and is represented here without copying sensitive or duplicative source bytes."
"home-lab-attested-ce77db02fb850d33","fontenotjeremy71-hub/jeremy-homelab-ops","65899f08cb8d19207c5edad7723368ed04f1f1c4","evidence/repository-validation-20260626-010050.md","content/home-lab/source-attestations/operations-evidence-core.json","","2ec605ed44110d67ca2a528757fb70f2d9502f2a72018828b9531083792cec8a","4005","","","validation","directly-proven","automation","automation","content/home-lab/automation/evidence/validation/operations-evidence-core/evidence/repository-validation-20260626-010050.md","source-reference-only","home-lab-evidence-automation","Operational or original-portfolio source integrity is attested by a reviewed manifest. The artifact remains in its authoritative source repository and is represented here without copying sensitive or duplicative source bytes."
"home-lab-attested-d02b3bb406f59b6b","fontenotjeremy71-hub/jeremy-homelab-ops","65899f08cb8d19207c5edad7723368ed04f1f1c4","evidence/infrastructure-validation/2026-07-10/08-restore-validation/proxmox-dc01-rerun-precheck-2026-07-11.png","content/home-lab/source-attestations/operations-restore-dc01.json","","910a73d6eb19247116043e995d38623728ce308d91fbceb097bd0122aa59fafe","299848","","","screenshots","supported-with-limitations","backup-recovery","backup-recovery|active-directory|proxmox","content/home-lab/backup-recovery/evidence/screenshots/operations-restore-dc01/evidence/infrastructure-validation/2026-07-10/08-restore-validation/proxmox-dc01-rerun-precheck-2026-07-11.png","source-reference-only","home-lab-backup-and-isolated-restore|home-lab-active-directory-administration|home-lab-proxmox-administration","Operational or original-portfolio source integrity is attested by a reviewed manifest. The artifact remains in its authoritative source repository and is represented here without copying sensitive or duplicative source bytes."
"home-lab-attested-d2c2645797a1a60a","fontenotjeremy71-hub/jeremy-homelab-ops","65899f08cb8d19207c5edad7723368ed04f1f1c4","inventories/guest-hypervisor-state-comparison-20260626-033321.json","content/home-lab/source-attestations/operations-inventories.json","","b8fdc32e3de5ed6ca4acf46d284386612c5fd6c1ede3e3b4bb1ab2be10d902ee","11355","","","exports","directly-proven","environment","environment","content/home-lab/environment/evidence/exports/operations-inventories/inventories/guest-hypervisor-state-comparison-20260626-033321.json","source-reference-only","home-lab-environment-inventory","Operational or original-portfolio source integrity is attested by a reviewed manifest. The artifact remains in its authoritative source repository and is represented here without copying sensitive or duplicative source bytes."
"home-lab-attested-d2fe13a074a62c5e","fontenotjeremy71-hub/jeremy-homelab-ops","65899f08cb8d19207c5edad7723368ed04f1f1c4","evidence/infrastructure-validation/2026-07-10/08-restore-validation/proxmox-linux01-isolated-restore-failed-services-check-2026-07-11.png","content/home-lab/source-attestations/operations-restore-linux01.json","","3bdc560d3d4db140e071a2c10104bb5597fd3482a6389e0640ca29f82c248d42","117457","","","screenshots","supported-with-limitations","backup-recovery","backup-recovery|linux|proxmox","content/home-lab/backup-recovery/evidence/screenshots/operations-restore-linux01/evidence/infrastructure-validation/2026-07-10/08-restore-validation/proxmox-linux01-isolated-restore-failed-services-check-2026-07-11.png","source-reference-only","home-lab-backup-and-isolated-restore|home-lab-linux-administration|home-lab-proxmox-administration","Operational or original-portfolio source integrity is attested by a reviewed manifest. The artifact remains in its authoritative source repository and is represented here without copying sensitive or duplicative source bytes."
"home-lab-attested-d31007e75a3604c2","jeremyfontenot/JeremyFontenot.github.io","5581bd7bf9c61ff77000ac04aa39fcbb04ed004f","infrastructure.html","content/home-lab/source-attestations/original-portfolio-source-only.json","infrastructure.html","6639609f1c3e8d66c5db3dadaa1bcb5eaa9a37568c42c97637c81cfc959284b5","1793","7270246f0c4d55025bb6bb39a1c86e29e22598fc06dce24959018529f3c46a86","3264","documentation","directly-proven","environment","environment","content/home-lab/environment/documentation/original-portfolio-source-only/infrastructure.html","sanitized-derivative","home-lab-environment-inventory","Original source integrity is attested by the reviewed source manifest. The linked public page is a presentation derivative retained for route compatibility and is not described as byte-preserved."
"home-lab-attested-d39132762d1c6c62","fontenotjeremy71-hub/jeremy-homelab-ops","65899f08cb8d19207c5edad7723368ed04f1f1c4","evidence/home-lab-baseline-framework-validation-20260629-210527.txt","content/home-lab/source-attestations/operations-evidence-core.json","","7b28c14604dfb28fa4ef563122065bac5df28b99e18400b0e9d7739871abc092","1035","","","validation","directly-proven","automation","automation|environment","content/home-lab/automation/evidence/validation/operations-evidence-core/evidence/home-lab-baseline-framework-validation-20260629-210527.txt","source-reference-only","home-lab-evidence-automation|home-lab-environment-inventory","Operational or original-portfolio source integrity is attested by a reviewed manifest. The artifact remains in its authoritative source repository and is represented here without copying sensitive or duplicative source bytes."
"home-lab-attested-d4ed40ef85fbd130","fontenotjeremy71-hub/jeremy-homelab-ops","65899f08cb8d19207c5edad7723368ed04f1f1c4","evidence/infrastructure-validation/2026-07-10/03-active-directory/dns-server-validation.txt","content/home-lab/source-attestations/operations-infra-directory.json","","05cf74fadfe4b19ab955322c8bb94d2202d3c79b589a45d22f72a46c3f64a300","3603","","","validation","supported-with-limitations","active-directory","active-directory|dns-dhcp","content/home-lab/active-directory/evidence/validation/operations-infra-directory/evidence/infrastructure-validation/2026-07-10/03-active-directory/dns-server-validation.txt","source-reference-only","home-lab-active-directory-administration|home-lab-dns-dhcp-administration","Operational or original-portfolio source integrity is attested by a reviewed manifest. The artifact remains in its authoritative source repository and is represented here without copying sensitive or duplicative source bytes."
"home-lab-attested-d6332f07f7498e43","fontenotjeremy71-hub/jeremy-homelab-ops","65899f08cb8d19207c5edad7723368ed04f1f1c4","evidence/infrastructure-validation/2026-07-10/08-restore-validation/proxmox-linux01-restore-source-archive-2026-07-11.png","content/home-lab/source-attestations/operations-restore-linux01.json","","dee0fc74fe26e429393b77c1a84c96bc30c0efd23849fbcc6d5748a246bd5dd9","22864","","","screenshots","supported-with-limitations","backup-recovery","backup-recovery|linux|proxmox","content/home-lab/backup-recovery/evidence/screenshots/operations-restore-linux01/evidence/infrastructure-validation/2026-07-10/08-restore-validation/proxmox-linux01-restore-source-archive-2026-07-11.png","source-reference-only","home-lab-backup-and-isolated-restore|home-lab-linux-administration|home-lab-proxmox-administration","Operational or original-portfolio source integrity is attested by a reviewed manifest. The artifact remains in its authoritative source repository and is represented here without copying sensitive or duplicative source bytes."
"home-lab-attested-d7b70859d50e11b3","fontenotjeremy71-hub/jeremy-homelab-ops","65899f08cb8d19207c5edad7723368ed04f1f1c4","evidence/infrastructure-validation/2026-07-10/07-backup-inventory/backup-job-history.txt","content/home-lab/source-attestations/operations-infra-backup.json","","5ef61c9482eea939ce830c7dedbe6b81db9b48d29ce6621254dafd4eb64c9f6b","782","","","validation","supported-with-limitations","backup-recovery","backup-recovery|environment","content/home-lab/backup-recovery/evidence/validation/operations-infra-backup/evidence/infrastructure-validation/2026-07-10/07-backup-inventory/backup-job-history.txt","source-reference-only","home-lab-backup-and-isolated-restore|home-lab-environment-inventory","Operational or original-portfolio source integrity is attested by a reviewed manifest. The artifact remains in its authoritative source repository and is represented here without copying sensitive or duplicative source bytes."
"home-lab-attested-d882c18fc925e887","fontenotjeremy71-hub/jeremy-homelab-ops","65899f08cb8d19207c5edad7723368ed04f1f1c4","docs/runbooks/management-workstation-rsat-module-standardization.md","content/home-lab/source-attestations/operations-docs.json","","6f036c0f945dbb17b955f5796b3da18c3d34755badb85aaab201ee99d3516c27","5107","","","documentation","documented-only","windows-server","windows-server","content/home-lab/windows-server/documentation/operations-docs/docs/runbooks/management-workstation-rsat-module-standardization.md","source-reference-only","home-lab-windows-server-administration","Operational or original-portfolio source integrity is attested by a reviewed manifest. The artifact remains in its authoritative source repository and is represented here without copying sensitive or duplicative source bytes."
"home-lab-attested-d88ea588e6964e81","fontenotjeremy71-hub/jeremy-homelab-ops","65899f08cb8d19207c5edad7723368ed04f1f1c4","evidence/infrastructure-validation/2026-07-10/08-restore-validation/proxmox-dc01-rerun-vmid-201-availability-2026-07-11.png","content/home-lab/source-attestations/operations-restore-dc01.json","","485b29a2ffebe5d6789a1f703c323436da431a99eb39dd3fde724385da9c54d1","263728","","","screenshots","supported-with-limitations","backup-recovery","backup-recovery|active-directory|proxmox","content/home-lab/backup-recovery/evidence/screenshots/operations-restore-dc01/evidence/infrastructure-validation/2026-07-10/08-restore-validation/proxmox-dc01-rerun-vmid-201-availability-2026-07-11.png","source-reference-only","home-lab-backup-and-isolated-restore|home-lab-active-directory-administration|home-lab-proxmox-administration","Operational or original-portfolio source integrity is attested by a reviewed manifest. The artifact remains in its authoritative source repository and is represented here without copying sensitive or duplicative source bytes."
"home-lab-attested-d8d9f0ec779c1ac2","fontenotjeremy71-hub/jeremy-homelab-ops","65899f08cb8d19207c5edad7723368ed04f1f1c4","evidence/portfolio-drift-validation-20260626-013202.json","content/home-lab/source-attestations/operations-evidence-core.json","","a990dc75ec78a36161c6448ca4348dba32a6e5083a42035a401703c7f01ff1fc","2581","","","validation","directly-proven","environment","environment","content/home-lab/environment/evidence/validation/operations-evidence-core/evidence/portfolio-drift-validation-20260626-013202.json","source-reference-only","home-lab-environment-inventory","Operational or original-portfolio source integrity is attested by a reviewed manifest. The artifact remains in its authoritative source repository and is represented here without copying sensitive or duplicative source bytes."
"home-lab-attested-da8e260f18cdb3d6","fontenotjeremy71-hub/jeremy-homelab-ops","65899f08cb8d19207c5edad7723368ed04f1f1c4","evidence/infrastructure-validation/2026-07-10/06-linux01-sssd/linux01-sssd-domain-status-2026-07-11.png","content/home-lab/source-attestations/operations-infra-linux.json","","b1b416a8ce85e3371d823ab36aa173def2cde3b758b48723fafbedddfa7290f4","77079","","","screenshots","supported-with-limitations","linux","linux","content/home-lab/linux/evidence/screenshots/operations-infra-linux/evidence/infrastructure-validation/2026-07-10/06-linux01-sssd/linux01-sssd-domain-status-2026-07-11.png","source-reference-only","home-lab-linux-administration","Operational or original-portfolio source integrity is attested by a reviewed manifest. The artifact remains in its authoritative source repository and is represented here without copying sensitive or duplicative source bytes."
"home-lab-attested-daff9658b2740f78","fontenotjeremy71-hub/jeremy-homelab-ops","65899f08cb8d19207c5edad7723368ed04f1f1c4","evidence/infrastructure-validation/2026-07-10/07-backup-inventory/backup-checksums.sha256","content/home-lab/source-attestations/operations-infra-backup.json","","c1d87be83aaeb3e3e589fe3c6d0ec848bd900eba74ddfb522584dfec1392dbdf","101","","","manifests","supported-with-limitations","backup-recovery","backup-recovery|security|environment","content/home-lab/backup-recovery/evidence/manifests/operations-infra-backup/evidence/infrastructure-validation/2026-07-10/07-backup-inventory/backup-checksums.sha256","source-reference-only","home-lab-backup-and-isolated-restore|home-lab-security-conscious-operations|home-lab-environment-inventory","Operational or original-portfolio source integrity is attested by a reviewed manifest. The artifact remains in its authoritative source repository and is represented here without copying sensitive or duplicative source bytes."
"home-lab-attested-dbb79223e09d070a","fontenotjeremy71-hub/jeremy-homelab-ops","65899f08cb8d19207c5edad7723368ed04f1f1c4","evidence/read-only-baseline-20260625-201707/connectivity-results-20260625-201707.md","content/home-lab/source-attestations/operations-evidence-core.json","","20ce4b0f356859fe53c14d225eabefceca1007ea6ab09dae94d4d40973ee4e11","1636","","","validation","supported-with-limitations","networking","networking","content/home-lab/networking/evidence/validation/operations-evidence-core/evidence/read-only-baseline-20260625-201707/connectivity-results-20260625-201707.md","source-reference-only","home-lab-networking-validation","Operational or original-portfolio source integrity is attested by a reviewed manifest. The artifact remains in its authoritative source repository and is represented here without copying sensitive or duplicative source bytes."
"home-lab-attested-ddd13e4a4918b34b","fontenotjeremy71-hub/jeremy-homelab-ops","65899f08cb8d19207c5edad7723368ed04f1f1c4","evidence/infrastructure-validation/2026-07-10/06-linux01-sssd/linux01-evidence-checksums.sha256","content/home-lab/source-attestations/operations-infra-linux.json","","2976ef5b94a986db627bc753945e5474c235ccc931a61bf443106a39edaecbee","1055","","","manifests","supported-with-limitations","linux","linux|security","content/home-lab/linux/evidence/manifests/operations-infra-linux/evidence/infrastructure-validation/2026-07-10/06-linux01-sssd/linux01-evidence-checksums.sha256","source-reference-only","home-lab-linux-administration|home-lab-security-conscious-operations","Operational or original-portfolio source integrity is attested by a reviewed manifest. The artifact remains in its authoritative source repository and is represented here without copying sensitive or duplicative source bytes."
"home-lab-attested-deb221f4a492a41d","fontenotjeremy71-hub/jeremy-homelab-ops","65899f08cb8d19207c5edad7723368ed04f1f1c4","evidence/infrastructure-validation/2026-07-10/08-restore-validation/proxmox-dc01-rerun-config-metadata-2026-07-11.png","content/home-lab/source-attestations/operations-restore-dc01.json","","72c428dcc794c900a0034d302746985a16c5c9041025bd719c373377d610030e","317991","","","screenshots","supported-with-limitations","backup-recovery","backup-recovery|active-directory|proxmox","content/home-lab/backup-recovery/evidence/screenshots/operations-restore-dc01/evidence/infrastructure-validation/2026-07-10/08-restore-validation/proxmox-dc01-rerun-config-metadata-2026-07-11.png","source-reference-only","home-lab-backup-and-isolated-restore|home-lab-active-directory-administration|home-lab-proxmox-administration","Operational or original-portfolio source integrity is attested by a reviewed manifest. The artifact remains in its authoritative source repository and is represented here without copying sensitive or duplicative source bytes."
"home-lab-attested-e0f53b249f4f3253","fontenotjeremy71-hub/jeremy-homelab-ops","65899f08cb8d19207c5edad7723368ed04f1f1c4","evidence/infrastructure-validation/2026-07-10/02-network-connectivity/connectivity-tests.txt","content/home-lab/source-attestations/operations-infra-network.json","","c3c989abafdb056ae3085a964f656a103a55eeb1236a53ef25da5648c38184c6","101421","","","validation","supported-with-limitations","networking","networking","content/home-lab/networking/evidence/validation/operations-infra-network/evidence/infrastructure-validation/2026-07-10/02-network-connectivity/connectivity-tests.txt","source-reference-only","home-lab-networking-validation","Operational or original-portfolio source integrity is attested by a reviewed manifest. The artifact remains in its authoritative source repository and is represented here without copying sensitive or duplicative source bytes."
"home-lab-attested-e21aa60c3e3668c3","fontenotjeremy71-hub/jeremy-homelab-ops","65899f08cb8d19207c5edad7723368ed04f1f1c4","evidence/infrastructure-validation/2026-07-10/00-session-metadata/session-metadata.txt","content/home-lab/source-attestations/operations-infra-session.json","","3d710a203225d9779ddf0bf1f9faa3fa04414d7e9f8ed683880fd970e73fcce4","1086","","","validation","directly-proven","environment","environment","content/home-lab/environment/evidence/validation/operations-infra-session/evidence/infrastructure-validation/2026-07-10/00-session-metadata/session-metadata.txt","source-reference-only","home-lab-environment-inventory","Operational or original-portfolio source integrity is attested by a reviewed manifest. The artifact remains in its authoritative source repository and is represented here without copying sensitive or duplicative source bytes."
"home-lab-attested-e247f904020884ec","fontenotjeremy71-hub/jeremy-homelab-ops","65899f08cb8d19207c5edad7723368ed04f1f1c4","artifacts/target-local-collection/DC01/Invoke-DC01LocalReadOnlyCollection.ps1","content/home-lab/source-attestations/operations-artifacts.json","","8b36668dbac021eb3d90169e993b599b2631bc5a57f07de187556f14c87e60d9","8877","","","documentation","supported-with-limitations","active-directory","active-directory|automation","content/home-lab/active-directory/documentation/operations-artifacts/artifacts/target-local-collection/DC01/Invoke-DC01LocalReadOnlyCollection.ps1","source-reference-only","home-lab-active-directory-administration|home-lab-evidence-automation","Operational or original-portfolio source integrity is attested by a reviewed manifest. The artifact remains in its authoritative source repository and is represented here without copying sensitive or duplicative source bytes."
"home-lab-attested-e32ed0bfafc51ed8","fontenotjeremy71-hub/jeremy-homelab-ops","65899f08cb8d19207c5edad7723368ed04f1f1c4","evidence/infrastructure-validation/2026-07-10/08-restore-validation/proxmox-ws01-temp-vmid-301-availability-2026-07-11.png","content/home-lab/source-attestations/operations-restore-ws01.json","","4550cfd211b5215633fa012aff05b4f992284fde4ed8d3db6fae33baa8cb6a88","257518","","","screenshots","supported-with-limitations","backup-recovery","backup-recovery|windows-clients|proxmox","content/home-lab/backup-recovery/evidence/screenshots/operations-restore-ws01/evidence/infrastructure-validation/2026-07-10/08-restore-validation/proxmox-ws01-temp-vmid-301-availability-2026-07-11.png","source-reference-only","home-lab-backup-and-isolated-restore|home-lab-windows-client-administration|home-lab-proxmox-administration","Operational or original-portfolio source integrity is attested by a reviewed manifest. The artifact remains in its authoritative source repository and is represented here without copying sensitive or duplicative source bytes."
"home-lab-attested-e35c747cc0d75e9a","fontenotjeremy71-hub/jeremy-homelab-ops","65899f08cb8d19207c5edad7723368ed04f1f1c4","evidence/read-only-baseline-20260625-201707/connectivity-results-20260625-201707.csv","content/home-lab/source-attestations/operations-evidence-core.json","","cff6db96cb87705053c7ad3503001f3b0662465072bf8880577a176258f93ac1","1833","","","validation","supported-with-limitations","networking","networking","content/home-lab/networking/evidence/validation/operations-evidence-core/evidence/read-only-baseline-20260625-201707/connectivity-results-20260625-201707.csv","source-reference-only","home-lab-networking-validation","Operational or original-portfolio source integrity is attested by a reviewed manifest. The artifact remains in its authoritative source repository and is represented here without copying sensitive or duplicative source bytes."
"home-lab-attested-e636ff57e7e87912","fontenotjeremy71-hub/jeremy-homelab-ops","65899f08cb8d19207c5edad7723368ed04f1f1c4","evidence/ws01-operating-system-reconciliation-20260626-041428.md","content/home-lab/source-attestations/operations-evidence-core.json","","494a018b284df99647db8e20a674d4c9bd656e05ba15cc76bda9374f0a037dd7","2389","","","documentation","supported-with-limitations","windows-clients","windows-clients","content/home-lab/windows-clients/documentation/operations-evidence-core/evidence/ws01-operating-system-reconciliation-20260626-041428.md","source-reference-only","home-lab-windows-client-administration","Operational or original-portfolio source integrity is attested by a reviewed manifest. The artifact remains in its authoritative source repository and is represented here without copying sensitive or duplicative source bytes."
"home-lab-attested-e741aa579247c3ee","fontenotjeremy71-hub/jeremy-homelab-ops","65899f08cb8d19207c5edad7723368ed04f1f1c4","docs/runbooks/repository-validation.md","content/home-lab/source-attestations/operations-docs.json","","57dabb0e006c8be5d8bc6f35c06a4689b81727d60088780c24fdae94e61af044","1473","","","validation","directly-proven","automation","automation","content/home-lab/automation/evidence/validation/operations-docs/docs/runbooks/repository-validation.md","source-reference-only","home-lab-evidence-automation","Operational or original-portfolio source integrity is attested by a reviewed manifest. The artifact remains in its authoritative source repository and is represented here without copying sensitive or duplicative source bytes."
"home-lab-attested-ea2d643789a99f76","fontenotjeremy71-hub/jeremy-homelab-ops","65899f08cb8d19207c5edad7723368ed04f1f1c4","docs/architecture/read-only-inventory-and-validation-architecture.md","content/home-lab/source-attestations/operations-docs.json","","86a890cebdeba27a3c25d45cea70c677bbeca369cc4a2771dd08bf352b4601ab","3271","","","validation","directly-proven","environment","environment","content/home-lab/environment/evidence/validation/operations-docs/docs/architecture/read-only-inventory-and-validation-architecture.md","source-reference-only","home-lab-environment-inventory","Operational or original-portfolio source integrity is attested by a reviewed manifest. The artifact remains in its authoritative source repository and is represented here without copying sensitive or duplicative source bytes."
"home-lab-attested-eaf0ba83a9158c0d","fontenotjeremy71-hub/jeremy-homelab-ops","65899f08cb8d19207c5edad7723368ed04f1f1c4","evidence/home-lab-inventory-validation-20260626-010601.md","content/home-lab/source-attestations/operations-evidence-core.json","","42a0da9fd44571a41d8598de4c284c1db1dcbbc7a2160daf2f2f314a2f72c44b","3823","","","validation","directly-proven","environment","environment","content/home-lab/environment/evidence/validation/operations-evidence-core/evidence/home-lab-inventory-validation-20260626-010601.md","source-reference-only","home-lab-environment-inventory","Operational or original-portfolio source integrity is attested by a reviewed manifest. The artifact remains in its authoritative source repository and is represented here without copying sensitive or duplicative source bytes."
"home-lab-attested-eb25ca06dd3b6e37","fontenotjeremy71-hub/jeremy-homelab-ops","65899f08cb8d19207c5edad7723368ed04f1f1c4","evidence/infrastructure-validation/2026-07-10/08-restore-validation/proxmox-pfsense-isolated-restore-clean-shutdown-2026-07-12.png","content/home-lab/source-attestations/operations-restore-pfsense.json","","559344ca22e981ec3affa04e586b9d843098e501c7d50f40b32379240f6a4e54","165597","","","screenshots","supported-with-limitations","backup-recovery","backup-recovery|pfsense|proxmox","content/home-lab/backup-recovery/evidence/screenshots/operations-restore-pfsense/evidence/infrastructure-validation/2026-07-10/08-restore-validation/proxmox-pfsense-isolated-restore-clean-shutdown-2026-07-12.png","source-reference-only","home-lab-backup-and-isolated-restore|home-lab-pfsense-administration|home-lab-proxmox-administration","Operational or original-portfolio source integrity is attested by a reviewed manifest. The artifact remains in its authoritative source repository and is represented here without copying sensitive or duplicative source bytes."
"home-lab-attested-ec9418f8bbbe510a","fontenotjeremy71-hub/jeremy-homelab-ops","65899f08cb8d19207c5edad7723368ed04f1f1c4","docs/architecture/linux01-system-profile.md","content/home-lab/source-attestations/operations-docs.json","","c77ef9e5a8e432c4aff459042202b3095485315960b3afab88ffbb8253a0b4c8","4515","","","configuration","documented-only","linux","linux|environment","content/home-lab/linux/evidence/configuration/operations-docs/docs/architecture/linux01-system-profile.md","source-reference-only","home-lab-linux-administration|home-lab-environment-inventory","Operational or original-portfolio source integrity is attested by a reviewed manifest. The artifact remains in its authoritative source repository and is represented here without copying sensitive or duplicative source bytes."
"home-lab-attested-ed75b05955636b9b","fontenotjeremy71-hub/jeremy-homelab-ops","65899f08cb8d19207c5edad7723368ed04f1f1c4","evidence/infrastructure-validation/2026-07-10/06-linux01-sssd/linux01-sssd-config-check-2026-07-11.png","content/home-lab/source-attestations/operations-infra-linux.json","","7614aa3363c03f86d7bc2beace6597ffc8d3341d156157a9b210bb57b8e35238","12710","","","screenshots","supported-with-limitations","linux","linux","content/home-lab/linux/evidence/screenshots/operations-infra-linux/evidence/infrastructure-validation/2026-07-10/06-linux01-sssd/linux01-sssd-config-check-2026-07-11.png","source-reference-only","home-lab-linux-administration","Operational or original-portfolio source integrity is attested by a reviewed manifest. The artifact remains in its authoritative source repository and is represented here without copying sensitive or duplicative source bytes."
"home-lab-attested-ee4143be69ae8f17","fontenotjeremy71-hub/jeremy-homelab-ops","65899f08cb8d19207c5edad7723368ed04f1f1c4","evidence/infrastructure-validation/2026-07-10/02-network-connectivity/dc01-dns-server-validation.txt","content/home-lab/source-attestations/operations-infra-network.json","","05cf74fadfe4b19ab955322c8bb94d2202d3c79b589a45d22f72a46c3f64a300","3603","","","validation","supported-with-limitations","active-directory","active-directory|dns-dhcp|networking","content/home-lab/active-directory/evidence/validation/operations-infra-network/evidence/infrastructure-validation/2026-07-10/02-network-connectivity/dc01-dns-server-validation.txt","source-reference-only","home-lab-active-directory-administration|home-lab-dns-dhcp-administration|home-lab-networking-validation","Operational or original-portfolio source integrity is attested by a reviewed manifest. The artifact remains in its authoritative source repository and is represented here without copying sensitive or duplicative source bytes."
"home-lab-attested-ee5fc039f8d6fcc7","fontenotjeremy71-hub/jeremy-homelab-ops","65899f08cb8d19207c5edad7723368ed04f1f1c4","docs/runbooks/read-only-baseline.md","content/home-lab/source-attestations/operations-docs.json","","62e415bf9ce4b23e7d654b5b2aa4244d7c00046e8a4754ecf1aa9469e986b60e","3501","","","configuration","documented-only","environment","environment","content/home-lab/environment/evidence/configuration/operations-docs/docs/runbooks/read-only-baseline.md","source-reference-only","home-lab-environment-inventory","Operational or original-portfolio source integrity is attested by a reviewed manifest. The artifact remains in its authoritative source repository and is represented here without copying sensitive or duplicative source bytes."
"home-lab-attested-eefad3169658b197","fontenotjeremy71-hub/jeremy-homelab-ops","65899f08cb8d19207c5edad7723368ed04f1f1c4","evidence/infrastructure-validation/2026-07-10/01-proxmox/vm-inventory.csv","content/home-lab/source-attestations/operations-infra-proxmox.json","","ef7219b73faa7e24aadec0f1de4de960c041c0735c56cbee8c881ff4fbdbe577","582","","","validation","supported-with-limitations","proxmox","proxmox|environment","content/home-lab/proxmox/evidence/validation/operations-infra-proxmox/evidence/infrastructure-validation/2026-07-10/01-proxmox/vm-inventory.csv","source-reference-only","home-lab-proxmox-administration|home-lab-environment-inventory","Operational or original-portfolio source integrity is attested by a reviewed manifest. The artifact remains in its authoritative source repository and is represented here without copying sensitive or duplicative source bytes."
"home-lab-attested-ef7791c5de8b6714","fontenotjeremy71-hub/jeremy-homelab-ops","65899f08cb8d19207c5edad7723368ed04f1f1c4","evidence/read-only-baseline-20260625-201453/read-only-baseline-summary-20260625-201453.md","content/home-lab/source-attestations/operations-evidence-core.json","","06a4e51876662ec7a78c8738432ffe339b731797106b2c7f5cd11ee50317e9bb","3826","","","reports","directly-proven","environment","environment","content/home-lab/environment/evidence/reports/operations-evidence-core/evidence/read-only-baseline-20260625-201453/read-only-baseline-summary-20260625-201453.md","source-reference-only","home-lab-environment-inventory","Operational or original-portfolio source integrity is attested by a reviewed manifest. The artifact remains in its authoritative source repository and is represented here without copying sensitive or duplicative source bytes."
"home-lab-attested-f0c57b9486bc0da7","fontenotjeremy71-hub/jeremy-homelab-ops","65899f08cb8d19207c5edad7723368ed04f1f1c4","evidence/infrastructure-validation/2026-07-10/05-pfsense/pfsense-policy-analysis.md","content/home-lab/source-attestations/operations-infra-pfsense.json","","66f4940d1844545431f10982c14c92f0fea74a826889c58a7ff41ac511a7d11c","1494","","","validation","supported-with-limitations","pfsense","pfsense","content/home-lab/pfsense/evidence/validation/operations-infra-pfsense/evidence/infrastructure-validation/2026-07-10/05-pfsense/pfsense-policy-analysis.md","source-reference-only","home-lab-pfsense-administration","Operational or original-portfolio source integrity is attested by a reviewed manifest. The artifact remains in its authoritative source repository and is represented here without copying sensitive or duplicative source bytes."
"home-lab-attested-f2efc8506a587337","fontenotjeremy71-hub/jeremy-homelab-ops","65899f08cb8d19207c5edad7723368ed04f1f1c4","evidence/infrastructure-validation/2026-07-10/11-results/validation-findings-matrix.md","content/home-lab/source-attestations/operations-infra-results.json","","8811b67015485e8b5f2f20a3b521e404e1ed32da9f5021176dfeb6f90c10057d","7463","","","validation","directly-proven","environment","environment","content/home-lab/environment/evidence/validation/operations-infra-results/evidence/infrastructure-validation/2026-07-10/11-results/validation-findings-matrix.md","source-reference-only","home-lab-environment-inventory","Operational or original-portfolio source integrity is attested by a reviewed manifest. The artifact remains in its authoritative source repository and is represented here without copying sensitive or duplicative source bytes."
"home-lab-attested-f38eb17e35c80c5d","fontenotjeremy71-hub/jeremy-homelab-ops","65899f08cb8d19207c5edad7723368ed04f1f1c4","evidence/infrastructure-validation/2026-07-10/08-restore-validation/proxmox-pfsense-isolated-restore-system-validation-2026-07-12.png","content/home-lab/source-attestations/operations-restore-pfsense.json","","2135e3f0c6db6983fda2dbf03f49f27b72b0a146cc640d330fee3a538368c5b2","218038","","","screenshots","supported-with-limitations","backup-recovery","backup-recovery|pfsense|proxmox","content/home-lab/backup-recovery/evidence/screenshots/operations-restore-pfsense/evidence/infrastructure-validation/2026-07-10/08-restore-validation/proxmox-pfsense-isolated-restore-system-validation-2026-07-12.png","source-reference-only","home-lab-backup-and-isolated-restore|home-lab-pfsense-administration|home-lab-proxmox-administration","Operational or original-portfolio source integrity is attested by a reviewed manifest. The artifact remains in its authoritative source repository and is represented here without copying sensitive or duplicative source bytes."
"home-lab-attested-f464a8e78ce098ab","fontenotjeremy71-hub/jeremy-homelab-ops","65899f08cb8d19207c5edad7723368ed04f1f1c4","evidence/infrastructure-validation/2026-07-10/07-backup-inventory/proxmox-latest-backup-zstd-integrity-2026-07-11.png","content/home-lab/source-attestations/operations-infra-backup.json","","c731b5803ae8ab01521c0405ad56e533bd928316503c8c1a1253736f121bf727","47772","","","screenshots","supported-with-limitations","backup-recovery","backup-recovery|proxmox|security|environment","content/home-lab/backup-recovery/evidence/screenshots/operations-infra-backup/evidence/infrastructure-validation/2026-07-10/07-backup-inventory/proxmox-latest-backup-zstd-integrity-2026-07-11.png","source-reference-only","home-lab-backup-and-isolated-restore|home-lab-proxmox-administration|home-lab-security-conscious-operations|home-lab-environment-inventory","Operational or original-portfolio source integrity is attested by a reviewed manifest. The artifact remains in its authoritative source repository and is represented here without copying sensitive or duplicative source bytes."
"home-lab-attested-f6b1f6220958216d","fontenotjeremy71-hub/jeremy-homelab-ops","65899f08cb8d19207c5edad7723368ed04f1f1c4","evidence/read-only-baseline-20260625-201313/manifest-20260625-201313.json","content/home-lab/source-attestations/operations-evidence-core.json","","85bcb4b298cba0d968474c35954f1150608cf1b3f532f51c2488760a982f482f","1193","","","manifests","directly-proven","environment","environment","content/home-lab/environment/evidence/manifests/operations-evidence-core/evidence/read-only-baseline-20260625-201313/manifest-20260625-201313.json","source-reference-only","home-lab-environment-inventory","Operational or original-portfolio source integrity is attested by a reviewed manifest. The artifact remains in its authoritative source repository and is represented here without copying sensitive or duplicative source bytes."
"home-lab-attested-f87e580c72b397fe","fontenotjeremy71-hub/jeremy-homelab-ops","65899f08cb8d19207c5edad7723368ed04f1f1c4","evidence/infrastructure-validation/2026-07-10/04-remote-management/powershell-module-inventory.txt","content/home-lab/source-attestations/operations-infra-management.json","","7e59577bbc9535b53161438c796750a1ad2336bfa3c52117f2a3f9359a1b2196","989","","","validation","supported-with-limitations","windows-server","windows-server|automation|environment","content/home-lab/windows-server/evidence/validation/operations-infra-management/evidence/infrastructure-validation/2026-07-10/04-remote-management/powershell-module-inventory.txt","source-reference-only","home-lab-windows-server-administration|home-lab-evidence-automation|home-lab-environment-inventory","Operational or original-portfolio source integrity is attested by a reviewed manifest. The artifact remains in its authoritative source repository and is represented here without copying sensitive or duplicative source bytes."
"home-lab-attested-f98c99e0d56aa7e6","fontenotjeremy71-hub/jeremy-homelab-ops","65899f08cb8d19207c5edad7723368ed04f1f1c4","inventories/guest-hypervisor-state-comparison-20260626-022723.json","content/home-lab/source-attestations/operations-inventories.json","","d11ed97d61503e5bf717c06a860ef7723c67dbc18ee11e70ab29917f7b90715f","11232","","","exports","directly-proven","environment","environment","content/home-lab/environment/evidence/exports/operations-inventories/inventories/guest-hypervisor-state-comparison-20260626-022723.json","source-reference-only","home-lab-environment-inventory","Operational or original-portfolio source integrity is attested by a reviewed manifest. The artifact remains in its authoritative source repository and is represented here without copying sensitive or duplicative source bytes."
"home-lab-attested-f9ee51cd78fb2f6f","fontenotjeremy71-hub/jeremy-homelab-ops","65899f08cb8d19207c5edad7723368ed04f1f1c4","evidence/infrastructure-validation/2026-07-10/10-policy-evidence/pfsense-policy-analysis.md","content/home-lab/source-attestations/operations-infra-results.json","","66f4940d1844545431f10982c14c92f0fea74a826889c58a7ff41ac511a7d11c","1494","","","validation","supported-with-limitations","pfsense","pfsense","content/home-lab/pfsense/evidence/validation/operations-infra-results/evidence/infrastructure-validation/2026-07-10/10-policy-evidence/pfsense-policy-analysis.md","source-reference-only","home-lab-pfsense-administration","Operational or original-portfolio source integrity is attested by a reviewed manifest. The artifact remains in its authoritative source repository and is represented here without copying sensitive or duplicative source bytes."
"home-lab-attested-fa8a37283d71a0eb","fontenotjeremy71-hub/jeremy-homelab-ops","65899f08cb8d19207c5edad7723368ed04f1f1c4","evidence/infrastructure-validation/2026-07-10/08-restore-validation/pfsense-boot-validation.txt","content/home-lab/source-attestations/operations-restore-pfsense.json","","c943ea0b514290df066e87f0cc0a53ab218b3d66bb502a9ae7d8317fd069022f","1722","","","validation","supported-with-limitations","backup-recovery","backup-recovery|pfsense","content/home-lab/backup-recovery/evidence/validation/operations-restore-pfsense/evidence/infrastructure-validation/2026-07-10/08-restore-validation/pfsense-boot-validation.txt","source-reference-only","home-lab-backup-and-isolated-restore|home-lab-pfsense-administration","Operational or original-portfolio source integrity is attested by a reviewed manifest. The artifact remains in its authoritative source repository and is represented here without copying sensitive or duplicative source bytes."
"home-lab-attested-fa9b275187dff0d5","fontenotjeremy71-hub/jeremy-homelab-ops","65899f08cb8d19207c5edad7723368ed04f1f1c4","evidence/infrastructure-validation/2026-07-10/08-restore-validation/proxmox-isolated-restore-startup-precheck-2026-07-11.png","content/home-lab/source-attestations/operations-restore-general.json","","ad2dea53d07e7e0d3639fdbe888bb3a9fa29e377bcf9afc9ac5e8c763ac38171","298821","","","screenshots","supported-with-limitations","backup-recovery","backup-recovery|proxmox","content/home-lab/backup-recovery/evidence/screenshots/operations-restore-general/evidence/infrastructure-validation/2026-07-10/08-restore-validation/proxmox-isolated-restore-startup-precheck-2026-07-11.png","source-reference-only","home-lab-backup-and-isolated-restore|home-lab-proxmox-administration","Operational or original-portfolio source integrity is attested by a reviewed manifest. The artifact remains in its authoritative source repository and is represented here without copying sensitive or duplicative source bytes."
"home-lab-attested-fac7d1084780da58","fontenotjeremy71-hub/jeremy-homelab-ops","65899f08cb8d19207c5edad7723368ed04f1f1c4","evidence/infrastructure-validation/2026-07-10/07-backup-inventory/proxmox-vm300-vma-verify-2026-07-11.png","content/home-lab/source-attestations/operations-infra-backup.json","","53ccd9fa983bb802964bc2dabf3003d3c4e0435ca6f26448b1405649e0caaa2a","24645","","","screenshots","supported-with-limitations","backup-recovery","backup-recovery|proxmox|environment","content/home-lab/backup-recovery/evidence/screenshots/operations-infra-backup/evidence/infrastructure-validation/2026-07-10/07-backup-inventory/proxmox-vm300-vma-verify-2026-07-11.png","source-reference-only","home-lab-backup-and-isolated-restore|home-lab-proxmox-administration|home-lab-environment-inventory","Operational or original-portfolio source integrity is attested by a reviewed manifest. The artifact remains in its authoritative source repository and is represented here without copying sensitive or duplicative source bytes."
"home-lab-attested-fcb4a09418bfb958","jeremyfontenot/JeremyFontenot.github.io","5581bd7bf9c61ff77000ac04aa39fcbb04ed004f","archive/pre-site-upgrade-20260602/infrastructure.html","content/home-lab/source-attestations/original-portfolio-source-only.json","","9eb8daf6c948fc704ea82258bba849d1545f34529a1e61f7f8b84a7bade12d04","4737","","","documentation","supported-with-limitations","backup-recovery","backup-recovery","content/home-lab/backup-recovery/documentation/original-portfolio-source-only/archive/pre-site-upgrade-20260602/infrastructure.html","source-reference-only","home-lab-backup-and-isolated-restore","Operational or original-portfolio source integrity is attested by a reviewed manifest. The artifact remains in its authoritative source repository and is represented here without copying sensitive or duplicative source bytes."
"home-lab-attested-fcbd46d86d9340ff","fontenotjeremy71-hub/jeremy-homelab-ops","65899f08cb8d19207c5edad7723368ed04f1f1c4","evidence/infrastructure-validation/2026-07-10/07-backup-inventory/backup-archive-inventory.csv","content/home-lab/source-attestations/operations-infra-backup.json","","280b0e42d841771a39cd157c290782ba52726cb7e7b0140494b467e1d96bcf7a","565","","","validation","supported-with-limitations","backup-recovery","backup-recovery|environment","content/home-lab/backup-recovery/evidence/validation/operations-infra-backup/evidence/infrastructure-validation/2026-07-10/07-backup-inventory/backup-archive-inventory.csv","source-reference-only","home-lab-backup-and-isolated-restore|home-lab-environment-inventory","Operational or original-portfolio source integrity is attested by a reviewed manifest. The artifact remains in its authoritative source repository and is represented here without copying sensitive or duplicative source bytes."
"home-lab-attested-fd2de9c40cc5e061","fontenotjeremy71-hub/jeremy-homelab-ops","65899f08cb8d19207c5edad7723368ed04f1f1c4","evidence/read-only-baseline-20260625-201313/route-evidence-20260625-201313.json","content/home-lab/source-attestations/operations-evidence-core.json","","f6fe2592495771a0ac6ace1475da0078db0ef40eb6967a5820ebdf98f78fbc1c","526","","","configuration","supported-with-limitations","networking","networking","content/home-lab/networking/evidence/configuration/operations-evidence-core/evidence/read-only-baseline-20260625-201313/route-evidence-20260625-201313.json","source-reference-only","home-lab-networking-validation","Operational or original-portfolio source integrity is attested by a reviewed manifest. The artifact remains in its authoritative source repository and is represented here without copying sensitive or duplicative source bytes."
"home-lab-attested-fd74c1121d9165f6","fontenotjeremy71-hub/jeremy-homelab-ops","65899f08cb8d19207c5edad7723368ed04f1f1c4","scripts/windows-server/Get-WindowsReadOnlyInventory.ps1","content/home-lab/source-attestations/operations-scripts.json","","159fdc1a8d29ae4de9c42e58ef426febe004218a1522069ab375de2b52042cb3","2166","","","scripts","supported-with-limitations","windows-server","windows-server|automation|environment","content/home-lab/windows-server/scripts/operations-scripts/scripts/windows-server/Get-WindowsReadOnlyInventory.ps1","source-reference-only","home-lab-windows-server-administration|home-lab-evidence-automation|home-lab-environment-inventory","Operational or original-portfolio source integrity is attested by a reviewed manifest. The artifact remains in its authoritative source repository and is represented here without copying sensitive or duplicative source bytes."
"home-lab-attested-fd917e027fe54c05","fontenotjeremy71-hub/jeremy-homelab-ops","65899f08cb8d19207c5edad7723368ed04f1f1c4","evidence/infrastructure-validation/2026-07-10/08-restore-validation/proxmox-dc01-rerun-final-cleanup-verification-2026-07-11.png","content/home-lab/source-attestations/operations-restore-dc01.json","","8b4d39bdecc44bfe57a1159ad7348ebf12bc92cb292ef7efeab3b1e0b566ae7c","498084","","","screenshots","supported-with-limitations","backup-recovery","backup-recovery|active-directory|proxmox","content/home-lab/backup-recovery/evidence/screenshots/operations-restore-dc01/evidence/infrastructure-validation/2026-07-10/08-restore-validation/proxmox-dc01-rerun-final-cleanup-verification-2026-07-11.png","source-reference-only","home-lab-backup-and-isolated-restore|home-lab-active-directory-administration|home-lab-proxmox-administration","Operational or original-portfolio source integrity is attested by a reviewed manifest. The artifact remains in its authoritative source repository and is represented here without copying sensitive or duplicative source bytes."
"home-lab-attested-fe6ef66d55d65fe4","fontenotjeremy71-hub/jeremy-homelab-ops","65899f08cb8d19207c5edad7723368ed04f1f1c4","evidence/infrastructure-validation/2026-07-10/06-linux01-sssd/linux01-systemd-failed-units-2026-07-11.png","content/home-lab/source-attestations/operations-infra-linux.json","","429310a952f2b633567ab4445bf322e4fcfe416cd0d14dc804ff2f5b897e27be","9846","","","screenshots","supported-with-limitations","linux","linux","content/home-lab/linux/evidence/screenshots/operations-infra-linux/evidence/infrastructure-validation/2026-07-10/06-linux01-sssd/linux01-systemd-failed-units-2026-07-11.png","source-reference-only","home-lab-linux-administration","Operational or original-portfolio source integrity is attested by a reviewed manifest. The artifact remains in its authoritative source repository and is represented here without copying sensitive or duplicative source bytes."
"home-lab-attested-ff36414d25d964dd","fontenotjeremy71-hub/jeremy-homelab-ops","65899f08cb8d19207c5edad7723368ed04f1f1c4","evidence/infrastructure-validation/2026-07-10/08-restore-validation/proxmox-linux01-isolated-restore-clean-shutdown-2026-07-11.png","content/home-lab/source-attestations/operations-restore-linux01.json","","5f69d4c59a79549f10d4a6aaa3246bed8e122bf6f808988e7444135a27d7bb98","17894","","","screenshots","supported-with-limitations","backup-recovery","backup-recovery|linux|proxmox","content/home-lab/backup-recovery/evidence/screenshots/operations-restore-linux01/evidence/infrastructure-validation/2026-07-10/08-restore-validation/proxmox-linux01-isolated-restore-clean-shutdown-2026-07-11.png","source-reference-only","home-lab-backup-and-isolated-restore|home-lab-linux-administration|home-lab-proxmox-administration","Operational or original-portfolio source integrity is attested by a reviewed manifest. The artifact remains in its authoritative source repository and is represented here without copying sensitive or duplicative source bytes."
"home-lab-attested-ff80866800bf3a7b","fontenotjeremy71-hub/jeremy-homelab-ops","65899f08cb8d19207c5edad7723368ed04f1f1c4","scripts/monitoring/HomeLabConnectivityTargets.psd1","content/home-lab/source-attestations/operations-scripts.json","","ede73ceb08adae32dfbdf5df37ef93ba315795de24a31da12638f976b712ca6d","2496","","","scripts","supported-with-limitations","networking","networking|monitoring-logging|automation","content/home-lab/networking/scripts/operations-scripts/scripts/monitoring/HomeLabConnectivityTargets.psd1","source-reference-only","home-lab-networking-validation|home-lab-monitoring-logging-documentation|home-lab-evidence-automation","Operational or original-portfolio source integrity is attested by a reviewed manifest. The artifact remains in its authoritative source repository and is represented here without copying sensitive or duplicative source bytes."
"home-lab-current-03d9f531163b03f1","fontenotjeremy71-hub/jeremyfontenot","992ed3bd731de72e2569d389f4a334ff63bafa35","evidence-library/projects/on-prem-home-lab/screenshots/figure-04-ws01-dns-dhcp-validation.png","","evidence-library/projects/on-prem-home-lab/screenshots/figure-04-ws01-dns-dhcp-validation.png","080aaab4b0a905a92c651911571655e86d2224344bf069aab5d9fc0476629f1c","118740","080aaab4b0a905a92c651911571655e86d2224344bf069aab5d9fc0476629f1c","118740","screenshots","supported-with-limitations","dns-dhcp","dns-dhcp|windows-clients|environment","content/home-lab/dns-dhcp/evidence/screenshots/on-prem-home-lab/screenshots/figure-04-ws01-dns-dhcp-validation.png","public-original","home-lab-dns-dhcp-administration|home-lab-windows-client-administration|home-lab-environment-inventory","Primary published Home Lab validation, inventory, screenshot, and source-summary collection. The tracked artifact remains at its established public route and is logically organized without moving or rewriting it."
"home-lab-current-065b401d86c8f0d6","fontenotjeremy71-hub/jeremyfontenot","992ed3bd731de72e2569d389f4a334ff63bafa35","evidence/public/ad-migration-plan.md","","evidence/public/ad-migration-plan.md","5b59fcc0e8ddda7785f6206c64698181fa95d15f10bcfce55869bd24b3c9f403","284","5b59fcc0e8ddda7785f6206c64698181fa95d15f10bcfce55869bd24b3c9f403","284","documentation","documented-only","environment","environment","content/home-lab/environment/documentation/ad-migration-project/evidence/public/ad-migration-plan.md","public-original","home-lab-environment-inventory","Published Active Directory migration plan report. The tracked artifact remains at its established public route and is logically organized without moving or rewriting it."
"home-lab-current-06bac7127b9e3390","fontenotjeremy71-hub/jeremyfontenot","992ed3bd731de72e2569d389f4a334ff63bafa35","evidence-library/projects/on-prem-home-lab/current-validated-state/direct-evidence/proxmox-backup-configuration.md","","evidence-library/projects/on-prem-home-lab/current-validated-state/direct-evidence/proxmox-backup-configuration.md","6aba8f7ce403a3eb2e7435b56ed81d19061915b97f89b01fdf3abc39b2aa75b3","1961","6aba8f7ce403a3eb2e7435b56ed81d19061915b97f89b01fdf3abc39b2aa75b3","1961","validation","supported-with-limitations","backup-recovery","backup-recovery|proxmox|environment","content/home-lab/backup-recovery/evidence/validation/on-prem-home-lab/current-validated-state/direct-evidence/proxmox-backup-configuration.md","public-original","home-lab-backup-and-isolated-restore|home-lab-proxmox-administration|home-lab-environment-inventory","Primary published Home Lab validation, inventory, screenshot, and source-summary collection. The tracked artifact remains at its established public route and is logically organized without moving or rewriting it."
"home-lab-current-0700d20c82b3278e","fontenotjeremy71-hub/jeremyfontenot","992ed3bd731de72e2569d389f4a334ff63bafa35","evidence-library/projects/on-prem-home-lab/validated-2026-06-21/screenshots/dc01-dns-forward-reverse-validation.png","","evidence-library/projects/on-prem-home-lab/validated-2026-06-21/screenshots/dc01-dns-forward-reverse-validation.png","44d89012f3f975ee2713b1b8b4c5990c9a1fef5862810b1af9b9f8e340b01883","233823","44d89012f3f975ee2713b1b8b4c5990c9a1fef5862810b1af9b9f8e340b01883","233823","screenshots","supported-with-limitations","active-directory","active-directory|dns-dhcp|environment","content/home-lab/active-directory/evidence/screenshots/on-prem-home-lab/validated-2026-06-21/screenshots/dc01-dns-forward-reverse-validation.png","public-original","home-lab-active-directory-administration|home-lab-dns-dhcp-administration|home-lab-environment-inventory","Primary published Home Lab validation, inventory, screenshot, and source-summary collection. The tracked artifact remains at its established public route and is logically organized without moving or rewriting it."
"home-lab-current-0752ae90d7662c0a","fontenotjeremy71-hub/jeremyfontenot","992ed3bd731de72e2569d389f4a334ff63bafa35","evidence-library/projects/on-prem-home-lab/validated-2026-06-29/skills-validation/home-lab-baseline-framework-validation-20260629-210527.txt","","evidence-library/projects/on-prem-home-lab/validated-2026-06-29/skills-validation/home-lab-baseline-framework-validation-20260629-210527.txt","499e683ba5cd18f2f6c5871099bc948e0e43445c488c4752a8856d89a0ac3723","802","499e683ba5cd18f2f6c5871099bc948e0e43445c488c4752a8856d89a0ac3723","802","validation","directly-proven","automation","automation|environment","content/home-lab/automation/evidence/validation/on-prem-home-lab/validated-2026-06-29/skills-validation/home-lab-baseline-framework-validation-20260629-210527.txt","public-original","home-lab-evidence-automation|home-lab-environment-inventory","Primary published Home Lab validation, inventory, screenshot, and source-summary collection. The tracked artifact remains at its established public route and is logically organized without moving or rewriting it."
"home-lab-current-07554dcb597b49dc","fontenotjeremy71-hub/jeremyfontenot","992ed3bd731de72e2569d389f4a334ff63bafa35","evidence-library/projects/on-prem-home-lab/current-validated-state/direct-evidence/proxmox-backup-configuration.html","","evidence-library/projects/on-prem-home-lab/current-validated-state/direct-evidence/proxmox-backup-configuration.html","ae102a1c5b428c85425087be0478b317b92260d04383cddbc3192295943ade10","9911","ae102a1c5b428c85425087be0478b317b92260d04383cddbc3192295943ade10","9911","validation","supported-with-limitations","backup-recovery","backup-recovery|proxmox|environment","content/home-lab/backup-recovery/evidence/validation/on-prem-home-lab/current-validated-state/direct-evidence/proxmox-backup-configuration.html","public-original","home-lab-backup-and-isolated-restore|home-lab-proxmox-administration|home-lab-environment-inventory","Primary published Home Lab validation, inventory, screenshot, and source-summary collection. The tracked artifact remains at its established public route and is logically organized without moving or rewriting it."
"home-lab-current-09692a22e45624d7","fontenotjeremy71-hub/jeremyfontenot","992ed3bd731de72e2569d389f4a334ff63bafa35","evidence-library/projects/on-prem-home-lab/scvmm-2022/screenshots/scvmm-hvhost01-managed.png","","evidence-library/projects/on-prem-home-lab/scvmm-2022/screenshots/scvmm-hvhost01-managed.png","74e4ab58a9cad40b6758e48ce332d164e3df04c4e68944eac55258c25c86044e","219850","74e4ab58a9cad40b6758e48ce332d164e3df04c4e68944eac55258c25c86044e","219850","screenshots","supported-with-limitations","windows-server","windows-server|environment","content/home-lab/windows-server/evidence/screenshots/scvmm-2022/evidence-library/projects/on-prem-home-lab/scvmm-2022/screenshots/scvmm-hvhost01-managed.png","public-original","home-lab-windows-server-administration|home-lab-environment-inventory","SCVMM managed-host status screenshot for HVHOST01. The tracked artifact remains at its established public route and is logically organized without moving or rewriting it."
"home-lab-current-0bd5fe1db7269a78","fontenotjeremy71-hub/jeremyfontenot","992ed3bd731de72e2569d389f4a334ff63bafa35","evidence-library/projects/on-prem-home-lab/screenshots/figure-13-sdtech-it-share-read-write-validation.png","","evidence-library/projects/on-prem-home-lab/screenshots/figure-13-sdtech-it-share-read-write-validation.png","339a49cc0f07f37e030f11aefd7d0009eadf7022910490814d7968b7bc2c6bad","227622","339a49cc0f07f37e030f11aefd7d0009eadf7022910490814d7968b7bc2c6bad","227622","screenshots","directly-proven","environment","environment","content/home-lab/environment/evidence/screenshots/on-prem-home-lab/screenshots/figure-13-sdtech-it-share-read-write-validation.png","public-original","home-lab-environment-inventory","Primary published Home Lab validation, inventory, screenshot, and source-summary collection. The tracked artifact remains at its established public route and is logically organized without moving or rewriting it."
"home-lab-current-0bd8fb9c30ad3c57","fontenotjeremy71-hub/jeremyfontenot","992ed3bd731de72e2569d389f4a334ff63bafa35","evidence-library/projects/powershell-automation/provisioning-change-log-2026.md","","evidence-library/projects/powershell-automation/provisioning-change-log-2026.md","b2953394032ce961d0b9d14aff5049d22818f0f7dfcff0f12cb585f0c68b7edb","2141","b2953394032ce961d0b9d14aff5049d22818f0f7dfcff0f12cb585f0c68b7edb","2141","documentation","directly-proven","automation","automation","content/home-lab/automation/documentation/powershell-automation/provisioning-change-log-2026.md","public-original","home-lab-evidence-automation","Published infrastructure automation documentation and output. The tracked artifact remains at its established public route and is logically organized without moving or rewriting it."
"home-lab-current-0ccfb9f7943ffa1c","fontenotjeremy71-hub/jeremyfontenot","992ed3bd731de72e2569d389f4a334ff63bafa35","evidence-library/projects/on-prem-home-lab/screenshots/figure-14-standard-user-it-share-read-only-write-denial.png","","evidence-library/projects/on-prem-home-lab/screenshots/figure-14-standard-user-it-share-read-only-write-denial.png","27f7745ff4230e41b1b946531246870d5cf56f81e7320727cbd91e5be283f611","222617","27f7745ff4230e41b1b946531246870d5cf56f81e7320727cbd91e5be283f611","222617","screenshots","directly-proven","environment","environment","content/home-lab/environment/evidence/screenshots/on-prem-home-lab/screenshots/figure-14-standard-user-it-share-read-only-write-denial.png","public-original","home-lab-environment-inventory","Primary published Home Lab validation, inventory, screenshot, and source-summary collection. The tracked artifact remains at its established public route and is logically organized without moving or rewriting it."
"home-lab-current-146c7bd162df73aa","fontenotjeremy71-hub/jeremyfontenot","992ed3bd731de72e2569d389f4a334ff63bafa35","evidence-library/projects/on-prem-home-lab/validated-2026-06-21/screenshots/linux01-scp-transfer-validation.png","","evidence-library/projects/on-prem-home-lab/validated-2026-06-21/screenshots/linux01-scp-transfer-validation.png","b009b48fc3f329fc5da1da5b14517a77da88b8da2988a193176d9fd5e8cb986a","48564","b009b48fc3f329fc5da1da5b14517a77da88b8da2988a193176d9fd5e8cb986a","48564","screenshots","supported-with-limitations","linux","linux|environment","content/home-lab/linux/evidence/screenshots/on-prem-home-lab/validated-2026-06-21/screenshots/linux01-scp-transfer-validation.png","public-original","home-lab-linux-administration|home-lab-environment-inventory","Primary published Home Lab validation, inventory, screenshot, and source-summary collection. The tracked artifact remains at its established public route and is logically organized without moving or rewriting it."
"home-lab-current-1517f4d72c939580","fontenotjeremy71-hub/jeremyfontenot","992ed3bd731de72e2569d389f4a334ff63bafa35","evidence-library/projects/on-prem-home-lab/ad-service-desk-delegation/validation-public.txt","","evidence-library/projects/on-prem-home-lab/ad-service-desk-delegation/validation-public.txt","adaba18708483e397b05073740c3450110992c04ebee63eb0d2c8ed8838199bf","1555","adaba18708483e397b05073740c3450110992c04ebee63eb0d2c8ed8838199bf","1555","validation","directly-proven","environment","environment","content/home-lab/environment/evidence/validation/on-prem-home-lab/ad-service-desk-delegation/validation-public.txt","public-original","home-lab-environment-inventory","Primary published Home Lab validation, inventory, screenshot, and source-summary collection. The tracked artifact remains at its established public route and is logically organized without moving or rewriting it."
"home-lab-current-158ccac8c74dc014","fontenotjeremy71-hub/jeremyfontenot","992ed3bd731de72e2569d389f4a334ff63bafa35","evidence-library/architecture-diagrams/vlan-architecture-diagram-README.md","","evidence-library/architecture-diagrams/vlan-architecture-diagram-README.md","09e1bca655b4bc0f2936158a688354ab4799712a6eff418ecd5ad40be12e393e","2957","09e1bca655b4bc0f2936158a688354ab4799712a6eff418ecd5ad40be12e393e","2957","configuration","documented-only","networking","networking|environment","content/home-lab/networking/evidence/configuration/home-lab-architecture/evidence-library/architecture-diagrams/vlan-architecture-diagram-README.md","public-original","home-lab-networking-validation|home-lab-environment-inventory","Published VLAN architecture documentation. The tracked artifact remains at its established public route and is logically organized without moving or rewriting it."
"home-lab-current-163bcb8ef489b8f0","fontenotjeremy71-hub/jeremyfontenot","992ed3bd731de72e2569d389f4a334ff63bafa35","evidence-library/validation-reports/network-validation-checklist-2026.md","","evidence-library/validation-reports/network-validation-checklist-2026.md","4ec60f326b36243d0041c0178d8952c3de17a159714f83b582209af5b5d47684","4597","4ec60f326b36243d0041c0178d8952c3de17a159714f83b582209af5b5d47684","4597","validation","supported-with-limitations","networking","networking","content/home-lab/networking/evidence/validation/validation-reports/network-validation-checklist-2026.md","public-original","home-lab-networking-validation","Published validation reports relevant to the Home Lab. The tracked artifact remains at its established public route and is logically organized without moving or rewriting it."
"home-lab-current-163eb32bdca5c926","fontenotjeremy71-hub/jeremyfontenot","992ed3bd731de72e2569d389f4a334ff63bafa35","evidence-library/projects/on-prem-home-lab/current-validated-state/direct-evidence/proxmox-platform-inventory.md","","evidence-library/projects/on-prem-home-lab/current-validated-state/direct-evidence/proxmox-platform-inventory.md","fb62fa08c780a70011c1e5e2ec1a38c50cc8cba780bdd1e7debcc744e2efc867","2621","fb62fa08c780a70011c1e5e2ec1a38c50cc8cba780bdd1e7debcc744e2efc867","2621","validation","supported-with-limitations","proxmox","proxmox|environment","content/home-lab/proxmox/evidence/validation/on-prem-home-lab/current-validated-state/direct-evidence/proxmox-platform-inventory.md","public-original","home-lab-proxmox-administration|home-lab-environment-inventory","Primary published Home Lab validation, inventory, screenshot, and source-summary collection. The tracked artifact remains at its established public route and is logically organized without moving or rewriting it."
"home-lab-current-1a6af01c69a198fd","fontenotjeremy71-hub/jeremyfontenot","992ed3bd731de72e2569d389f4a334ff63bafa35","evidence-library/projects/on-prem-home-lab/azure-arc-hybrid-management/screenshots/vmm01-arc-overview-public.png","","evidence-library/projects/on-prem-home-lab/azure-arc-hybrid-management/screenshots/vmm01-arc-overview-public.png","2cfc3077448eb0b056cd38e2a0d0a72c875ae427363bc5a6cb78b4f966cd671e","313538","2cfc3077448eb0b056cd38e2a0d0a72c875ae427363bc5a6cb78b4f966cd671e","313538","screenshots","directly-proven","environment","environment","content/home-lab/environment/evidence/screenshots/on-prem-home-lab/azure-arc-hybrid-management/screenshots/vmm01-arc-overview-public.png","public-original","home-lab-environment-inventory","Primary published Home Lab validation, inventory, screenshot, and source-summary collection. The tracked artifact remains at its established public route and is logically organized without moving or rewriting it."
"home-lab-current-1c2e88ff12f758d8","fontenotjeremy71-hub/jeremyfontenot","992ed3bd731de72e2569d389f4a334ff63bafa35","evidence-library/projects/on-prem-home-lab/validated-2026-06-21/text/vm-inventory-sanitized.txt","","evidence-library/projects/on-prem-home-lab/validated-2026-06-21/text/vm-inventory-sanitized.txt","66919d18e0b2f7277d6332baa412b10bcea87d5794363ae4976715ffffcc8e5a","710","66919d18e0b2f7277d6332baa412b10bcea87d5794363ae4976715ffffcc8e5a","710","inventories","supported-with-limitations","proxmox","proxmox|environment","content/home-lab/proxmox/evidence/inventories/on-prem-home-lab/validated-2026-06-21/text/vm-inventory-sanitized.txt","public-original","home-lab-proxmox-administration|home-lab-environment-inventory","Primary published Home Lab validation, inventory, screenshot, and source-summary collection. The tracked artifact remains at its established public route and is logically organized without moving or rewriting it."
"home-lab-current-2067ca18d73a3c36","fontenotjeremy71-hub/jeremyfontenot","992ed3bd731de72e2569d389f4a334ff63bafa35","evidence-library/projects/on-prem-home-lab/current-validated-state/source-summaries/home-lab-source-reconciliation.md","","evidence-library/projects/on-prem-home-lab/current-validated-state/source-summaries/home-lab-source-reconciliation.md","2d377a7a6703f8c3c5fbb77aa093569806ddb7939cfa88fd6a0ecf801484c3ee","2504","2d377a7a6703f8c3c5fbb77aa093569806ddb7939cfa88fd6a0ecf801484c3ee","2504","validation","directly-proven","environment","environment","content/home-lab/environment/evidence/validation/on-prem-home-lab/current-validated-state/source-summaries/home-lab-source-reconciliation.md","public-original","home-lab-environment-inventory","Primary published Home Lab validation, inventory, screenshot, and source-summary collection. The tracked artifact remains at its established public route and is logically organized without moving or rewriting it."
"home-lab-current-21e5d8d1edd58b60","fontenotjeremy71-hub/jeremyfontenot","992ed3bd731de72e2569d389f4a334ff63bafa35","evidence-library/projects/on-prem-home-lab/current-validated-state/source-summaries/home-lab-source-of-truth.md","","evidence-library/projects/on-prem-home-lab/current-validated-state/source-summaries/home-lab-source-of-truth.md","eb4893a7743f3ec34e38824084c9f76acbc7ec706a7cf2459dbeaa4ac89fce15","3855","eb4893a7743f3ec34e38824084c9f76acbc7ec706a7cf2459dbeaa4ac89fce15","3855","validation","directly-proven","environment","environment","content/home-lab/environment/evidence/validation/on-prem-home-lab/current-validated-state/source-summaries/home-lab-source-of-truth.md","public-original","home-lab-environment-inventory","Primary published Home Lab validation, inventory, screenshot, and source-summary collection. The tracked artifact remains at its established public route and is logically organized without moving or rewriting it."
"home-lab-current-244f28fddaf3f63f","fontenotjeremy71-hub/jeremyfontenot","992ed3bd731de72e2569d389f4a334ff63bafa35","assets/documents/Jeremy-Fontenot-On-Premises-Home-Lab-Documentation.docx","","assets/documents/Jeremy-Fontenot-On-Premises-Home-Lab-Documentation.docx","d7e81a06dcfbd2e91eb8f52a02bdc795ac5b7084a70f343233f1104ccd297bdb","131100","d7e81a06dcfbd2e91eb8f52a02bdc795ac5b7084a70f343233f1104ccd297bdb","131100","documentation","directly-proven","environment","environment","content/home-lab/environment/documentation/home-lab-documentation/assets/documents/Jeremy-Fontenot-On-Premises-Home-Lab-Documentation.docx","public-original","home-lab-environment-inventory","Published personal Home Lab documentation package. The tracked artifact remains at its established public route and is logically organized without moving or rewriting it."
"home-lab-current-247c93305adf8919","fontenotjeremy71-hub/jeremyfontenot","992ed3bd731de72e2569d389f4a334ff63bafa35","evidence-library/projects/on-prem-home-lab/scvmm-2022/screenshots/scvmm-setup-complete.png","","evidence-library/projects/on-prem-home-lab/scvmm-2022/screenshots/scvmm-setup-complete.png","32e6bdb605b18cb65d99be1e2069f94e3bffe0127e73ce1c3fab5cf7039866d2","65178","32e6bdb605b18cb65d99be1e2069f94e3bffe0127e73ce1c3fab5cf7039866d2","65178","screenshots","supported-with-limitations","windows-server","windows-server","content/home-lab/windows-server/evidence/screenshots/scvmm-2022/evidence-library/projects/on-prem-home-lab/scvmm-2022/screenshots/scvmm-setup-complete.png","public-original","home-lab-windows-server-administration","SCVMM management server and console installation completion screenshot. The tracked artifact remains at its established public route and is logically organized without moving or rewriting it."
"home-lab-current-25948632b8917680","fontenotjeremy71-hub/jeremyfontenot","992ed3bd731de72e2569d389f4a334ff63bafa35","evidence-library/projects/on-prem-home-lab/azure-arc-hybrid-management/evidence/azure-arc-validation.ps1","","evidence-library/projects/on-prem-home-lab/azure-arc-hybrid-management/evidence/azure-arc-validation.ps1","30cc7843a0a11df5170848e3603d7b003b6446f5ebaa94c386f36d2deb15f321","2406","30cc7843a0a11df5170848e3603d7b003b6446f5ebaa94c386f36d2deb15f321","2406","validation","supported-with-limitations","windows-server","windows-server|networking|monitoring-logging|automation","content/home-lab/windows-server/evidence/validation/azure-arc-hybrid-management/evidence-library/projects/on-prem-home-lab/azure-arc-hybrid-management/evidence/azure-arc-validation.ps1","public-original","home-lab-windows-server-administration|home-lab-networking-validation|home-lab-monitoring-logging-documentation|home-lab-evidence-automation","Public-safe read-only PowerShell validation commands for Arc agent, Windows services, SQL inventory, and outbound connectivity. The tracked artifact remains at its established public route and is logically organized without moving or rewriting it."
"home-lab-current-25dbea7fdb638f9f","fontenotjeremy71-hub/jeremyfontenot","992ed3bd731de72e2569d389f4a334ff63bafa35","evidence-library/projects/on-prem-home-lab/azure-arc-hybrid-management/screenshots/powershell-hvhost01-arc-services-public.png","","evidence-library/projects/on-prem-home-lab/azure-arc-hybrid-management/screenshots/powershell-hvhost01-arc-services-public.png","36c0241a74ab9e9b80a0a73fe8baf7d6fdade58cd594133c5881abba209b09bb","230901","36c0241a74ab9e9b80a0a73fe8baf7d6fdade58cd594133c5881abba209b09bb","230901","screenshots","supported-with-limitations","windows-server","windows-server|monitoring-logging|automation","content/home-lab/windows-server/evidence/screenshots/azure-arc-hybrid-management/evidence-library/projects/on-prem-home-lab/azure-arc-hybrid-management/screenshots/powershell-hvhost01-arc-services-public.png","public-original","home-lab-windows-server-administration|home-lab-monitoring-logging-documentation|home-lab-evidence-automation","Sanitized direct PowerShell screenshot showing Connected agent state and running Arc services on HVHOST01. The tracked artifact remains at its established public route and is logically organized without moving or rewriting it."
"home-lab-current-25e0800d77142c02","fontenotjeremy71-hub/jeremyfontenot","992ed3bd731de72e2569d389f4a334ff63bafa35","evidence-library/projects/on-prem-home-lab/current-validated-state/source-summaries/linux01-sssd-remediation.md","","evidence-library/projects/on-prem-home-lab/current-validated-state/source-summaries/linux01-sssd-remediation.md","92755727a576981972a701e92ced629f062f26fcd290bfa7cd4287ab29697326","1611","92755727a576981972a701e92ced629f062f26fcd290bfa7cd4287ab29697326","1611","validation","supported-with-limitations","linux","linux|environment","content/home-lab/linux/evidence/validation/on-prem-home-lab/current-validated-state/source-summaries/linux01-sssd-remediation.md","public-original","home-lab-linux-administration|home-lab-environment-inventory","Primary published Home Lab validation, inventory, screenshot, and source-summary collection. The tracked artifact remains at its established public route and is logically organized without moving or rewriting it."
"home-lab-current-26727a3430617612","fontenotjeremy71-hub/jeremyfontenot","992ed3bd731de72e2569d389f4a334ff63bafa35","evidence-library/projects/on-prem-home-lab/azure-arc-hybrid-management/evidence-manifest.json","","evidence-library/projects/on-prem-home-lab/azure-arc-hybrid-management/evidence-manifest.json","2a9bdf68577ab3a8e9aef5367ee718089b0bcbdc93d116b4b77b664383c8e432","8226","2a9bdf68577ab3a8e9aef5367ee718089b0bcbdc93d116b4b77b664383c8e432","8226","manifests","directly-proven","environment","environment|windows-server|monitoring-logging|security","content/home-lab/environment/evidence/manifests/azure-arc-hybrid-management/evidence-library/projects/on-prem-home-lab/azure-arc-hybrid-management/evidence-manifest.json","public-original","home-lab-environment-inventory|home-lab-windows-server-administration|home-lab-monitoring-logging-documentation|home-lab-security-conscious-operations","Published provenance, integrity, sanitization, and claim-boundary manifest for the Azure Arc case study. The tracked artifact remains at its established public route and is logically organized without moving or rewriting it."
"home-lab-current-279060a54de65837","fontenotjeremy71-hub/jeremyfontenot","992ed3bd731de72e2569d389f4a334ff63bafa35","evidence-library/projects/infrastructure-networking/vlan-architecture-walkthrough-2026.md","","evidence-library/projects/infrastructure-networking/vlan-architecture-walkthrough-2026.md","f4789ea034eaf56b7a683a9818a51ae10cafc68b1769ea67829da9d2e9cd3930","24270","f4789ea034eaf56b7a683a9818a51ae10cafc68b1769ea67829da9d2e9cd3930","24270","reports","documented-only","networking","networking|environment","content/home-lab/networking/evidence/reports/infrastructure-networking/vlan-architecture-walkthrough-2026.md","public-original","home-lab-networking-validation|home-lab-environment-inventory","Published personal-lab networking, VLAN, and pfSense documentation. The tracked artifact remains at its established public route and is logically organized without moving or rewriting it."
"home-lab-current-299d10494de971b0","fontenotjeremy71-hub/jeremyfontenot","992ed3bd731de72e2569d389f4a334ff63bafa35","evidence-library/architecture-diagrams/vlan-architecture-diagram.png","","evidence-library/architecture-diagrams/vlan-architecture-diagram.png","5c9552289557d9fdca178385c2dedf93874c414b40daf8b816e027268adef9f7","205174","5c9552289557d9fdca178385c2dedf93874c414b40daf8b816e027268adef9f7","205174","screenshots","documented-only","networking","networking|environment","content/home-lab/networking/evidence/screenshots/home-lab-architecture/evidence-library/architecture-diagrams/vlan-architecture-diagram.png","public-original","home-lab-networking-validation|home-lab-environment-inventory","Published VLAN architecture image. The tracked artifact remains at its established public route and is logically organized without moving or rewriting it."
"home-lab-current-2a2a032baccdc7ed","fontenotjeremy71-hub/jeremyfontenot","992ed3bd731de72e2569d389f4a334ff63bafa35","docs/projects/ad-migration/artifacts/provisioning.ps1","","","0504331d8351027590b80f4124523a3bd4276e83aead76191b1f391e30bf662b","5328","","","documentation","directly-proven","automation","automation","content/home-lab/automation/documentation/ad-migration-project/artifacts/provisioning.ps1","metadata-only","home-lab-evidence-automation","Repository-only Active Directory migration plan and supporting artifacts. This repository-only artifact is cataloged as metadata and is not assigned a public route."
"home-lab-current-2b22ea0c961045d2","fontenotjeremy71-hub/jeremyfontenot","992ed3bd731de72e2569d389f4a334ff63bafa35","evidence-library/projects/on-prem-home-lab/azure-arc-hybrid-management/evidence/azure-arc-validation-public.txt","","evidence-library/projects/on-prem-home-lab/azure-arc-hybrid-management/evidence/azure-arc-validation-public.txt","7b03f3c203f17a9a8393e7310b31b8d86f8a59c63369c8f5e5cab0028249e77d","2307","7b03f3c203f17a9a8393e7310b31b8d86f8a59c63369c8f5e5cab0028249e77d","2307","validation","supported-with-limitations","windows-server","windows-server|networking|monitoring-logging|automation","content/home-lab/windows-server/evidence/validation/azure-arc-hybrid-management/evidence-library/projects/on-prem-home-lab/azure-arc-hybrid-management/evidence/azure-arc-validation-public.txt","public-original","home-lab-windows-server-administration|home-lab-networking-validation|home-lab-monitoring-logging-documentation|home-lab-evidence-automation","Sanitized observed-state summary preserving the successful checks and VMM01 direct-remoting limitation. The tracked artifact remains at its established public route and is logically organized without moving or rewriting it."
"home-lab-current-2b3ebb5ab741a987","fontenotjeremy71-hub/jeremyfontenot","992ed3bd731de72e2569d389f4a334ff63bafa35","evidence-library/projects/on-prem-home-lab/validated-2026-06-21/manifest.json","","evidence-library/projects/on-prem-home-lab/validated-2026-06-21/manifest.json","2f2abcf4f6d0e28dad5979a82ed077662cdd48f97785d0e708ecadf50e8b3367","29139","2f2abcf4f6d0e28dad5979a82ed077662cdd48f97785d0e708ecadf50e8b3367","29139","manifests","directly-proven","environment","environment","content/home-lab/environment/evidence/manifests/on-prem-home-lab/validated-2026-06-21/manifest.json","public-original","home-lab-environment-inventory","Primary published Home Lab validation, inventory, screenshot, and source-summary collection. The tracked artifact remains at its established public route and is logically organized without moving or rewriting it."
"home-lab-current-2bd4e779772b28b6","fontenotjeremy71-hub/jeremyfontenot","992ed3bd731de72e2569d389f4a334ff63bafa35","evidence-library/projects/on-prem-home-lab/current-validated-state/provenance.json","","evidence-library/projects/on-prem-home-lab/current-validated-state/provenance.json","494f144d8f7a96bae8f74d1936c84f3f735c563610d49785325e22c52b8b4e74","2060","494f144d8f7a96bae8f74d1936c84f3f735c563610d49785325e22c52b8b4e74","2060","validation","directly-proven","environment","environment","content/home-lab/environment/evidence/validation/on-prem-home-lab/current-validated-state/provenance.json","public-original","home-lab-environment-inventory","Primary published Home Lab validation, inventory, screenshot, and source-summary collection. The tracked artifact remains at its established public route and is logically organized without moving or rewriting it."
"home-lab-current-2c651c35e3ded047","fontenotjeremy71-hub/jeremyfontenot","992ed3bd731de72e2569d389f4a334ff63bafa35","evidence-library/projects/on-prem-home-lab/current-validated-state/direct-evidence/linux01-sssd-remediation-validation.html","","evidence-library/projects/on-prem-home-lab/current-validated-state/direct-evidence/linux01-sssd-remediation-validation.html","c7378212b93b119a0e0be87c658c7609666840f73b0f459f0bf910e98cf371e6","10599","c7378212b93b119a0e0be87c658c7609666840f73b0f459f0bf910e98cf371e6","10599","validation","supported-with-limitations","linux","linux|environment","content/home-lab/linux/evidence/validation/on-prem-home-lab/current-validated-state/direct-evidence/linux01-sssd-remediation-validation.html","public-original","home-lab-linux-administration|home-lab-environment-inventory","Primary published Home Lab validation, inventory, screenshot, and source-summary collection. The tracked artifact remains at its established public route and is logically organized without moving or rewriting it."
"home-lab-current-2cfa0c34dda1aca1","fontenotjeremy71-hub/jeremyfontenot","992ed3bd731de72e2569d389f4a334ff63bafa35","docs/projects/ad-migration/artifacts/ou-migration-plan.yaml","","","6b1c64444d65bb7d4616afa045ad5be90e7f1d39bd813fb4201e04688f92f64e","884","","","exports","documented-only","active-directory","active-directory","content/home-lab/active-directory/evidence/exports/ad-migration-project/artifacts/ou-migration-plan.yaml","metadata-only","home-lab-active-directory-administration","Repository-only Active Directory migration plan and supporting artifacts. This repository-only artifact is cataloged as metadata and is not assigned a public route."
"home-lab-current-2d65c8f175d4cf46","fontenotjeremy71-hub/jeremyfontenot","992ed3bd731de72e2569d389f4a334ff63bafa35","evidence-library/projects/on-prem-home-lab/scvmm-2022/screenshots/scvmm-app01-discovered.png","","evidence-library/projects/on-prem-home-lab/scvmm-2022/screenshots/scvmm-app01-discovered.png","c5bfa9efdb57549bb4032b3759764bdc5ca48a1b7fcc1f6386d3aeb5633a9257","180200","c5bfa9efdb57549bb4032b3759764bdc5ca48a1b7fcc1f6386d3aeb5633a9257","180200","screenshots","supported-with-limitations","windows-server","windows-server|environment","content/home-lab/windows-server/evidence/screenshots/scvmm-2022/evidence-library/projects/on-prem-home-lab/scvmm-2022/screenshots/scvmm-app01-discovered.png","public-original","home-lab-windows-server-administration|home-lab-environment-inventory","SCVMM virtual-machine discovery screenshot for APP01. The tracked artifact remains at its established public route and is logically organized without moving or rewriting it."
"home-lab-current-2d6ff422de208d29","fontenotjeremy71-hub/jeremyfontenot","992ed3bd731de72e2569d389f4a334ff63bafa35","evidence-library/projects/on-prem-home-lab/infrastructure-validation-2026-07/checksums.sha256","","evidence-library/projects/on-prem-home-lab/infrastructure-validation-2026-07/checksums.sha256","eda438dc49a69390d1b2034de50f1fd212e52edb46b2ef3c7aedb76a6bdf3364","262","eda438dc49a69390d1b2034de50f1fd212e52edb46b2ef3c7aedb76a6bdf3364","262","manifests","supported-with-limitations","security","security|environment","content/home-lab/security/evidence/manifests/on-prem-home-lab/infrastructure-validation-2026-07/checksums.sha256","public-original","home-lab-security-conscious-operations|home-lab-environment-inventory","Primary published Home Lab validation, inventory, screenshot, and source-summary collection. The tracked artifact remains at its established public route and is logically organized without moving or rewriting it."
"home-lab-current-2f5c47adb8f10eea","fontenotjeremy71-hub/jeremyfontenot","992ed3bd731de72e2569d389f4a334ff63bafa35","evidence-library/projects/on-prem-home-lab/screenshots/screenshots-manifest.csv","","evidence-library/projects/on-prem-home-lab/screenshots/screenshots-manifest.csv","2b6a7c1a35b960a4cc564db947beb4f647cee5331ba6cef51c3d80b2d7452d0b","6787","2b6a7c1a35b960a4cc564db947beb4f647cee5331ba6cef51c3d80b2d7452d0b","6787","manifests","directly-proven","environment","environment","content/home-lab/environment/evidence/manifests/on-prem-home-lab/screenshots/screenshots-manifest.csv","public-original","home-lab-environment-inventory","Primary published Home Lab validation, inventory, screenshot, and source-summary collection. The tracked artifact remains at its established public route and is logically organized without moving or rewriting it."
"home-lab-current-2fb60e77216eb209","fontenotjeremy71-hub/jeremyfontenot","992ed3bd731de72e2569d389f4a334ff63bafa35","evidence-library/projects/on-prem-home-lab/current-validated-state/source-summaries/backup-and-restore-validation.md","","evidence-library/projects/on-prem-home-lab/current-validated-state/source-summaries/backup-and-restore-validation.md","e6d1a7ab155ba92168428b29bd740c51f030255824223aefa39f68439a2b4404","1610","e6d1a7ab155ba92168428b29bd740c51f030255824223aefa39f68439a2b4404","1610","validation","supported-with-limitations","backup-recovery","backup-recovery|environment","content/home-lab/backup-recovery/evidence/validation/on-prem-home-lab/current-validated-state/source-summaries/backup-and-restore-validation.md","public-original","home-lab-backup-and-isolated-restore|home-lab-environment-inventory","Primary published Home Lab validation, inventory, screenshot, and source-summary collection. The tracked artifact remains at its established public route and is logically organized without moving or rewriting it."
"home-lab-current-3307f2f56ca2e135","fontenotjeremy71-hub/jeremyfontenot","992ed3bd731de72e2569d389f4a334ff63bafa35","evidence-library/projects/on-prem-home-lab/screenshots/figure-07-dc01-to-ws01-rdp-dns-validation.png","","evidence-library/projects/on-prem-home-lab/screenshots/figure-07-dc01-to-ws01-rdp-dns-validation.png","52eddd8dfd47c594e444a1dd2875bd40947747128d5093862b93e13972015df8","62482","52eddd8dfd47c594e444a1dd2875bd40947747128d5093862b93e13972015df8","62482","screenshots","supported-with-limitations","active-directory","active-directory|dns-dhcp|windows-clients|environment","content/home-lab/active-directory/evidence/screenshots/on-prem-home-lab/screenshots/figure-07-dc01-to-ws01-rdp-dns-validation.png","public-original","home-lab-active-directory-administration|home-lab-dns-dhcp-administration|home-lab-windows-client-administration|home-lab-environment-inventory","Primary published Home Lab validation, inventory, screenshot, and source-summary collection. The tracked artifact remains at its established public route and is logically organized without moving or rewriting it."
"home-lab-current-33d6c713a56eef6c","fontenotjeremy71-hub/jeremyfontenot","992ed3bd731de72e2569d389f4a334ff63bafa35","evidence-library/projects/on-prem-home-lab/macos-active-directory-integration/MACVM01-reverse-DNS-public.txt","","evidence-library/projects/on-prem-home-lab/macos-active-directory-integration/MACVM01-reverse-DNS-public.txt","c660399b49bc21878498edda0e4332d5fc140fe5a53e72d1f13807ad8f196aaa","34","c660399b49bc21878498edda0e4332d5fc140fe5a53e72d1f13807ad8f196aaa","34","scripts-output","supported-with-limitations","active-directory","active-directory|dns-dhcp|environment","content/home-lab/active-directory/evidence/scripts-output/on-prem-home-lab/macos-active-directory-integration/MACVM01-reverse-DNS-public.txt","public-original","home-lab-active-directory-administration|home-lab-dns-dhcp-administration|home-lab-environment-inventory","Primary published Home Lab validation, inventory, screenshot, and source-summary collection. The tracked artifact remains at its established public route and is logically organized without moving or rewriting it."
"home-lab-current-34167fd3a0678f0e","fontenotjeremy71-hub/jeremyfontenot","992ed3bd731de72e2569d389f4a334ff63bafa35","evidence-library/projects/on-prem-home-lab/screenshots/figure-01-initial-rdp-connection-failure.png","","evidence-library/projects/on-prem-home-lab/screenshots/figure-01-initial-rdp-connection-failure.png","65d5ed79f841cb51f044f1a05185c05ac1271842b0676bc1900b125e84e309dd","15582","65d5ed79f841cb51f044f1a05185c05ac1271842b0676bc1900b125e84e309dd","15582","screenshots","supported-with-limitations","windows-clients","windows-clients|environment","content/home-lab/windows-clients/evidence/screenshots/on-prem-home-lab/screenshots/figure-01-initial-rdp-connection-failure.png","public-original","home-lab-windows-client-administration|home-lab-environment-inventory","Primary published Home Lab validation, inventory, screenshot, and source-summary collection. The tracked artifact remains at its established public route and is logically organized without moving or rewriting it."
"home-lab-current-34fe5b381055cecd","fontenotjeremy71-hub/jeremyfontenot","992ed3bd731de72e2569d389f4a334ff63bafa35","evidence-library/proxmox/proxmox-host-validation-report-2026.md","","evidence-library/proxmox/proxmox-host-validation-report-2026.md","822e97326c36e3d063515e7486c4fa2d0489949971f962b701436bc572c32c35","1881","822e97326c36e3d063515e7486c4fa2d0489949971f962b701436bc572c32c35","1881","validation","supported-with-limitations","proxmox","proxmox","content/home-lab/proxmox/evidence/validation/proxmox-evidence/proxmox-host-validation-report-2026.md","public-original","home-lab-proxmox-administration","Published Proxmox evidence documentation. The tracked artifact remains at its established public route and is logically organized without moving or rewriting it."
"home-lab-current-35be9a700e800133","fontenotjeremy71-hub/jeremyfontenot","992ed3bd731de72e2569d389f4a334ff63bafa35","evidence-library/projects/on-prem-home-lab/scvmm-2022/screenshots/scvmm-app01-remote-power.png","","evidence-library/projects/on-prem-home-lab/scvmm-2022/screenshots/scvmm-app01-remote-power.png","50559a00fd6ea2bce788c7bb340408cbfc4fdf080d6c9680d4db1af03701ee00","213374","50559a00fd6ea2bce788c7bb340408cbfc4fdf080d6c9680d4db1af03701ee00","213374","screenshots","supported-with-limitations","windows-server","windows-server|networking","content/home-lab/windows-server/evidence/screenshots/scvmm-2022/evidence-library/projects/on-prem-home-lab/scvmm-2022/screenshots/scvmm-app01-remote-power.png","public-original","home-lab-windows-server-administration|home-lab-networking-validation","SCVMM remote power-control job completion screenshot for APP01. The tracked artifact remains at its established public route and is logically organized without moving or rewriting it."
"home-lab-current-373731f2e5cc414f","fontenotjeremy71-hub/jeremyfontenot","992ed3bd731de72e2569d389f4a334ff63bafa35","evidence-library/projects/on-prem-home-lab/current-validated-state/provenance.csv","","evidence-library/projects/on-prem-home-lab/current-validated-state/provenance.csv","37786c0642cc79215ee566a8585fcce9fba3fc859dc802717e4ea178ec532465","996","37786c0642cc79215ee566a8585fcce9fba3fc859dc802717e4ea178ec532465","996","validation","directly-proven","environment","environment","content/home-lab/environment/evidence/validation/on-prem-home-lab/current-validated-state/provenance.csv","public-original","home-lab-environment-inventory","Primary published Home Lab validation, inventory, screenshot, and source-summary collection. The tracked artifact remains at its established public route and is logically organized without moving or rewriting it."
"home-lab-current-39b6ed412d473227","fontenotjeremy71-hub/jeremyfontenot","992ed3bd731de72e2569d389f4a334ff63bafa35","evidence-library/projects/on-prem-home-lab/azure-arc-hybrid-management/screenshots/hvhost01-arc-overview-public.png","","evidence-library/projects/on-prem-home-lab/azure-arc-hybrid-management/screenshots/hvhost01-arc-overview-public.png","59de0dd082159fda1e751ce42fae2c7fb2f7701f76b8e46e870670f52d16f2c6","312602","59de0dd082159fda1e751ce42fae2c7fb2f7701f76b8e46e870670f52d16f2c6","312602","screenshots","directly-proven","environment","environment","content/home-lab/environment/evidence/screenshots/on-prem-home-lab/azure-arc-hybrid-management/screenshots/hvhost01-arc-overview-public.png","public-original","home-lab-environment-inventory","Primary published Home Lab validation, inventory, screenshot, and source-summary collection. The tracked artifact remains at its established public route and is logically organized without moving or rewriting it."
"home-lab-current-3a4fef6e5dbfd351","fontenotjeremy71-hub/jeremyfontenot","992ed3bd731de72e2569d389f4a334ff63bafa35","evidence-library/projects/on-prem-home-lab/azure-arc-hybrid-management/screenshots/vmm01-sql-extension-public.png","","evidence-library/projects/on-prem-home-lab/azure-arc-hybrid-management/screenshots/vmm01-sql-extension-public.png","86cf772c1c81ab531f56c39abd95c02370af606e4f309353138204876d2cc78a","175982","86cf772c1c81ab531f56c39abd95c02370af606e4f309353138204876d2cc78a","175982","screenshots","directly-proven","environment","environment","content/home-lab/environment/evidence/screenshots/on-prem-home-lab/azure-arc-hybrid-management/screenshots/vmm01-sql-extension-public.png","public-original","home-lab-environment-inventory","Primary published Home Lab validation, inventory, screenshot, and source-summary collection. The tracked artifact remains at its established public route and is logically organized without moving or rewriting it."
"home-lab-current-3b5160335dc9f4e7","fontenotjeremy71-hub/jeremyfontenot","992ed3bd731de72e2569d389f4a334ff63bafa35","evidence-library/projects/on-prem-home-lab/infrastructure-validation-2026-07/evidence-manifest.csv","","evidence-library/projects/on-prem-home-lab/infrastructure-validation-2026-07/evidence-manifest.csv","3ce3caeb2c71c0f8afdbb03001fb048ab288f9a0b134f617f304aca3d21b1592","811","3ce3caeb2c71c0f8afdbb03001fb048ab288f9a0b134f617f304aca3d21b1592","811","manifests","directly-proven","environment","environment","content/home-lab/environment/evidence/manifests/on-prem-home-lab/infrastructure-validation-2026-07/evidence-manifest.csv","public-original","home-lab-environment-inventory","Primary published Home Lab validation, inventory, screenshot, and source-summary collection. The tracked artifact remains at its established public route and is logically organized without moving or rewriting it."
"home-lab-current-3c422c73e5517be0","fontenotjeremy71-hub/jeremyfontenot","992ed3bd731de72e2569d389f4a334ff63bafa35","evidence/public/gpo-template-StandardDesktop.xml","","evidence/public/gpo-template-StandardDesktop.xml","9460b11f74e89fd7b0a1aa3ae5ec06b97c9c7bde09ecc3c702ea65fea4a0b726","372","9460b11f74e89fd7b0a1aa3ae5ec06b97c9c7bde09ecc3c702ea65fea4a0b726","372","configuration","supported-with-limitations","active-directory","active-directory","content/home-lab/active-directory/evidence/configuration/active-directory-policy/evidence/public/gpo-template-StandardDesktop.xml","public-original","home-lab-active-directory-administration","Published Group Policy baseline template. The tracked artifact remains at its established public route and is logically organized without moving or rewriting it."
"home-lab-current-3ca9cfc967ae091b","fontenotjeremy71-hub/jeremyfontenot","992ed3bd731de72e2569d389f4a334ff63bafa35","evidence-library/automation/automation-framework-evidence.md","","evidence-library/automation/automation-framework-evidence.md","a0adbd70119cc8e596361e4ba316fd3c17b80ed261e4fed59218d61f2d390a57","272","a0adbd70119cc8e596361e4ba316fd3c17b80ed261e4fed59218d61f2d390a57","272","documentation","directly-proven","automation","automation","content/home-lab/automation/documentation/automation-evidence/automation-framework-evidence.md","public-original","home-lab-evidence-automation","Published automation evidence and diagrams. The tracked artifact remains at its established public route and is logically organized without moving or rewriting it."
"home-lab-current-3d18369e1c8f09ae","fontenotjeremy71-hub/jeremyfontenot","992ed3bd731de72e2569d389f4a334ff63bafa35","evidence-library/projects/on-prem-home-lab/validated-2026-06-21/screenshots/linux01-evidence-archive-sha256-redacted.png","","evidence-library/projects/on-prem-home-lab/validated-2026-06-21/screenshots/linux01-evidence-archive-sha256-redacted.png","e0c7ff62a1e324bcd57b9f24ce0ca73a7965030a7dc9223403905f4689b9612e","73752","e0c7ff62a1e324bcd57b9f24ce0ca73a7965030a7dc9223403905f4689b9612e","73752","screenshots","supported-with-limitations","backup-recovery","backup-recovery|linux|environment","content/home-lab/backup-recovery/evidence/screenshots/on-prem-home-lab/validated-2026-06-21/screenshots/linux01-evidence-archive-sha256-redacted.png","public-original","home-lab-backup-and-isolated-restore|home-lab-linux-administration|home-lab-environment-inventory","Primary published Home Lab validation, inventory, screenshot, and source-summary collection. The tracked artifact remains at its established public route and is logically organized without moving or rewriting it."
"home-lab-current-3e1e4d4f1bb31911","fontenotjeremy71-hub/jeremyfontenot","992ed3bd731de72e2569d389f4a334ff63bafa35","evidence-library/projects/on-prem-home-lab/validated-2026-06-21/screenshots/linux01-ubuntu-server-installation-type.png","","evidence-library/projects/on-prem-home-lab/validated-2026-06-21/screenshots/linux01-ubuntu-server-installation-type.png","c99c9bd0bfd778781eaa2d323ddef3192d18388968581eb3f98269d14cbd2f5b","63873","c99c9bd0bfd778781eaa2d323ddef3192d18388968581eb3f98269d14cbd2f5b","63873","screenshots","supported-with-limitations","linux","linux|environment","content/home-lab/linux/evidence/screenshots/on-prem-home-lab/validated-2026-06-21/screenshots/linux01-ubuntu-server-installation-type.png","public-original","home-lab-linux-administration|home-lab-environment-inventory","Primary published Home Lab validation, inventory, screenshot, and source-summary collection. The tracked artifact remains at its established public route and is logically organized without moving or rewriting it."
"home-lab-current-3fe4e8ab7eade991","fontenotjeremy71-hub/jeremyfontenot","992ed3bd731de72e2569d389f4a334ff63bafa35","evidence-library/projects/on-prem-home-lab/current-validated-state/direct-evidence/proxmox-backup-inventory.html","","evidence-library/projects/on-prem-home-lab/current-validated-state/direct-evidence/proxmox-backup-inventory.html","ae846a085cd4cf377275ba422425452d6b31eda33e35b20a8b40eb7921cafe07","11430","ae846a085cd4cf377275ba422425452d6b31eda33e35b20a8b40eb7921cafe07","11430","validation","supported-with-limitations","backup-recovery","backup-recovery|proxmox|environment","content/home-lab/backup-recovery/evidence/validation/on-prem-home-lab/current-validated-state/direct-evidence/proxmox-backup-inventory.html","public-original","home-lab-backup-and-isolated-restore|home-lab-proxmox-administration|home-lab-environment-inventory","Primary published Home Lab validation, inventory, screenshot, and source-summary collection. The tracked artifact remains at its established public route and is logically organized without moving or rewriting it."
"home-lab-current-403a830a35808e7f","fontenotjeremy71-hub/jeremyfontenot","992ed3bd731de72e2569d389f4a334ff63bafa35","on-prem-home-lab.html","","on-prem-home-lab.html","1ab9e1c45a92933502e9a8cd50e08cc8867c74de176b46291fab23cd36de5772","22797","1ab9e1c45a92933502e9a8cd50e08cc8867c74de176b46291fab23cd36de5772","22797","documentation","directly-proven","environment","environment","content/home-lab/environment/documentation/home-lab-public-pages/on-prem-home-lab.html","public-original","home-lab-environment-inventory","Established public Home Lab case-study route. The tracked artifact remains at its established public route and is logically organized without moving or rewriting it."
"home-lab-current-40fc27edec67a86a","fontenotjeremy71-hub/jeremyfontenot","992ed3bd731de72e2569d389f4a334ff63bafa35","evidence-library/projects/on-prem-home-lab/infrastructure-validation-2026-07/screenshots/proxmox-dc01-rerun-service-validation-2026-07-11.png","","evidence-library/projects/on-prem-home-lab/infrastructure-validation-2026-07/screenshots/proxmox-dc01-rerun-service-validation-2026-07-11.png","196e96a0de89322b918b5c19fc5140802ed671493b1a6c516992fc5e24fe6b16","151720","196e96a0de89322b918b5c19fc5140802ed671493b1a6c516992fc5e24fe6b16","151720","screenshots","supported-with-limitations","active-directory","active-directory|proxmox|environment","content/home-lab/active-directory/evidence/screenshots/on-prem-home-lab/infrastructure-validation-2026-07/screenshots/proxmox-dc01-rerun-service-validation-2026-07-11.png","public-original","home-lab-active-directory-administration|home-lab-proxmox-administration|home-lab-environment-inventory","Primary published Home Lab validation, inventory, screenshot, and source-summary collection. The tracked artifact remains at its established public route and is logically organized without moving or rewriting it."
"home-lab-current-428cfd43399812e5","fontenotjeremy71-hub/jeremyfontenot","992ed3bd731de72e2569d389f4a334ff63bafa35","evidence-library/projects/on-prem-home-lab/azure-arc-hybrid-management/screenshots/vmm01-sql-dps-status-public.png","","evidence-library/projects/on-prem-home-lab/azure-arc-hybrid-management/screenshots/vmm01-sql-dps-status-public.png","60cbadd3baff85e72e41e0348927bd707ce60b1d7bd2779c5ff4974a248c8723","165339","60cbadd3baff85e72e41e0348927bd707ce60b1d7bd2779c5ff4974a248c8723","165339","screenshots","supported-with-limitations","windows-server","windows-server|monitoring-logging","content/home-lab/windows-server/evidence/screenshots/azure-arc-hybrid-management/evidence-library/projects/on-prem-home-lab/azure-arc-hybrid-management/screenshots/vmm01-sql-dps-status-public.png","public-original","home-lab-windows-server-administration|home-lab-monitoring-logging-documentation","Sanitized SQL extension properties showing DPS, metrics, agent, automatic-upgrade, and backup states. The tracked artifact remains at its established public route and is logically organized without moving or rewriting it."
"home-lab-current-42c29c4812a847fe","fontenotjeremy71-hub/jeremyfontenot","992ed3bd731de72e2569d389f4a334ff63bafa35","evidence-library/projects/infrastructure-networking/dns-dhcp-runbook-2026.txt","","evidence-library/projects/infrastructure-networking/dns-dhcp-runbook-2026.txt","d7d1e2bad7d48c9ce048d39b288c6f1ca4d664c3f36cd71cadc13d0ceca23786","2476","d7d1e2bad7d48c9ce048d39b288c6f1ca4d664c3f36cd71cadc13d0ceca23786","2476","scripts-output","documented-only","dns-dhcp","dns-dhcp|networking","content/home-lab/dns-dhcp/evidence/scripts-output/infrastructure-networking/dns-dhcp-runbook-2026.txt","public-original","home-lab-dns-dhcp-administration|home-lab-networking-validation","Published personal-lab networking, VLAN, and pfSense documentation. The tracked artifact remains at its established public route and is logically organized without moving or rewriting it."
"home-lab-current-45980e34ff3953e1","fontenotjeremy71-hub/jeremyfontenot","992ed3bd731de72e2569d389f4a334ff63bafa35","evidence-library/projects/on-prem-home-lab/current-validated-state/direct-evidence/dc01-system-and-role-validation.html","","evidence-library/projects/on-prem-home-lab/current-validated-state/direct-evidence/dc01-system-and-role-validation.html","b005e10fe16824cb6c4257f6fca85ab8344bb137223b6409b3526faf1525b436","10244","b005e10fe16824cb6c4257f6fca85ab8344bb137223b6409b3526faf1525b436","10244","validation","supported-with-limitations","active-directory","active-directory|environment","content/home-lab/active-directory/evidence/validation/on-prem-home-lab/current-validated-state/direct-evidence/dc01-system-and-role-validation.html","public-original","home-lab-active-directory-administration|home-lab-environment-inventory","Primary published Home Lab validation, inventory, screenshot, and source-summary collection. The tracked artifact remains at its established public route and is logically organized without moving or rewriting it."
"home-lab-current-462ec00ad0a326bd","fontenotjeremy71-hub/jeremyfontenot","992ed3bd731de72e2569d389f4a334ff63bafa35","evidence/public/gpo-template-StandardDesktop.yaml","","evidence/public/gpo-template-StandardDesktop.yaml","9765907e37b9e82d962b442d6b94722b6c11cee7ac5cab971f80a743366d6f51","161","9765907e37b9e82d962b442d6b94722b6c11cee7ac5cab971f80a743366d6f51","161","configuration","supported-with-limitations","active-directory","active-directory","content/home-lab/active-directory/evidence/configuration/active-directory-policy/evidence/public/gpo-template-StandardDesktop.yaml","public-original","home-lab-active-directory-administration","Published Group Policy baseline configuration. The tracked artifact remains at its established public route and is logically organized without moving or rewriting it."
"home-lab-current-494318a5857c314f","fontenotjeremy71-hub/jeremyfontenot","992ed3bd731de72e2569d389f4a334ff63bafa35","evidence-library/projects/on-prem-home-lab/screenshots/figure-06-ws01-rdp-enable-firewall-network.png","","evidence-library/projects/on-prem-home-lab/screenshots/figure-06-ws01-rdp-enable-firewall-network.png","c8846ccc29d972d61d92d4c55e5f664d1e3ca3a0e9a489d4ce66b2327cf4ad04","178195","c8846ccc29d972d61d92d4c55e5f664d1e3ca3a0e9a489d4ce66b2327cf4ad04","178195","screenshots","supported-with-limitations","windows-clients","windows-clients|networking|environment","content/home-lab/windows-clients/evidence/screenshots/on-prem-home-lab/screenshots/figure-06-ws01-rdp-enable-firewall-network.png","public-original","home-lab-windows-client-administration|home-lab-networking-validation|home-lab-environment-inventory","Primary published Home Lab validation, inventory, screenshot, and source-summary collection. The tracked artifact remains at its established public route and is logically organized without moving or rewriting it."
"home-lab-current-4a1b361e44f1469d","fontenotjeremy71-hub/jeremyfontenot","992ed3bd731de72e2569d389f4a334ff63bafa35","evidence-library/projects/on-prem-home-lab/validated-2026-06-21/text/linux01-snapshot-validation.txt","","evidence-library/projects/on-prem-home-lab/validated-2026-06-21/text/linux01-snapshot-validation.txt","966fbdb2d5d113bb4b67e783354d33044a825f7f7381febbcd5a3c001c098c72","462","966fbdb2d5d113bb4b67e783354d33044a825f7f7381febbcd5a3c001c098c72","462","validation","supported-with-limitations","backup-recovery","backup-recovery|linux|environment","content/home-lab/backup-recovery/evidence/validation/on-prem-home-lab/validated-2026-06-21/text/linux01-snapshot-validation.txt","public-original","home-lab-backup-and-isolated-restore|home-lab-linux-administration|home-lab-environment-inventory","Primary published Home Lab validation, inventory, screenshot, and source-summary collection. The tracked artifact remains at its established public route and is logically organized without moving or rewriting it."
"home-lab-current-4b41f3ef66cef7ef","fontenotjeremy71-hub/jeremyfontenot","992ed3bd731de72e2569d389f4a334ff63bafa35","evidence-library/projects/on-prem-home-lab/app01-storage-expansion/01-hyper-v-manager-no-checkpoints.png","","evidence-library/projects/on-prem-home-lab/app01-storage-expansion/01-hyper-v-manager-no-checkpoints.png","aeb22b602e8c3780d1ff55d9e14d6e1a68362d13a2662cc244feb384517021ec","63772","aeb22b602e8c3780d1ff55d9e14d6e1a68362d13a2662cc244feb384517021ec","63772","screenshots","directly-proven","environment","environment","content/home-lab/environment/evidence/screenshots/on-prem-home-lab/app01-storage-expansion/01-hyper-v-manager-no-checkpoints.png","public-original","home-lab-environment-inventory","Primary published Home Lab validation, inventory, screenshot, and source-summary collection. The tracked artifact remains at its established public route and is logically organized without moving or rewriting it."
"home-lab-current-4c35619797d70c87","fontenotjeremy71-hub/jeremyfontenot","992ed3bd731de72e2569d389f4a334ff63bafa35","evidence-library/projects/on-prem-home-lab/current-validated-state/manifest.json","","evidence-library/projects/on-prem-home-lab/current-validated-state/manifest.json","c525f7aded4bcaa150389303d14d2e34e0d2df87997ea5048a09f8bbf37e2b07","20366","c525f7aded4bcaa150389303d14d2e34e0d2df87997ea5048a09f8bbf37e2b07","20366","manifests","directly-proven","environment","environment","content/home-lab/environment/evidence/manifests/on-prem-home-lab/current-validated-state/manifest.json","public-original","home-lab-environment-inventory","Primary published Home Lab validation, inventory, screenshot, and source-summary collection. The tracked artifact remains at its established public route and is logically organized without moving or rewriting it."
"home-lab-current-4cb1eccbc6c9f0c5","fontenotjeremy71-hub/jeremyfontenot","992ed3bd731de72e2569d389f4a334ff63bafa35","evidence-library/projects/home-lab/historical-home-lab-summary-2026.md","","evidence-library/projects/home-lab/historical-home-lab-summary-2026.md","4f81dead81c8e7b9a8099081ff298886286fde3e11aacd8b7407b7a590ae7b9d","985","4f81dead81c8e7b9a8099081ff298886286fde3e11aacd8b7407b7a590ae7b9d","985","reports","directly-proven","environment","environment","content/home-lab/environment/evidence/reports/home-lab-project/historical-home-lab-summary-2026.md","public-original","home-lab-environment-inventory","Published Home Lab project documentation. The tracked artifact remains at its established public route and is logically organized without moving or rewriting it."
"home-lab-current-4dabd603b712513b","fontenotjeremy71-hub/jeremyfontenot","992ed3bd731de72e2569d389f4a334ff63bafa35","evidence-library/projects/on-prem-home-lab/screenshots/figure-08-ws01-proxmox-boot-cleanup.png","","evidence-library/projects/on-prem-home-lab/screenshots/figure-08-ws01-proxmox-boot-cleanup.png","ff85b2d61e149607ea8b4eff5ab842ea6ef2459985472f418c291219fde46a7c","110814","ff85b2d61e149607ea8b4eff5ab842ea6ef2459985472f418c291219fde46a7c","110814","screenshots","supported-with-limitations","windows-clients","windows-clients|proxmox|environment","content/home-lab/windows-clients/evidence/screenshots/on-prem-home-lab/screenshots/figure-08-ws01-proxmox-boot-cleanup.png","public-original","home-lab-windows-client-administration|home-lab-proxmox-administration|home-lab-environment-inventory","Primary published Home Lab validation, inventory, screenshot, and source-summary collection. The tracked artifact remains at its established public route and is logically organized without moving or rewriting it."
"home-lab-current-4ea50fd5eb0571ec","fontenotjeremy71-hub/jeremyfontenot","992ed3bd731de72e2569d389f4a334ff63bafa35","evidence-library/projects/on-prem-home-lab/jeremy-fontenot-on-premises-home-lab-validation-2026-06-21.docx","","evidence-library/projects/on-prem-home-lab/jeremy-fontenot-on-premises-home-lab-validation-2026-06-21.docx","03a605517e2a6ebeb805b7e0f74bd1ec06c664debbdb39b99e09aecc62e4845a","1400031","03a605517e2a6ebeb805b7e0f74bd1ec06c664debbdb39b99e09aecc62e4845a","1400031","validation","directly-proven","environment","environment","content/home-lab/environment/evidence/validation/on-prem-home-lab/jeremy-fontenot-on-premises-home-lab-validation-2026-06-21.docx","public-original","home-lab-environment-inventory","Primary published Home Lab validation, inventory, screenshot, and source-summary collection. The tracked artifact remains at its established public route and is logically organized without moving or rewriting it."
"home-lab-current-4eea1a07a717267b","fontenotjeremy71-hub/jeremyfontenot","992ed3bd731de72e2569d389f4a334ff63bafa35","evidence-library/projects/on-prem-home-lab/azure-arc-hybrid-management/screenshots/proxmox-vmm01-summary-public.png","","evidence-library/projects/on-prem-home-lab/azure-arc-hybrid-management/screenshots/proxmox-vmm01-summary-public.png","83b15c471e8b183d6760551c69ce074589c9e60af9fe16ac644542a4420f583c","169708","83b15c471e8b183d6760551c69ce074589c9e60af9fe16ac644542a4420f583c","169708","screenshots","supported-with-limitations","proxmox","proxmox|environment","content/home-lab/proxmox/evidence/screenshots/on-prem-home-lab/azure-arc-hybrid-management/screenshots/proxmox-vmm01-summary-public.png","public-original","home-lab-proxmox-administration|home-lab-environment-inventory","Primary published Home Lab validation, inventory, screenshot, and source-summary collection. The tracked artifact remains at its established public route and is logically organized without moving or rewriting it."
"home-lab-current-51777a48e4da1b89","fontenotjeremy71-hub/jeremyfontenot","992ed3bd731de72e2569d389f4a334ff63bafa35","evidence-library/projects/on-prem-home-lab/azure-arc-hybrid-management/screenshots/azure-resource-group-public.png","","evidence-library/projects/on-prem-home-lab/azure-arc-hybrid-management/screenshots/azure-resource-group-public.png","7aa1068723f1965db280de0705226a3acd5211da38f91cb2a44d2d1e013d15d2","262070","7aa1068723f1965db280de0705226a3acd5211da38f91cb2a44d2d1e013d15d2","262070","screenshots","directly-proven","environment","environment|windows-server|monitoring-logging","content/home-lab/environment/evidence/screenshots/azure-arc-hybrid-management/evidence-library/projects/on-prem-home-lab/azure-arc-hybrid-management/screenshots/azure-resource-group-public.png","public-original","home-lab-environment-inventory|home-lab-windows-server-administration|home-lab-monitoring-logging-documentation","Sanitized Azure resource-group screenshot showing two Arc machines and one Arc-enabled SQL Server instance. The tracked artifact remains at its established public route and is logically organized without moving or rewriting it."
"home-lab-current-531f4677a1987a35","fontenotjeremy71-hub/jeremyfontenot","992ed3bd731de72e2569d389f4a334ff63bafa35","evidence-library/network/dhcp-dns-validation-report-2026.md","","evidence-library/network/dhcp-dns-validation-report-2026.md","a06e8b785ae56f941245876d7112d2458d91e125d2c7330704db48a3b5607a4f","1571","a06e8b785ae56f941245876d7112d2458d91e125d2c7330704db48a3b5607a4f","1571","validation","supported-with-limitations","dns-dhcp","dns-dhcp|networking","content/home-lab/dns-dhcp/evidence/validation/network-validation/dhcp-dns-validation-report-2026.md","public-original","home-lab-dns-dhcp-administration|home-lab-networking-validation","Published network inventories and validation reports. The tracked artifact remains at its established public route and is logically organized without moving or rewriting it."
"home-lab-current-55d5e50f08cdb0c9","fontenotjeremy71-hub/jeremyfontenot","992ed3bd731de72e2569d389f4a334ff63bafa35","evidence-library/projects/on-prem-home-lab/azure-arc-hybrid-management/index.html","","evidence-library/projects/on-prem-home-lab/azure-arc-hybrid-management/index.html","4896e27a06b0f74eb914d996f69ed35474034cfc3cb96af14cc481da5b948e05","24837","4896e27a06b0f74eb914d996f69ed35474034cfc3cb96af14cc481da5b948e05","24837","documentation","directly-proven","environment","environment|windows-server|networking|monitoring-logging|security|automation","content/home-lab/environment/documentation/azure-arc-hybrid-management/evidence-library/projects/on-prem-home-lab/azure-arc-hybrid-management/index.html","public-original","home-lab-environment-inventory|home-lab-windows-server-administration|home-lab-networking-validation|home-lab-monitoring-logging-documentation|home-lab-security-conscious-operations|home-lab-evidence-automation","Published Azure Arc hybrid Windows and SQL Server case study with current-state evidence and explicit limitations. The tracked artifact remains at its established public route and is logically organized without moving or rewriting it."
"home-lab-current-5622115d2ae8cf36","fontenotjeremy71-hub/jeremyfontenot","992ed3bd731de72e2569d389f4a334ff63bafa35","evidence-library/projects/on-prem-home-lab/current-validated-state/claim-map.csv","","evidence-library/projects/on-prem-home-lab/current-validated-state/claim-map.csv","bbfc6d2b42a13c6f8d19151e6cace239aa6ad5d23745b32f79486d719b6110df","5144","bbfc6d2b42a13c6f8d19151e6cace239aa6ad5d23745b32f79486d719b6110df","5144","validation","directly-proven","environment","environment","content/home-lab/environment/evidence/validation/on-prem-home-lab/current-validated-state/claim-map.csv","public-original","home-lab-environment-inventory","Primary published Home Lab validation, inventory, screenshot, and source-summary collection. The tracked artifact remains at its established public route and is logically organized without moving or rewriting it."
"home-lab-current-598a92a10c9a2831","fontenotjeremy71-hub/jeremyfontenot","992ed3bd731de72e2569d389f4a334ff63bafa35","evidence-library/validation-reports/network-validation-checklist-2026.csv","","evidence-library/validation-reports/network-validation-checklist-2026.csv","f2173b5376b48998e2ca92bc761beba11b6d0e3f47ce1a6d41742e2983520f10","2619","f2173b5376b48998e2ca92bc761beba11b6d0e3f47ce1a6d41742e2983520f10","2619","validation","supported-with-limitations","networking","networking","content/home-lab/networking/evidence/validation/validation-reports/network-validation-checklist-2026.csv","public-original","home-lab-networking-validation","Published validation reports relevant to the Home Lab. The tracked artifact remains at its established public route and is logically organized without moving or rewriting it."
"home-lab-current-5a4788e3f3d94dbe","fontenotjeremy71-hub/jeremyfontenot","992ed3bd731de72e2569d389f4a334ff63bafa35","evidence-library/architecture-diagrams/vlan-architecture-diagram.svg","","evidence-library/architecture-diagrams/vlan-architecture-diagram.svg","d106c0fcfa7f813dd709e8e61193e49ea6b5dfec0e3de6230ad77ff50b1f9d38","11794","d106c0fcfa7f813dd709e8e61193e49ea6b5dfec0e3de6230ad77ff50b1f9d38","11794","screenshots","documented-only","networking","networking|environment","content/home-lab/networking/evidence/screenshots/home-lab-architecture/evidence-library/architecture-diagrams/vlan-architecture-diagram.svg","public-original","home-lab-networking-validation|home-lab-environment-inventory","Published VLAN architecture vector. The tracked artifact remains at its established public route and is logically organized without moving or rewriting it."
"home-lab-current-5b5d0bd02bd36997","fontenotjeremy71-hub/jeremyfontenot","992ed3bd731de72e2569d389f4a334ff63bafa35","evidence-library/projects/on-prem-home-lab/current-validated-state/direct-evidence/proxmox-restore-validation.html","","evidence-library/projects/on-prem-home-lab/current-validated-state/direct-evidence/proxmox-restore-validation.html","564610230ab3c8c23dadef53c972aee74a5ed5357f79aaf925896d5a2e3c2595","10085","564610230ab3c8c23dadef53c972aee74a5ed5357f79aaf925896d5a2e3c2595","10085","validation","supported-with-limitations","backup-recovery","backup-recovery|proxmox|environment","content/home-lab/backup-recovery/evidence/validation/on-prem-home-lab/current-validated-state/direct-evidence/proxmox-restore-validation.html","public-original","home-lab-backup-and-isolated-restore|home-lab-proxmox-administration|home-lab-environment-inventory","Primary published Home Lab validation, inventory, screenshot, and source-summary collection. The tracked artifact remains at its established public route and is logically organized without moving or rewriting it."
"home-lab-current-5e68ba9a839a6ddb","fontenotjeremy71-hub/jeremyfontenot","992ed3bd731de72e2569d389f4a334ff63bafa35","evidence-library/projects/on-prem-home-lab/current-validated-state/source-summaries/centralized-logging-expansion.md","","evidence-library/projects/on-prem-home-lab/current-validated-state/source-summaries/centralized-logging-expansion.md","e70eb5951d96e1966258663e51b14b453efb3d5ed2c840f7be72e632cc498f91","8423","e70eb5951d96e1966258663e51b14b453efb3d5ed2c840f7be72e632cc498f91","8423","validation","supported-with-limitations","monitoring-logging","monitoring-logging|environment","content/home-lab/monitoring-logging/evidence/validation/on-prem-home-lab/current-validated-state/source-summaries/centralized-logging-expansion.md","public-original","home-lab-monitoring-logging-documentation|home-lab-environment-inventory","Primary published Home Lab validation, inventory, screenshot, and source-summary collection. The tracked artifact remains at its established public route and is logically organized without moving or rewriting it."
"home-lab-current-601f511a679baa5c","fontenotjeremy71-hub/jeremyfontenot","992ed3bd731de72e2569d389f4a334ff63bafa35","evidence-library/projects/on-prem-home-lab/validated-2026-06-21/text/proxmox-storage-validation.txt","","evidence-library/projects/on-prem-home-lab/validated-2026-06-21/text/proxmox-storage-validation.txt","91d946679dc85d1ecb8f1dd7bb3a451e26bcefbf2d509307db4a90de5c0ab04c","5307","91d946679dc85d1ecb8f1dd7bb3a451e26bcefbf2d509307db4a90de5c0ab04c","5307","validation","supported-with-limitations","proxmox","proxmox|environment","content/home-lab/proxmox/evidence/validation/on-prem-home-lab/validated-2026-06-21/text/proxmox-storage-validation.txt","public-original","home-lab-proxmox-administration|home-lab-environment-inventory","Primary published Home Lab validation, inventory, screenshot, and source-summary collection. The tracked artifact remains at its established public route and is logically organized without moving or rewriting it."
"home-lab-current-62c3d413d77bbc23","fontenotjeremy71-hub/jeremyfontenot","992ed3bd731de72e2569d389f4a334ff63bafa35","evidence-library/projects/on-prem-home-lab/current-validated-state/redaction-log.md","","evidence-library/projects/on-prem-home-lab/current-validated-state/redaction-log.md","a6a58a8855dc306c2e5e72ca2706c21ccc3f78f75b62265c117b1a0a73d81d1e","723","a6a58a8855dc306c2e5e72ca2706c21ccc3f78f75b62265c117b1a0a73d81d1e","723","validation","directly-proven","environment","environment","content/home-lab/environment/evidence/validation/on-prem-home-lab/current-validated-state/redaction-log.md","public-original","home-lab-environment-inventory","Primary published Home Lab validation, inventory, screenshot, and source-summary collection. The tracked artifact remains at its established public route and is logically organized without moving or rewriting it."
"home-lab-current-665bc85e73cada7f","fontenotjeremy71-hub/jeremyfontenot","992ed3bd731de72e2569d389f4a334ff63bafa35","evidence-library/projects/on-prem-home-lab/azure-arc-hybrid-management/screenshots/proxmox-hvhost01-summary-public.png","","evidence-library/projects/on-prem-home-lab/azure-arc-hybrid-management/screenshots/proxmox-hvhost01-summary-public.png","b69d705b7592923ba6e35967b19852e4f9a0c7c70dd0e10b1a5f7d93093ea68c","181724","b69d705b7592923ba6e35967b19852e4f9a0c7c70dd0e10b1a5f7d93093ea68c","181724","screenshots","supported-with-limitations","proxmox","proxmox|environment","content/home-lab/proxmox/evidence/screenshots/on-prem-home-lab/azure-arc-hybrid-management/screenshots/proxmox-hvhost01-summary-public.png","public-original","home-lab-proxmox-administration|home-lab-environment-inventory","Primary published Home Lab validation, inventory, screenshot, and source-summary collection. The tracked artifact remains at its established public route and is logically organized without moving or rewriting it."
"home-lab-current-67c749ea31c795aa","fontenotjeremy71-hub/jeremyfontenot","992ed3bd731de72e2569d389f4a334ff63bafa35","evidence-library/projects/on-prem-home-lab/validated-2026-06-21/text/proxmox-network-validation-sanitized.txt","","evidence-library/projects/on-prem-home-lab/validated-2026-06-21/text/proxmox-network-validation-sanitized.txt","de396193c43f990352ec75f9f676251385093470e43553724b14714defa697e8","968","de396193c43f990352ec75f9f676251385093470e43553724b14714defa697e8","968","validation","supported-with-limitations","proxmox","proxmox|networking|environment","content/home-lab/proxmox/evidence/validation/on-prem-home-lab/validated-2026-06-21/text/proxmox-network-validation-sanitized.txt","public-original","home-lab-proxmox-administration|home-lab-networking-validation|home-lab-environment-inventory","Primary published Home Lab validation, inventory, screenshot, and source-summary collection. The tracked artifact remains at its established public route and is logically organized without moving or rewriting it."
"home-lab-current-67f617667d3d58a3","fontenotjeremy71-hub/jeremyfontenot","992ed3bd731de72e2569d389f4a334ff63bafa35","evidence-library/architecture-diagrams/vlan-architecture-diagram-dark.svg","","evidence-library/architecture-diagrams/vlan-architecture-diagram-dark.svg","f9783181830967aa8c8323c22b276ff946189f0f6e53a9383b8ff999dea131be","10486","f9783181830967aa8c8323c22b276ff946189f0f6e53a9383b8ff999dea131be","10486","screenshots","documented-only","networking","networking|environment","content/home-lab/networking/evidence/screenshots/home-lab-architecture/evidence-library/architecture-diagrams/vlan-architecture-diagram-dark.svg","public-original","home-lab-networking-validation|home-lab-environment-inventory","Published VLAN architecture vector. The tracked artifact remains at its established public route and is logically organized without moving or rewriting it."
"home-lab-current-697cc7c82bfc57f6","fontenotjeremy71-hub/jeremyfontenot","992ed3bd731de72e2569d389f4a334ff63bafa35","evidence-library/projects/on-prem-home-lab/screenshots/figure-17-documentation-source-hash-validation.png","","evidence-library/projects/on-prem-home-lab/screenshots/figure-17-documentation-source-hash-validation.png","ce77ad3c0ed5f63dc28492391bdbe7ad99c75f6d79469dbce4daeb696997ea98","90247","ce77ad3c0ed5f63dc28492391bdbe7ad99c75f6d79469dbce4daeb696997ea98","90247","screenshots","directly-proven","environment","environment","content/home-lab/environment/evidence/screenshots/on-prem-home-lab/screenshots/figure-17-documentation-source-hash-validation.png","public-original","home-lab-environment-inventory","Primary published Home Lab validation, inventory, screenshot, and source-summary collection. The tracked artifact remains at its established public route and is logically organized without moving or rewriting it."
"home-lab-current-69e4ef1a43896ca8","fontenotjeremy71-hub/jeremyfontenot","992ed3bd731de72e2569d389f4a334ff63bafa35","evidence-library/windows-server/windows-server-evidence.md","","evidence-library/windows-server/windows-server-evidence.md","620890cde8567bbf1071dc9591636bead215aa67d8ba747f7b517f6efe7294ba","307","620890cde8567bbf1071dc9591636bead215aa67d8ba747f7b517f6efe7294ba","307","documentation","supported-with-limitations","windows-server","windows-server","content/home-lab/windows-server/documentation/windows-server-evidence/evidence-library/windows-server/windows-server-evidence.md","public-original","home-lab-windows-server-administration","Published Windows Server evidence documentation. The tracked artifact remains at its established public route and is logically organized without moving or rewriting it."
"home-lab-current-726becb8d7d506ea","fontenotjeremy71-hub/jeremyfontenot","992ed3bd731de72e2569d389f4a334ff63bafa35","evidence-library/projects/on-prem-home-lab/macos-active-directory-integration/MACVM01-DNS-resolution-public.txt","","evidence-library/projects/on-prem-home-lab/macos-active-directory-integration/MACVM01-DNS-resolution-public.txt","882b9be25f9e63369872a8e98d0ad34a60f07c547c96447359e4b849162529ae","84","882b9be25f9e63369872a8e98d0ad34a60f07c547c96447359e4b849162529ae","84","scripts-output","supported-with-limitations","active-directory","active-directory|dns-dhcp|environment","content/home-lab/active-directory/evidence/scripts-output/on-prem-home-lab/macos-active-directory-integration/MACVM01-DNS-resolution-public.txt","public-original","home-lab-active-directory-administration|home-lab-dns-dhcp-administration|home-lab-environment-inventory","Primary published Home Lab validation, inventory, screenshot, and source-summary collection. The tracked artifact remains at its established public route and is logically organized without moving or rewriting it."
"home-lab-current-7303f411b3141fc4","fontenotjeremy71-hub/jeremyfontenot","992ed3bd731de72e2569d389f4a334ff63bafa35","evidence-library/projects/on-prem-home-lab/validated-2026-06-21/manifest.csv","","evidence-library/projects/on-prem-home-lab/validated-2026-06-21/manifest.csv","540b052b638b76c63f8ffe76291ebbdd3b53738674510b8d9065c43889cb4752","18956","540b052b638b76c63f8ffe76291ebbdd3b53738674510b8d9065c43889cb4752","18956","manifests","directly-proven","environment","environment","content/home-lab/environment/evidence/manifests/on-prem-home-lab/validated-2026-06-21/manifest.csv","public-original","home-lab-environment-inventory","Primary published Home Lab validation, inventory, screenshot, and source-summary collection. The tracked artifact remains at its established public route and is logically organized without moving or rewriting it."
"home-lab-current-74513989de27d4ee","fontenotjeremy71-hub/jeremyfontenot","992ed3bd731de72e2569d389f4a334ff63bafa35","evidence-library/projects/on-prem-home-lab/scvmm-2022/index.html","","evidence-library/projects/on-prem-home-lab/scvmm-2022/index.html","013f97d69a6260daec506cd258925afaef8007de9ee9623907abc1a4aaca0b29","21332","013f97d69a6260daec506cd258925afaef8007de9ee9623907abc1a4aaca0b29","21332","documentation","supported-with-limitations","windows-server","windows-server|networking|security|environment","content/home-lab/windows-server/documentation/scvmm-2022/evidence-library/projects/on-prem-home-lab/scvmm-2022/index.html","public-original","home-lab-windows-server-administration|home-lab-networking-validation|home-lab-security-conscious-operations|home-lab-environment-inventory","Published SCVMM 2022 build, troubleshooting, validation, and scope case study. The tracked artifact remains at its established public route and is logically organized without moving or rewriting it."
"home-lab-current-7539edf769cb68c2","fontenotjeremy71-hub/jeremyfontenot","992ed3bd731de72e2569d389f4a334ff63bafa35","evidence-library/projects/on-prem-home-lab/screenshots/figure-11-scheduled-backup-job-includes-ws01.png","","evidence-library/projects/on-prem-home-lab/screenshots/figure-11-scheduled-backup-job-includes-ws01.png","3889a475a9a1e26380b97bd87a52a0af76b17de4ecec57bcf6954e4a9882d810","74782","3889a475a9a1e26380b97bd87a52a0af76b17de4ecec57bcf6954e4a9882d810","74782","screenshots","supported-with-limitations","backup-recovery","backup-recovery|windows-clients|environment","content/home-lab/backup-recovery/evidence/screenshots/on-prem-home-lab/screenshots/figure-11-scheduled-backup-job-includes-ws01.png","public-original","home-lab-backup-and-isolated-restore|home-lab-windows-client-administration|home-lab-environment-inventory","Primary published Home Lab validation, inventory, screenshot, and source-summary collection. The tracked artifact remains at its established public route and is logically organized without moving or rewriting it."
"home-lab-current-75f837939f621892","fontenotjeremy71-hub/jeremyfontenot","992ed3bd731de72e2569d389f4a334ff63bafa35","evidence-library/projects/monitoring-logging/monitoring-alerting-overview-2026.md","","evidence-library/projects/monitoring-logging/monitoring-alerting-overview-2026.md","c0fe4ce7f87ad4bca36c0e77022a6d38f84b14c5da9ab471e9fcfa40e14398b1","3945","c0fe4ce7f87ad4bca36c0e77022a6d38f84b14c5da9ab471e9fcfa40e14398b1","3945","documentation","supported-with-limitations","monitoring-logging","monitoring-logging","content/home-lab/monitoring-logging/documentation/monitoring-logging/monitoring-alerting-overview-2026.md","public-original","home-lab-monitoring-logging-documentation","Published monitoring and logging documentation with explicit limitations. The tracked artifact remains at its established public route and is logically organized without moving or rewriting it."
"home-lab-current-77c6fc5d776ff0e6","fontenotjeremy71-hub/jeremyfontenot","992ed3bd731de72e2569d389f4a334ff63bafa35","evidence-library/scripts/powershell-automation-provisioning-script-v1.ps1","","evidence-library/scripts/powershell-automation-provisioning-script-v1.ps1","e2973c825d16813e67cd1437b6ad7761138744ea6eb32e7dad5deeccf20d2774","5392","e2973c825d16813e67cd1437b6ad7761138744ea6eb32e7dad5deeccf20d2774","5392","scripts","directly-proven","automation","automation","content/home-lab/automation/scripts/powershell-automation/evidence-library/scripts/powershell-automation-provisioning-script-v1.ps1","public-original","home-lab-evidence-automation","Published PowerShell provisioning script evidence. The tracked artifact remains at its established public route and is logically organized without moving or rewriting it."
"home-lab-current-7b38d5a4aa7c989d","fontenotjeremy71-hub/jeremyfontenot","992ed3bd731de72e2569d389f4a334ff63bafa35","evidence-library/projects/on-prem-home-lab/current-validated-state/README.html","","evidence-library/projects/on-prem-home-lab/current-validated-state/README.html","83e7db490cb318798ff1e89237b162ce5a4460d72d4d3c0aa0cec33cc0e93636","10707","83e7db490cb318798ff1e89237b162ce5a4460d72d4d3c0aa0cec33cc0e93636","10707","validation","directly-proven","environment","environment","content/home-lab/environment/evidence/validation/on-prem-home-lab/current-validated-state/README.html","public-original","home-lab-environment-inventory","Primary published Home Lab validation, inventory, screenshot, and source-summary collection. The tracked artifact remains at its established public route and is logically organized without moving or rewriting it."
"home-lab-current-7ba9e9fa6b9a156e","fontenotjeremy71-hub/jeremyfontenot","992ed3bd731de72e2569d389f4a334ff63bafa35","evidence-library/projects/on-prem-home-lab/current-validated-state/direct-evidence/linux01-system-network-domain-validation.md","","evidence-library/projects/on-prem-home-lab/current-validated-state/direct-evidence/linux01-system-network-domain-validation.md","9ad5dc1e939569960dd1edd58925800086aa6cfd580fdb96964bd6566a78651c","3080","9ad5dc1e939569960dd1edd58925800086aa6cfd580fdb96964bd6566a78651c","3080","validation","supported-with-limitations","linux","linux|networking|environment","content/home-lab/linux/evidence/validation/on-prem-home-lab/current-validated-state/direct-evidence/linux01-system-network-domain-validation.md","public-original","home-lab-linux-administration|home-lab-networking-validation|home-lab-environment-inventory","Primary published Home Lab validation, inventory, screenshot, and source-summary collection. The tracked artifact remains at its established public route and is logically organized without moving or rewriting it."
"home-lab-current-7d1446de391d6d37","fontenotjeremy71-hub/jeremyfontenot","992ed3bd731de72e2569d389f4a334ff63bafa35","evidence-library/projects/on-prem-home-lab/validated-2026-06-21/text/pfsense-snapshot-validation-sanitized.txt","","evidence-library/projects/on-prem-home-lab/validated-2026-06-21/text/pfsense-snapshot-validation-sanitized.txt","8f22a8e6158d39d2b03a8d9e27c173e70b25dcda5ce9f98fb7a98ba62234ec73","636","8f22a8e6158d39d2b03a8d9e27c173e70b25dcda5ce9f98fb7a98ba62234ec73","636","validation","supported-with-limitations","backup-recovery","backup-recovery|pfsense|environment","content/home-lab/backup-recovery/evidence/validation/on-prem-home-lab/validated-2026-06-21/text/pfsense-snapshot-validation-sanitized.txt","public-original","home-lab-backup-and-isolated-restore|home-lab-pfsense-administration|home-lab-environment-inventory","Primary published Home Lab validation, inventory, screenshot, and source-summary collection. The tracked artifact remains at its established public route and is logically organized without moving or rewriting it."
"home-lab-current-7dd135a7db7a1cb6","fontenotjeremy71-hub/jeremyfontenot","992ed3bd731de72e2569d389f4a334ff63bafa35","evidence-library/architecture-diagrams/home-lab-network-topology-diagram-2026.svg","","evidence-library/architecture-diagrams/home-lab-network-topology-diagram-2026.svg","c0d137ff0184d4fe5257eb8885f1ebc762b5e0eb37622092ee804b36b38d1872","703","c0d137ff0184d4fe5257eb8885f1ebc762b5e0eb37622092ee804b36b38d1872","703","screenshots","documented-only","networking","networking|environment","content/home-lab/networking/evidence/screenshots/home-lab-architecture/evidence-library/architecture-diagrams/home-lab-network-topology-diagram-2026.svg","public-original","home-lab-networking-validation|home-lab-environment-inventory","Published Home Lab network topology diagram. The tracked artifact remains at its established public route and is logically organized without moving or rewriting it."
"home-lab-current-7ec61c338b38732a","fontenotjeremy71-hub/jeremyfontenot","992ed3bd731de72e2569d389f4a334ff63bafa35","evidence-library/projects/on-prem-home-lab/screenshots/figure-15-dc01-central-evidence-export-validation.png","","evidence-library/projects/on-prem-home-lab/screenshots/figure-15-dc01-central-evidence-export-validation.png","6f04ad70226bb9f16d5850fed88cc6b27067de3c7ea4f6eac8a1e90ce6f6242c","235745","6f04ad70226bb9f16d5850fed88cc6b27067de3c7ea4f6eac8a1e90ce6f6242c","235745","screenshots","supported-with-limitations","active-directory","active-directory|environment","content/home-lab/active-directory/evidence/screenshots/on-prem-home-lab/screenshots/figure-15-dc01-central-evidence-export-validation.png","public-original","home-lab-active-directory-administration|home-lab-environment-inventory","Primary published Home Lab validation, inventory, screenshot, and source-summary collection. The tracked artifact remains at its established public route and is logically organized without moving or rewriting it."
"home-lab-current-8340491d3f65bb15","fontenotjeremy71-hub/jeremyfontenot","992ed3bd731de72e2569d389f4a334ff63bafa35","evidence-library/projects/on-prem-home-lab/screenshots/README.md","","evidence-library/projects/on-prem-home-lab/screenshots/README.md","cde94b7dbaaa51026a66c954a1b643815b55e8c4f619054f6b2bb19ce86e01f3","6297","cde94b7dbaaa51026a66c954a1b643815b55e8c4f619054f6b2bb19ce86e01f3","6297","screenshots","directly-proven","environment","environment","content/home-lab/environment/evidence/screenshots/on-prem-home-lab/screenshots/README.md","public-original","home-lab-environment-inventory","Primary published Home Lab validation, inventory, screenshot, and source-summary collection. The tracked artifact remains at its established public route and is logically organized without moving or rewriting it."
"home-lab-current-83ff3c73468bf017","fontenotjeremy71-hub/jeremyfontenot","992ed3bd731de72e2569d389f4a334ff63bafa35","evidence-library/projects/on-prem-home-lab/app01-storage-expansion/06-host-get-vhd-validation.png","","evidence-library/projects/on-prem-home-lab/app01-storage-expansion/06-host-get-vhd-validation.png","26fb40c9d48cc8b3b65b76aa675e4a7dd3c5c9cc4383a71a254bdac4598bb0f4","31194","26fb40c9d48cc8b3b65b76aa675e4a7dd3c5c9cc4383a71a254bdac4598bb0f4","31194","screenshots","directly-proven","environment","environment","content/home-lab/environment/evidence/screenshots/on-prem-home-lab/app01-storage-expansion/06-host-get-vhd-validation.png","public-original","home-lab-environment-inventory","Primary published Home Lab validation, inventory, screenshot, and source-summary collection. The tracked artifact remains at its established public route and is logically organized without moving or rewriting it."
"home-lab-current-8414f7bfc3a609d9","fontenotjeremy71-hub/jeremyfontenot","992ed3bd731de72e2569d389f4a334ff63bafa35","evidence-library/projects/on-prem-home-lab/validated-2026-06-21/screenshots/linux01-login-system-state.png","","evidence-library/projects/on-prem-home-lab/validated-2026-06-21/screenshots/linux01-login-system-state.png","ae82a68cae0b3f1325f4c3acef3476f7b8970f5ae790d5c8d19037511c7d4c2a","96138","ae82a68cae0b3f1325f4c3acef3476f7b8970f5ae790d5c8d19037511c7d4c2a","96138","screenshots","supported-with-limitations","linux","linux|environment","content/home-lab/linux/evidence/screenshots/on-prem-home-lab/validated-2026-06-21/screenshots/linux01-login-system-state.png","public-original","home-lab-linux-administration|home-lab-environment-inventory","Primary published Home Lab validation, inventory, screenshot, and source-summary collection. The tracked artifact remains at its established public route and is logically organized without moving or rewriting it."
"home-lab-current-86bdee5830b820fd","fontenotjeremy71-hub/jeremyfontenot","992ed3bd731de72e2569d389f4a334ff63bafa35","evidence-library/projects/on-prem-home-lab/current-validated-state/direct-evidence/linux01-system-network-domain-validation.html","","evidence-library/projects/on-prem-home-lab/current-validated-state/direct-evidence/linux01-system-network-domain-validation.html","809f86b5cf6776ef9c060364483998f12249a28ed32f3f2aa8d656b91edbeb63","11379","809f86b5cf6776ef9c060364483998f12249a28ed32f3f2aa8d656b91edbeb63","11379","validation","supported-with-limitations","linux","linux|networking|environment","content/home-lab/linux/evidence/validation/on-prem-home-lab/current-validated-state/direct-evidence/linux01-system-network-domain-validation.html","public-original","home-lab-linux-administration|home-lab-networking-validation|home-lab-environment-inventory","Primary published Home Lab validation, inventory, screenshot, and source-summary collection. The tracked artifact remains at its established public route and is logically organized without moving or rewriting it."
"home-lab-current-89127611ec0a7b71","fontenotjeremy71-hub/jeremyfontenot","992ed3bd731de72e2569d389f4a334ff63bafa35","evidence-library/projects/on-prem-home-lab/infrastructure-validation-2026-07/index.html","","evidence-library/projects/on-prem-home-lab/infrastructure-validation-2026-07/index.html","961168cbe02263945565f0868fc019800f99872818ec8c6c7d92e9818e71ee85","20646","961168cbe02263945565f0868fc019800f99872818ec8c6c7d92e9818e71ee85","20646","validation","directly-proven","environment","environment","content/home-lab/environment/evidence/validation/on-prem-home-lab/infrastructure-validation-2026-07/index.html","public-original","home-lab-environment-inventory","Primary published Home Lab validation, inventory, screenshot, and source-summary collection. The tracked artifact remains at its established public route and is logically organized without moving or rewriting it."
"home-lab-current-894d188215c392f0","fontenotjeremy71-hub/jeremyfontenot","992ed3bd731de72e2569d389f4a334ff63bafa35","evidence-library/projects/on-prem-home-lab/infrastructure-validation-2026-07/screenshots/proxmox-dc01-rerun-rootdse-validation-2026-07-11.png","","evidence-library/projects/on-prem-home-lab/infrastructure-validation-2026-07/screenshots/proxmox-dc01-rerun-rootdse-validation-2026-07-11.png","66e4aa3e6d76b83faa854aded3a4720a7bb6fc88f44af5e3bf2b7e5ca31b1f38","137548","66e4aa3e6d76b83faa854aded3a4720a7bb6fc88f44af5e3bf2b7e5ca31b1f38","137548","screenshots","supported-with-limitations","active-directory","active-directory|proxmox|environment","content/home-lab/active-directory/evidence/screenshots/on-prem-home-lab/infrastructure-validation-2026-07/screenshots/proxmox-dc01-rerun-rootdse-validation-2026-07-11.png","public-original","home-lab-active-directory-administration|home-lab-proxmox-administration|home-lab-environment-inventory","Primary published Home Lab validation, inventory, screenshot, and source-summary collection. The tracked artifact remains at its established public route and is logically organized without moving or rewriting it."
"home-lab-current-89fdabd07051e9ad","fontenotjeremy71-hub/jeremyfontenot","992ed3bd731de72e2569d389f4a334ff63bafa35","evidence-library/architecture-diagrams/pfsense-network-segmentation-preview.svg","","evidence-library/architecture-diagrams/pfsense-network-segmentation-preview.svg","66d79a01565cfb6c0631f4df28b4eccceb6035d18c2cd2d50c0fb5d0910159af","4251","66d79a01565cfb6c0631f4df28b4eccceb6035d18c2cd2d50c0fb5d0910159af","4251","screenshots","documented-only","pfsense","pfsense|networking|environment","content/home-lab/pfsense/evidence/screenshots/home-lab-architecture/evidence-library/architecture-diagrams/pfsense-network-segmentation-preview.svg","public-original","home-lab-pfsense-administration|home-lab-networking-validation|home-lab-environment-inventory","Published pfSense segmentation preview. The tracked artifact remains at its established public route and is logically organized without moving or rewriting it."
"home-lab-current-8a8bf403de06dad7","fontenotjeremy71-hub/jeremyfontenot","992ed3bd731de72e2569d389f4a334ff63bafa35","evidence-library/projects/on-prem-home-lab/validated-2026-06-21/text/linux01-maintenance-agent-validation.txt","","evidence-library/projects/on-prem-home-lab/validated-2026-06-21/text/linux01-maintenance-agent-validation.txt","ea798eca586798b6038d0abac8d6f89b8ef6ade375da76642aaa3f518eff6f7e","1017","ea798eca586798b6038d0abac8d6f89b8ef6ade375da76642aaa3f518eff6f7e","1017","validation","supported-with-limitations","linux","linux|environment","content/home-lab/linux/evidence/validation/on-prem-home-lab/validated-2026-06-21/text/linux01-maintenance-agent-validation.txt","public-original","home-lab-linux-administration|home-lab-environment-inventory","Primary published Home Lab validation, inventory, screenshot, and source-summary collection. The tracked artifact remains at its established public route and is logically organized without moving or rewriting it."
"home-lab-current-8ccfa11198cdc5c7","fontenotjeremy71-hub/jeremyfontenot","992ed3bd731de72e2569d389f4a334ff63bafa35","evidence-library/projects/on-prem-home-lab/screenshots/figure-02-nla-failure-windows11-client-troubleshooting.png","","evidence-library/projects/on-prem-home-lab/screenshots/figure-02-nla-failure-windows11-client-troubleshooting.png","94f27327b1bf2e0c30eda831b38b7f49160939403d02ba6e2deb2e23a5dcf3d4","8082","94f27327b1bf2e0c30eda831b38b7f49160939403d02ba6e2deb2e23a5dcf3d4","8082","screenshots","supported-with-limitations","windows-clients","windows-clients|environment","content/home-lab/windows-clients/evidence/screenshots/on-prem-home-lab/screenshots/figure-02-nla-failure-windows11-client-troubleshooting.png","public-original","home-lab-windows-client-administration|home-lab-environment-inventory","Primary published Home Lab validation, inventory, screenshot, and source-summary collection. The tracked artifact remains at its established public route and is logically organized without moving or rewriting it."
"home-lab-current-902de553d5997e6d","fontenotjeremy71-hub/jeremyfontenot","992ed3bd731de72e2569d389f4a334ff63bafa35","evidence-library/projects/on-prem-home-lab/app01-storage-expansion/03-disk-management-final-layout.png","","evidence-library/projects/on-prem-home-lab/app01-storage-expansion/03-disk-management-final-layout.png","ad85a1801cc06c23b2d0256de3af07054a4928e85d8e44188af858ee4950eabc","30054","ad85a1801cc06c23b2d0256de3af07054a4928e85d8e44188af858ee4950eabc","30054","screenshots","directly-proven","environment","environment","content/home-lab/environment/evidence/screenshots/on-prem-home-lab/app01-storage-expansion/03-disk-management-final-layout.png","public-original","home-lab-environment-inventory","Primary published Home Lab validation, inventory, screenshot, and source-summary collection. The tracked artifact remains at its established public route and is logically organized without moving or rewriting it."
"home-lab-current-937f6a68deab33a0","fontenotjeremy71-hub/jeremyfontenot","992ed3bd731de72e2569d389f4a334ff63bafa35","evidence-library/projects/on-prem-home-lab/validated-2026-06-29/home-lab-backup-restore-validation-20260629.txt","","evidence-library/projects/on-prem-home-lab/validated-2026-06-29/home-lab-backup-restore-validation-20260629.txt","4637e848c9b318b8c74bb9c6e4569b3cc03e6686ce64fa367cf6dec05fa52e13","1086","4637e848c9b318b8c74bb9c6e4569b3cc03e6686ce64fa367cf6dec05fa52e13","1086","validation","supported-with-limitations","backup-recovery","backup-recovery|environment","content/home-lab/backup-recovery/evidence/validation/on-prem-home-lab/validated-2026-06-29/home-lab-backup-restore-validation-20260629.txt","public-original","home-lab-backup-and-isolated-restore|home-lab-environment-inventory","Primary published Home Lab validation, inventory, screenshot, and source-summary collection. The tracked artifact remains at its established public route and is logically organized without moving or rewriting it."
"home-lab-current-938fb06d646e2793","fontenotjeremy71-hub/jeremyfontenot","992ed3bd731de72e2569d389f4a334ff63bafa35","evidence-library/projects/on-prem-home-lab/validated-2026-06-26/README.md","","evidence-library/projects/on-prem-home-lab/validated-2026-06-26/README.md","a329824870352f3d09d1fa8b2bd9d9f6859a7600aa1cea555e15e01f743e7d31","5592","a329824870352f3d09d1fa8b2bd9d9f6859a7600aa1cea555e15e01f743e7d31","5592","documentation","directly-proven","environment","environment","content/home-lab/environment/documentation/on-prem-home-lab/validated-2026-06-26/README.md","public-original","home-lab-environment-inventory","Primary published Home Lab validation, inventory, screenshot, and source-summary collection. The tracked artifact remains at its established public route and is logically organized without moving or rewriting it."
"home-lab-current-948134cd3ca3048d","fontenotjeremy71-hub/jeremyfontenot","992ed3bd731de72e2569d389f4a334ff63bafa35","evidence-library/projects/on-prem-home-lab/ad-service-desk-delegation/evidence-manifest.json","","evidence-library/projects/on-prem-home-lab/ad-service-desk-delegation/evidence-manifest.json","e676d43732f64c903e9cbfa90063a75661c8081a194d6e332abd49cff7a8842c","2169","e676d43732f64c903e9cbfa90063a75661c8081a194d6e332abd49cff7a8842c","2169","manifests","directly-proven","environment","environment","content/home-lab/environment/evidence/manifests/on-prem-home-lab/ad-service-desk-delegation/evidence-manifest.json","public-original","home-lab-environment-inventory","Primary published Home Lab validation, inventory, screenshot, and source-summary collection. The tracked artifact remains at its established public route and is logically organized without moving or rewriting it."
"home-lab-current-94837ad3199262da","fontenotjeremy71-hub/jeremyfontenot","992ed3bd731de72e2569d389f4a334ff63bafa35","evidence-library/projects/on-prem-home-lab/current-validated-state/README.md","","evidence-library/projects/on-prem-home-lab/current-validated-state/README.md","ecc6036442aa63018c0cd25a251e89fec1b51154ff4cd4b098bcb209e2976b06","3146","ecc6036442aa63018c0cd25a251e89fec1b51154ff4cd4b098bcb209e2976b06","3146","validation","directly-proven","environment","environment","content/home-lab/environment/evidence/validation/on-prem-home-lab/current-validated-state/README.md","public-original","home-lab-environment-inventory","Primary published Home Lab validation, inventory, screenshot, and source-summary collection. The tracked artifact remains at its established public route and is logically organized without moving or rewriting it."
"home-lab-current-9503d6a0d4e9c5c8","fontenotjeremy71-hub/jeremyfontenot","992ed3bd731de72e2569d389f4a334ff63bafa35","evidence-library/incidents/dns-resolution-outage-incident-summary-2026.md","","evidence-library/incidents/dns-resolution-outage-incident-summary-2026.md","14c325597c118c353fcd780d4974b169d941ec7981ef5339b8ec3536814b15db","2041","14c325597c118c353fcd780d4974b169d941ec7981ef5339b8ec3536814b15db","2041","reports","supported-with-limitations","dns-dhcp","dns-dhcp","content/home-lab/dns-dhcp/evidence/reports/incident-evidence/dns-resolution-outage-incident-summary-2026.md","public-original","home-lab-dns-dhcp-administration","Published bounded infrastructure incident evidence. The tracked artifact remains at its established public route and is logically organized without moving or rewriting it."
"home-lab-current-959ee8881a3475e5","fontenotjeremy71-hub/jeremyfontenot","992ed3bd731de72e2569d389f4a334ff63bafa35","evidence-library/projects/on-prem-home-lab/azure-arc-hybrid-management/screenshots/windows-admin-center-azure-account-public.png","","evidence-library/projects/on-prem-home-lab/azure-arc-hybrid-management/screenshots/windows-admin-center-azure-account-public.png","d0e45ee1bd12799f9d18c249931a6da08757ce1dfbbb35c091b825624f38e0b6","34078","d0e45ee1bd12799f9d18c249931a6da08757ce1dfbbb35c091b825624f38e0b6","34078","screenshots","directly-proven","environment","environment","content/home-lab/environment/evidence/screenshots/on-prem-home-lab/azure-arc-hybrid-management/screenshots/windows-admin-center-azure-account-public.png","public-original","home-lab-environment-inventory","Primary published Home Lab validation, inventory, screenshot, and source-summary collection. The tracked artifact remains at its established public route and is logically organized without moving or rewriting it."
"home-lab-current-966e8dbbd1d0e54d","fontenotjeremy71-hub/jeremyfontenot","992ed3bd731de72e2569d389f4a334ff63bafa35","evidence-library/automation/provisioning-change-record-2026.md","","evidence-library/automation/provisioning-change-record-2026.md","7ce570b2f57f7a1e282e1770301b6f56644a80056a1b9537851c197703b8afc6","1705","7ce570b2f57f7a1e282e1770301b6f56644a80056a1b9537851c197703b8afc6","1705","documentation","directly-proven","automation","automation","content/home-lab/automation/documentation/automation-evidence/provisioning-change-record-2026.md","public-original","home-lab-evidence-automation","Published automation evidence and diagrams. The tracked artifact remains at its established public route and is logically organized without moving or rewriting it."
"home-lab-current-9a0e5755aae7367d","fontenotjeremy71-hub/jeremyfontenot","992ed3bd731de72e2569d389f4a334ff63bafa35","evidence-library/projects/on-prem-home-lab/validated-2026-06-21/text/linux01-dns-validation.txt","","evidence-library/projects/on-prem-home-lab/validated-2026-06-21/text/linux01-dns-validation.txt","0d4dbbca322f8ce0c17ee6d298e62d947d65c85d00a7101db3740df031d748c7","791","0d4dbbca322f8ce0c17ee6d298e62d947d65c85d00a7101db3740df031d748c7","791","validation","supported-with-limitations","linux","linux|dns-dhcp|environment","content/home-lab/linux/evidence/validation/on-prem-home-lab/validated-2026-06-21/text/linux01-dns-validation.txt","public-original","home-lab-linux-administration|home-lab-dns-dhcp-administration|home-lab-environment-inventory","Primary published Home Lab validation, inventory, screenshot, and source-summary collection. The tracked artifact remains at its established public route and is logically organized without moving or rewriting it."
"home-lab-current-9b39fff666163c64","fontenotjeremy71-hub/jeremyfontenot","992ed3bd731de72e2569d389f4a334ff63bafa35","evidence-library/projects/on-prem-home-lab/macos-active-directory-integration/macvm01-proxmox-config-public.txt","","evidence-library/projects/on-prem-home-lab/macos-active-directory-integration/macvm01-proxmox-config-public.txt","2f54fd20113f7f133fdc30ad013ef416671eb9e76bb911be71668069261119fd","552","2f54fd20113f7f133fdc30ad013ef416671eb9e76bb911be71668069261119fd","552","configuration","supported-with-limitations","active-directory","active-directory|proxmox|environment","content/home-lab/active-directory/evidence/configuration/on-prem-home-lab/macos-active-directory-integration/macvm01-proxmox-config-public.txt","public-original","home-lab-active-directory-administration|home-lab-proxmox-administration|home-lab-environment-inventory","Primary published Home Lab validation, inventory, screenshot, and source-summary collection. The tracked artifact remains at its established public route and is logically organized without moving or rewriting it."
"home-lab-current-9cd038165fee5006","fontenotjeremy71-hub/jeremyfontenot","992ed3bd731de72e2569d389f4a334ff63bafa35","evidence-library/projects/on-prem-home-lab/validated-2026-06-21/text/linux01-backup-validation.txt","","evidence-library/projects/on-prem-home-lab/validated-2026-06-21/text/linux01-backup-validation.txt","10fea94003c1f5f1dca434becef824a96b5ab7e40478f7058284591e510fc429","565","10fea94003c1f5f1dca434becef824a96b5ab7e40478f7058284591e510fc429","565","validation","supported-with-limitations","backup-recovery","backup-recovery|linux|environment","content/home-lab/backup-recovery/evidence/validation/on-prem-home-lab/validated-2026-06-21/text/linux01-backup-validation.txt","public-original","home-lab-backup-and-isolated-restore|home-lab-linux-administration|home-lab-environment-inventory","Primary published Home Lab validation, inventory, screenshot, and source-summary collection. The tracked artifact remains at its established public route and is logically organized without moving or rewriting it."
"home-lab-current-9eefd2bca248780e","fontenotjeremy71-hub/jeremyfontenot","992ed3bd731de72e2569d389f4a334ff63bafa35","evidence-library/projects/on-prem-home-lab/azure-arc-hybrid-management/screenshots/windows-admin-center-arc-connections-public.png","","evidence-library/projects/on-prem-home-lab/azure-arc-hybrid-management/screenshots/windows-admin-center-arc-connections-public.png","8040ed7470330a0578901e47eceff5e93ec4bb25012407fa0d0cbb47514f625d","165496","8040ed7470330a0578901e47eceff5e93ec4bb25012407fa0d0cbb47514f625d","165496","screenshots","directly-proven","environment","environment","content/home-lab/environment/evidence/screenshots/on-prem-home-lab/azure-arc-hybrid-management/screenshots/windows-admin-center-arc-connections-public.png","public-original","home-lab-environment-inventory","Primary published Home Lab validation, inventory, screenshot, and source-summary collection. The tracked artifact remains at its established public route and is logically organized without moving or rewriting it."
"home-lab-current-9f5ec9180d389cb4","fontenotjeremy71-hub/jeremyfontenot","992ed3bd731de72e2569d389f4a334ff63bafa35","evidence-library/architecture-diagrams/pfsense-network-segmentation-diagram-2026.svg","","evidence-library/architecture-diagrams/pfsense-network-segmentation-diagram-2026.svg","1a792e151c8a9ccb32425123cd42f33744e3418b24dc2c9199efbb55230486ad","4303","1a792e151c8a9ccb32425123cd42f33744e3418b24dc2c9199efbb55230486ad","4303","screenshots","documented-only","pfsense","pfsense|networking|environment","content/home-lab/pfsense/evidence/screenshots/home-lab-architecture/evidence-library/architecture-diagrams/pfsense-network-segmentation-diagram-2026.svg","public-original","home-lab-pfsense-administration|home-lab-networking-validation|home-lab-environment-inventory","Published pfSense segmentation diagram. The tracked artifact remains at its established public route and is logically organized without moving or rewriting it."
"home-lab-current-a03256545a92c5ca","fontenotjeremy71-hub/jeremyfontenot","992ed3bd731de72e2569d389f4a334ff63bafa35","evidence-library/architecture-diagrams/vlan-architecture-diagram-dark.png","","evidence-library/architecture-diagrams/vlan-architecture-diagram-dark.png","d7d60afdbf71796667c4f5c687ef6e97ad3fb5e3fd4bc3b56c6b521cde7fa91e","201225","d7d60afdbf71796667c4f5c687ef6e97ad3fb5e3fd4bc3b56c6b521cde7fa91e","201225","screenshots","documented-only","networking","networking|environment","content/home-lab/networking/evidence/screenshots/home-lab-architecture/evidence-library/architecture-diagrams/vlan-architecture-diagram-dark.png","public-original","home-lab-networking-validation|home-lab-environment-inventory","Published VLAN architecture image. The tracked artifact remains at its established public route and is logically organized without moving or rewriting it."
"home-lab-current-a257b82262cf59f4","fontenotjeremy71-hub/jeremyfontenot","992ed3bd731de72e2569d389f4a334ff63bafa35","evidence-library/projects/on-prem-home-lab/screenshots/screenshots-manifest.json","","evidence-library/projects/on-prem-home-lab/screenshots/screenshots-manifest.json","be5fd74af0f19b87a8086fd7fb3fbab779dc27c484ff019ad01a4d851d057cd9","10183","be5fd74af0f19b87a8086fd7fb3fbab779dc27c484ff019ad01a4d851d057cd9","10183","manifests","directly-proven","environment","environment","content/home-lab/environment/evidence/manifests/on-prem-home-lab/screenshots/screenshots-manifest.json","public-original","home-lab-environment-inventory","Primary published Home Lab validation, inventory, screenshot, and source-summary collection. The tracked artifact remains at its established public route and is logically organized without moving or rewriting it."
"home-lab-current-a28ad35a489b0d84","fontenotjeremy71-hub/jeremyfontenot","992ed3bd731de72e2569d389f4a334ff63bafa35","evidence-library/projects/on-prem-home-lab/current-validated-state/direct-evidence/ws01-system-and-domain-validation.html","","evidence-library/projects/on-prem-home-lab/current-validated-state/direct-evidence/ws01-system-and-domain-validation.html","acaf1a5944b308c2c6bb4fd8445a829731a800f50817d1a122a3db6d3c7cfcdb","10418","acaf1a5944b308c2c6bb4fd8445a829731a800f50817d1a122a3db6d3c7cfcdb","10418","validation","supported-with-limitations","windows-clients","windows-clients|environment","content/home-lab/windows-clients/evidence/validation/on-prem-home-lab/current-validated-state/direct-evidence/ws01-system-and-domain-validation.html","public-original","home-lab-windows-client-administration|home-lab-environment-inventory","Primary published Home Lab validation, inventory, screenshot, and source-summary collection. The tracked artifact remains at its established public route and is logically organized without moving or rewriting it."
"home-lab-current-a4b7dec504402163","fontenotjeremy71-hub/jeremyfontenot","992ed3bd731de72e2569d389f4a334ff63bafa35","evidence-library/projects/on-prem-home-lab/validated-2026-06-21/text/linux01-kerberos-validation-sanitized.txt","","evidence-library/projects/on-prem-home-lab/validated-2026-06-21/text/linux01-kerberos-validation-sanitized.txt","66639cbed2e4d30f3a6b25dcca5c84d86af527338dee264c4731cd1170ca007a","501","66639cbed2e4d30f3a6b25dcca5c84d86af527338dee264c4731cd1170ca007a","501","validation","supported-with-limitations","linux","linux|active-directory|environment","content/home-lab/linux/evidence/validation/on-prem-home-lab/validated-2026-06-21/text/linux01-kerberos-validation-sanitized.txt","public-original","home-lab-linux-administration|home-lab-active-directory-administration|home-lab-environment-inventory","Primary published Home Lab validation, inventory, screenshot, and source-summary collection. The tracked artifact remains at its established public route and is logically organized without moving or rewriting it."
"home-lab-current-a4c288127a219d51","fontenotjeremy71-hub/jeremyfontenot","992ed3bd731de72e2569d389f4a334ff63bafa35","evidence-library/projects/on-prem-home-lab/validated-2026-06-21/screenshots/linux01-vm-configuration-confirmation.png","","evidence-library/projects/on-prem-home-lab/validated-2026-06-21/screenshots/linux01-vm-configuration-confirmation.png","f74225a4745d0f1250a469058595f808fa35c0923c158e451b7ccce895cc17bc","38548","f74225a4745d0f1250a469058595f808fa35c0923c158e451b7ccce895cc17bc","38548","screenshots","supported-with-limitations","linux","linux|proxmox|environment","content/home-lab/linux/evidence/screenshots/on-prem-home-lab/validated-2026-06-21/screenshots/linux01-vm-configuration-confirmation.png","public-original","home-lab-linux-administration|home-lab-proxmox-administration|home-lab-environment-inventory","Primary published Home Lab validation, inventory, screenshot, and source-summary collection. The tracked artifact remains at its established public route and is logically organized without moving or rewriting it."
"home-lab-current-aa6c27ffb0f67ece","fontenotjeremy71-hub/jeremyfontenot","992ed3bd731de72e2569d389f4a334ff63bafa35","evidence-library/projects/on-prem-home-lab/screenshots/figure-05-active-directory-ws01-ou-placement.png","","evidence-library/projects/on-prem-home-lab/screenshots/figure-05-active-directory-ws01-ou-placement.png","390e466b485de1bf4ca85f8214f7111fe9d41fecd206ccac33555333ff45679c","29401","390e466b485de1bf4ca85f8214f7111fe9d41fecd206ccac33555333ff45679c","29401","screenshots","supported-with-limitations","active-directory","active-directory|windows-clients|environment","content/home-lab/active-directory/evidence/screenshots/on-prem-home-lab/screenshots/figure-05-active-directory-ws01-ou-placement.png","public-original","home-lab-active-directory-administration|home-lab-windows-client-administration|home-lab-environment-inventory","Primary published Home Lab validation, inventory, screenshot, and source-summary collection. The tracked artifact remains at its established public route and is logically organized without moving or rewriting it."
"home-lab-current-aa75690ae424a604","fontenotjeremy71-hub/jeremyfontenot","992ed3bd731de72e2569d389f4a334ff63bafa35","evidence-library/projects/on-prem-home-lab/validated-2026-06-21/text/proxmox-host-validation.txt","","evidence-library/projects/on-prem-home-lab/validated-2026-06-21/text/proxmox-host-validation.txt","6a44e34ac2c317c56b20da40bf0e4d0ab3fa5c9275c76b4dfbc8f07adf636448","7931","6a44e34ac2c317c56b20da40bf0e4d0ab3fa5c9275c76b4dfbc8f07adf636448","7931","validation","supported-with-limitations","proxmox","proxmox|environment","content/home-lab/proxmox/evidence/validation/on-prem-home-lab/validated-2026-06-21/text/proxmox-host-validation.txt","public-original","home-lab-proxmox-administration|home-lab-environment-inventory","Primary published Home Lab validation, inventory, screenshot, and source-summary collection. The tracked artifact remains at its established public route and is logically organized without moving or rewriting it."
"home-lab-current-aac1b2517ad663a8","fontenotjeremy71-hub/jeremyfontenot","992ed3bd731de72e2569d389f4a334ff63bafa35","evidence-library/projects/on-prem-home-lab/validated-2026-06-21/redaction-log.md","","evidence-library/projects/on-prem-home-lab/validated-2026-06-21/redaction-log.md","f85bc3f52c78140d3d6c23724e6a02e99e2a0421324934f4e1f5da5f3877454a","2341","f85bc3f52c78140d3d6c23724e6a02e99e2a0421324934f4e1f5da5f3877454a","2341","documentation","directly-proven","environment","environment","content/home-lab/environment/documentation/on-prem-home-lab/validated-2026-06-21/redaction-log.md","public-original","home-lab-environment-inventory","Primary published Home Lab validation, inventory, screenshot, and source-summary collection. The tracked artifact remains at its established public route and is logically organized without moving or rewriting it."
"home-lab-current-ab2da1fc9eb6d1e7","fontenotjeremy71-hub/jeremyfontenot","992ed3bd731de72e2569d389f4a334ff63bafa35","evidence-library/projects/on-prem-home-lab/macos-active-directory-integration/macvm01-system-identity-public.txt","","evidence-library/projects/on-prem-home-lab/macos-active-directory-integration/macvm01-system-identity-public.txt","90dca3c30058028a891615eafa5622e3cb5bdcb664caf18a75c15490e52a4218","531","90dca3c30058028a891615eafa5622e3cb5bdcb664caf18a75c15490e52a4218","531","scripts-output","supported-with-limitations","active-directory","active-directory|environment","content/home-lab/active-directory/evidence/scripts-output/on-prem-home-lab/macos-active-directory-integration/macvm01-system-identity-public.txt","public-original","home-lab-active-directory-administration|home-lab-environment-inventory","Primary published Home Lab validation, inventory, screenshot, and source-summary collection. The tracked artifact remains at its established public route and is logically organized without moving or rewriting it."
"home-lab-current-ab8a03769a5bf9b7","fontenotjeremy71-hub/jeremyfontenot","992ed3bd731de72e2569d389f4a334ff63bafa35","evidence-library/projects/on-prem-home-lab/validated-2026-06-21/text/linux01-ad-integration-validation.txt","","evidence-library/projects/on-prem-home-lab/validated-2026-06-21/text/linux01-ad-integration-validation.txt","8ceddd17bc05c05134f63eb957b32eedc743b1a85fbac8e8d880f5ce16422a04","1595","8ceddd17bc05c05134f63eb957b32eedc743b1a85fbac8e8d880f5ce16422a04","1595","validation","supported-with-limitations","linux","linux|environment","content/home-lab/linux/evidence/validation/on-prem-home-lab/validated-2026-06-21/text/linux01-ad-integration-validation.txt","public-original","home-lab-linux-administration|home-lab-environment-inventory","Primary published Home Lab validation, inventory, screenshot, and source-summary collection. The tracked artifact remains at its established public route and is logically organized without moving or rewriting it."
"home-lab-current-abc64f7c793fde3a","fontenotjeremy71-hub/jeremyfontenot","992ed3bd731de72e2569d389f4a334ff63bafa35","evidence-library/projects/on-prem-home-lab/validated-2026-06-21/README.md","","evidence-library/projects/on-prem-home-lab/validated-2026-06-21/README.md","80ceab899d0cf9a90e5e84d050e00391938b46863aa63b8f22eb6928ee899fe0","2551","80ceab899d0cf9a90e5e84d050e00391938b46863aa63b8f22eb6928ee899fe0","2551","documentation","directly-proven","environment","environment","content/home-lab/environment/documentation/on-prem-home-lab/validated-2026-06-21/README.md","public-original","home-lab-environment-inventory","Primary published Home Lab validation, inventory, screenshot, and source-summary collection. The tracked artifact remains at its established public route and is logically organized without moving or rewriting it."
"home-lab-current-ada2d1bdc6ee4552","fontenotjeremy71-hub/jeremyfontenot","992ed3bd731de72e2569d389f4a334ff63bafa35","evidence-library/projects/on-prem-home-lab/current-validated-state/manifest.csv","","evidence-library/projects/on-prem-home-lab/current-validated-state/manifest.csv","0dc5087dce8892357e74bdd4a0a056db385ca8e63af114ca3546b96a246bf11c","14540","0dc5087dce8892357e74bdd4a0a056db385ca8e63af114ca3546b96a246bf11c","14540","manifests","directly-proven","environment","environment","content/home-lab/environment/evidence/manifests/on-prem-home-lab/current-validated-state/manifest.csv","public-original","home-lab-environment-inventory","Primary published Home Lab validation, inventory, screenshot, and source-summary collection. The tracked artifact remains at its established public route and is logically organized without moving or rewriting it."
"home-lab-current-b3e34b5a505dfdf1","fontenotjeremy71-hub/jeremyfontenot","992ed3bd731de72e2569d389f4a334ff63bafa35","docs/projects/ad-migration/artifacts/change-record.md","","","9a5719ed6b3a5bc16f5e8e9ef9be3029ad1fc779a39995f8dab774eb95fd4e6a","352","","","documentation","directly-proven","environment","environment","content/home-lab/environment/documentation/ad-migration-project/artifacts/change-record.md","metadata-only","home-lab-environment-inventory","Repository-only Active Directory migration plan and supporting artifacts. This repository-only artifact is cataloged as metadata and is not assigned a public route."
"home-lab-current-b414b7850e99e998","fontenotjeremy71-hub/jeremyfontenot","992ed3bd731de72e2569d389f4a334ff63bafa35","evidence-library/projects/on-prem-home-lab/macos-active-directory-integration/MACVM01-remote-access-public.txt","","evidence-library/projects/on-prem-home-lab/macos-active-directory-integration/MACVM01-remote-access-public.txt","426e662d0195c072ebef246e5e404cf5a706503659129bdbd76ce9313e63e2b7","472","426e662d0195c072ebef246e5e404cf5a706503659129bdbd76ce9313e63e2b7","472","scripts-output","supported-with-limitations","active-directory","active-directory|environment","content/home-lab/active-directory/evidence/scripts-output/on-prem-home-lab/macos-active-directory-integration/MACVM01-remote-access-public.txt","public-original","home-lab-active-directory-administration|home-lab-environment-inventory","Primary published Home Lab validation, inventory, screenshot, and source-summary collection. The tracked artifact remains at its established public route and is logically organized without moving or rewriting it."
"home-lab-current-b4ffab7a668ba726","fontenotjeremy71-hub/jeremyfontenot","992ed3bd731de72e2569d389f4a334ff63bafa35","evidence-library/projects/on-prem-home-lab/scvmm-2022/evidence-manifest.json","","evidence-library/projects/on-prem-home-lab/scvmm-2022/evidence-manifest.json","6a86c742daa02076020c62eabcae8ce645f4095946900ebcc1a7341acdd9a8d0","2533","6a86c742daa02076020c62eabcae8ce645f4095946900ebcc1a7341acdd9a8d0","2533","manifests","supported-with-limitations","windows-server","windows-server|networking|security|environment","content/home-lab/windows-server/evidence/manifests/scvmm-2022/evidence-library/projects/on-prem-home-lab/scvmm-2022/evidence-manifest.json","public-original","home-lab-windows-server-administration|home-lab-networking-validation|home-lab-security-conscious-operations|home-lab-environment-inventory","Published provenance, hash, visual-review, and claim-boundary manifest. The tracked artifact remains at its established public route and is logically organized without moving or rewriting it."
"home-lab-current-b5c70bd13ed0b42b","fontenotjeremy71-hub/jeremyfontenot","992ed3bd731de72e2569d389f4a334ff63bafa35","evidence-library/projects/on-prem-home-lab/ad-service-desk-delegation/index.html","","evidence-library/projects/on-prem-home-lab/ad-service-desk-delegation/index.html","976dd6addaaa3fa86be4ce278a340bca9bb8497c3b43bbacc2750e547053f68f","6290","976dd6addaaa3fa86be4ce278a340bca9bb8497c3b43bbacc2750e547053f68f","6290","documentation","directly-proven","environment","environment","content/home-lab/environment/documentation/on-prem-home-lab/ad-service-desk-delegation/index.html","public-original","home-lab-environment-inventory","Primary published Home Lab validation, inventory, screenshot, and source-summary collection. The tracked artifact remains at its established public route and is logically organized without moving or rewriting it."
"home-lab-current-b666d62d49c8f1b7","fontenotjeremy71-hub/jeremyfontenot","992ed3bd731de72e2569d389f4a334ff63bafa35","evidence-library/projects/on-prem-home-lab/app01-storage-expansion/04-file-explorer-data-volume.png","","evidence-library/projects/on-prem-home-lab/app01-storage-expansion/04-file-explorer-data-volume.png","b2a202ebbf643e7dc92b82e6cdb21cf72078d98fb19f3d5bd8fc924c615f567e","49682","b2a202ebbf643e7dc92b82e6cdb21cf72078d98fb19f3d5bd8fc924c615f567e","49682","screenshots","directly-proven","environment","environment","content/home-lab/environment/evidence/screenshots/on-prem-home-lab/app01-storage-expansion/04-file-explorer-data-volume.png","public-original","home-lab-environment-inventory","Primary published Home Lab validation, inventory, screenshot, and source-summary collection. The tracked artifact remains at its established public route and is logically organized without moving or rewriting it."
"home-lab-current-b8fe08c48c766b5e","fontenotjeremy71-hub/jeremyfontenot","992ed3bd731de72e2569d389f4a334ff63bafa35","evidence-library/projects/on-prem-home-lab/scvmm-2022/screenshots/scvmm-app01-vm-viewer.png","","evidence-library/projects/on-prem-home-lab/scvmm-2022/screenshots/scvmm-app01-vm-viewer.png","f1eaedbe5206f93886a111a607658e609498597d1013d4436af24ab30fe8642b","104410","f1eaedbe5206f93886a111a607658e609498597d1013d4436af24ab30fe8642b","104410","screenshots","supported-with-limitations","windows-server","windows-server|networking","content/home-lab/windows-server/evidence/screenshots/scvmm-2022/evidence-library/projects/on-prem-home-lab/scvmm-2022/screenshots/scvmm-app01-vm-viewer.png","public-original","home-lab-windows-server-administration|home-lab-networking-validation","SCVMM VM Viewer interactive-console screenshot for APP01. The tracked artifact remains at its established public route and is logically organized without moving or rewriting it."
"home-lab-current-b9eec531cc470cfa","fontenotjeremy71-hub/jeremyfontenot","992ed3bd731de72e2569d389f4a334ff63bafa35","evidence-library/projects/on-prem-home-lab/validated-2026-06-21/screenshots/dc01-group-policy-validation.png","","evidence-library/projects/on-prem-home-lab/validated-2026-06-21/screenshots/dc01-group-policy-validation.png","b70ff8e6fd7ffeca6c70016e0e109dab4b0cffe37f3fbf7a6c53c512529e8d2a","568597","b70ff8e6fd7ffeca6c70016e0e109dab4b0cffe37f3fbf7a6c53c512529e8d2a","568597","screenshots","supported-with-limitations","active-directory","active-directory|security|environment","content/home-lab/active-directory/evidence/screenshots/on-prem-home-lab/validated-2026-06-21/screenshots/dc01-group-policy-validation.png","public-original","home-lab-active-directory-administration|home-lab-security-conscious-operations|home-lab-environment-inventory","Primary published Home Lab validation, inventory, screenshot, and source-summary collection. The tracked artifact remains at its established public route and is logically organized without moving or rewriting it."
"home-lab-current-bc512062c72700d7","fontenotjeremy71-hub/jeremyfontenot","992ed3bd731de72e2569d389f4a334ff63bafa35","evidence-library/projects/on-prem-home-lab/current-validated-state/source-summaries/home-lab-inventory-validation.md","","evidence-library/projects/on-prem-home-lab/current-validated-state/source-summaries/home-lab-inventory-validation.md","42a0da9fd44571a41d8598de4c284c1db1dcbbc7a2160daf2f2f314a2f72c44b","3823","42a0da9fd44571a41d8598de4c284c1db1dcbbc7a2160daf2f2f314a2f72c44b","3823","validation","directly-proven","environment","environment","content/home-lab/environment/evidence/validation/on-prem-home-lab/current-validated-state/source-summaries/home-lab-inventory-validation.md","public-original","home-lab-environment-inventory","Primary published Home Lab validation, inventory, screenshot, and source-summary collection. The tracked artifact remains at its established public route and is logically organized without moving or rewriting it."
"home-lab-current-bc909af82adde3d4","fontenotjeremy71-hub/jeremyfontenot","992ed3bd731de72e2569d389f4a334ff63bafa35","assets/evidence/ad-migration-diagram.svg","","assets/evidence/ad-migration-diagram.svg","42fd1d774afe4a87b8bad748dab8955944538b920d27873d4542db83fa7d8b83","2429","42fd1d774afe4a87b8bad748dab8955944538b920d27873d4542db83fa7d8b83","2429","screenshots","documented-only","environment","environment","content/home-lab/environment/evidence/screenshots/public-evidence-preview/assets/evidence/ad-migration-diagram.svg","public-original","home-lab-environment-inventory","Published Active Directory migration evidence preview. The tracked artifact remains at its established public route and is logically organized without moving or rewriting it."
"home-lab-current-bc94036fb44a1c79","fontenotjeremy71-hub/jeremyfontenot","992ed3bd731de72e2569d389f4a334ff63bafa35","evidence-library/projects/infrastructure-networking/pfsense-network-segmentation-diagram-2026.md","","evidence-library/projects/infrastructure-networking/pfsense-network-segmentation-diagram-2026.md","6a062db595fd02a1232c0f16f0a7e7945ba12a6251e2eba7ec88f76a27f366ae","4420","6a062db595fd02a1232c0f16f0a7e7945ba12a6251e2eba7ec88f76a27f366ae","4420","documentation","documented-only","pfsense","pfsense|networking","content/home-lab/pfsense/documentation/infrastructure-networking/pfsense-network-segmentation-diagram-2026.md","public-original","home-lab-pfsense-administration|home-lab-networking-validation","Published personal-lab networking, VLAN, and pfSense documentation. The tracked artifact remains at its established public route and is logically organized without moving or rewriting it."
"home-lab-current-bd15b14b93fe2252","fontenotjeremy71-hub/jeremyfontenot","992ed3bd731de72e2569d389f4a334ff63bafa35","evidence-library/projects/on-prem-home-lab/current-validated-state/direct-evidence/proxmox-platform-inventory.html","","evidence-library/projects/on-prem-home-lab/current-validated-state/direct-evidence/proxmox-platform-inventory.html","0221b83a478cf1cec77f3c0f8d1f31f4f8320595fff8430ae879af9a72274071","10552","0221b83a478cf1cec77f3c0f8d1f31f4f8320595fff8430ae879af9a72274071","10552","validation","supported-with-limitations","proxmox","proxmox|environment","content/home-lab/proxmox/evidence/validation/on-prem-home-lab/current-validated-state/direct-evidence/proxmox-platform-inventory.html","public-original","home-lab-proxmox-administration|home-lab-environment-inventory","Primary published Home Lab validation, inventory, screenshot, and source-summary collection. The tracked artifact remains at its established public route and is logically organized without moving or rewriting it."
"home-lab-current-bd8b7fd19a8d8e6e","fontenotjeremy71-hub/jeremyfontenot","992ed3bd731de72e2569d389f4a334ff63bafa35","home-lab-operations-proof.html","","home-lab-operations-proof.html","cc9a75024f7a925c5aca92df213248da99deabfd8e8a957f4d9219f1b2ee7a85","16578","cc9a75024f7a925c5aca92df213248da99deabfd8e8a957f4d9219f1b2ee7a85","16578","documentation","directly-proven","environment","environment","content/home-lab/environment/documentation/home-lab-public-pages/home-lab-operations-proof.html","public-original","home-lab-environment-inventory","Established public Home Lab operations proof route. The tracked artifact remains at its established public route and is logically organized without moving or rewriting it."
"home-lab-current-c09db2a114d41dc9","fontenotjeremy71-hub/jeremyfontenot","992ed3bd731de72e2569d389f4a334ff63bafa35","evidence-library/projects/on-prem-home-lab/validated-2026-06-21/text/dc01-snapshot-validation.txt","","evidence-library/projects/on-prem-home-lab/validated-2026-06-21/text/dc01-snapshot-validation.txt","aaa037ec62be23cdb883f42ecea310fdc8c20d8f7607347adc1d3bae72a913d8","423","aaa037ec62be23cdb883f42ecea310fdc8c20d8f7607347adc1d3bae72a913d8","423","validation","supported-with-limitations","backup-recovery","backup-recovery|active-directory|environment","content/home-lab/backup-recovery/evidence/validation/on-prem-home-lab/validated-2026-06-21/text/dc01-snapshot-validation.txt","public-original","home-lab-backup-and-isolated-restore|home-lab-active-directory-administration|home-lab-environment-inventory","Primary published Home Lab validation, inventory, screenshot, and source-summary collection. The tracked artifact remains at its established public route and is logically organized without moving or rewriting it."
"home-lab-current-c5ab4ef1ca35eb23","fontenotjeremy71-hub/jeremyfontenot","992ed3bd731de72e2569d389f4a334ff63bafa35","evidence-library/projects/backup-disaster-recovery/backup-restore-validation-workflow-2026.md","","evidence-library/projects/backup-disaster-recovery/backup-restore-validation-workflow-2026.md","fce1f8b62f9a5528c647855de3fedce71934f467c6fcaee5bde9e97f1fde08e9","4988","fce1f8b62f9a5528c647855de3fedce71934f467c6fcaee5bde9e97f1fde08e9","4988","validation","supported-with-limitations","backup-recovery","backup-recovery","content/home-lab/backup-recovery/evidence/validation/backup-recovery/backup-restore-validation-workflow-2026.md","public-original","home-lab-backup-and-isolated-restore","Published bounded backup and recovery documentation. The tracked artifact remains at its established public route and is logically organized without moving or rewriting it."
"home-lab-current-c61904aa5be8f380","fontenotjeremy71-hub/jeremyfontenot","992ed3bd731de72e2569d389f4a334ff63bafa35","evidence-library/projects/on-prem-home-lab/validated-2026-06-21/text/proxmox-backup-validation.txt","","evidence-library/projects/on-prem-home-lab/validated-2026-06-21/text/proxmox-backup-validation.txt","9f3c1daca14cbebb41a5408223e465e6d71fb4acb58d3bf48c0651fd83d4c35a","12573","9f3c1daca14cbebb41a5408223e465e6d71fb4acb58d3bf48c0651fd83d4c35a","12573","validation","supported-with-limitations","backup-recovery","backup-recovery|proxmox|environment","content/home-lab/backup-recovery/evidence/validation/on-prem-home-lab/validated-2026-06-21/text/proxmox-backup-validation.txt","public-original","home-lab-backup-and-isolated-restore|home-lab-proxmox-administration|home-lab-environment-inventory","Primary published Home Lab validation, inventory, screenshot, and source-summary collection. The tracked artifact remains at its established public route and is logically organized without moving or rewriting it."
"home-lab-current-c6b3fbd724832f29","fontenotjeremy71-hub/jeremyfontenot","992ed3bd731de72e2569d389f4a334ff63bafa35","evidence-library/projects/on-prem-home-lab/current-validated-state/direct-evidence/ws01-system-and-domain-validation.md","","evidence-library/projects/on-prem-home-lab/current-validated-state/direct-evidence/ws01-system-and-domain-validation.md","f8befbf8f8b7210c13a8afc5057070a56840f6981db986b97cad384a5190f557","2359","f8befbf8f8b7210c13a8afc5057070a56840f6981db986b97cad384a5190f557","2359","validation","supported-with-limitations","windows-clients","windows-clients|environment","content/home-lab/windows-clients/evidence/validation/on-prem-home-lab/current-validated-state/direct-evidence/ws01-system-and-domain-validation.md","public-original","home-lab-windows-client-administration|home-lab-environment-inventory","Primary published Home Lab validation, inventory, screenshot, and source-summary collection. The tracked artifact remains at its established public route and is logically organized without moving or rewriting it."
"home-lab-current-cb93f8e6474f638a","fontenotjeremy71-hub/jeremyfontenot","992ed3bd731de72e2569d389f4a334ff63bafa35","evidence-library/projects/on-prem-home-lab/screenshots/figure-03-ws01-system-about-identity-hardware.png","","evidence-library/projects/on-prem-home-lab/screenshots/figure-03-ws01-system-about-identity-hardware.png","26a4a69e33cca925eec46064307a14d5c02d1a2cb3e9508705242806f049e63e","139038","26a4a69e33cca925eec46064307a14d5c02d1a2cb3e9508705242806f049e63e","139038","screenshots","supported-with-limitations","windows-clients","windows-clients|environment","content/home-lab/windows-clients/evidence/screenshots/on-prem-home-lab/screenshots/figure-03-ws01-system-about-identity-hardware.png","public-original","home-lab-windows-client-administration|home-lab-environment-inventory","Primary published Home Lab validation, inventory, screenshot, and source-summary collection. The tracked artifact remains at its established public route and is logically organized without moving or rewriting it."
"home-lab-current-cc6b798be198adb4","fontenotjeremy71-hub/jeremyfontenot","992ed3bd731de72e2569d389f4a334ff63bafa35","scripts/validation/build-azure-arc-public-screenshots.py","","","f4267934eecf5dc39c0804830680d78d6d1e3f7f5d5065352ff75df648f5a313","4009","","","screenshots","directly-proven","automation","automation|security","content/home-lab/automation/evidence/screenshots/azure-arc-hybrid-management/scripts/validation/build-azure-arc-public-screenshots.py","metadata-only","home-lab-evidence-automation|home-lab-security-conscious-operations","Reproducible crop, redaction, and optimization tooling for the Azure Arc public screenshot derivatives. This repository-only artifact is cataloged as metadata and is not assigned a public route."
"home-lab-current-ced712a8f45e0fb8","fontenotjeremy71-hub/jeremyfontenot","992ed3bd731de72e2569d389f4a334ff63bafa35","evidence-library/projects/on-prem-home-lab/macos-active-directory-integration/macvm01-time-configuration-public.txt","","evidence-library/projects/on-prem-home-lab/macos-active-directory-integration/macvm01-time-configuration-public.txt","1d3a51e02f9f80c7ed38f0395b320743e105fe005df11c1f5eb10a67c46ee950","122","1d3a51e02f9f80c7ed38f0395b320743e105fe005df11c1f5eb10a67c46ee950","122","configuration","configured-not-behavior-tested","active-directory","active-directory|environment","content/home-lab/active-directory/evidence/configuration/on-prem-home-lab/macos-active-directory-integration/macvm01-time-configuration-public.txt","public-original","home-lab-active-directory-administration|home-lab-environment-inventory","Primary published Home Lab validation, inventory, screenshot, and source-summary collection. The tracked artifact remains at its established public route and is logically organized without moving or rewriting it."
"home-lab-current-cf02de2a4a2390af","fontenotjeremy71-hub/jeremyfontenot","992ed3bd731de72e2569d389f4a334ff63bafa35","evidence-library/projects/on-prem-home-lab/screenshots/figure-09-ws01-baseline-snapshot-validation.png","","evidence-library/projects/on-prem-home-lab/screenshots/figure-09-ws01-baseline-snapshot-validation.png","8c3c8cd225b3133ff92b3dd9c607bcd55f189b6da8834bbc719a2facd7db840d","206855","8c3c8cd225b3133ff92b3dd9c607bcd55f189b6da8834bbc719a2facd7db840d","206855","screenshots","supported-with-limitations","backup-recovery","backup-recovery|windows-clients|environment","content/home-lab/backup-recovery/evidence/screenshots/on-prem-home-lab/screenshots/figure-09-ws01-baseline-snapshot-validation.png","public-original","home-lab-backup-and-isolated-restore|home-lab-windows-client-administration|home-lab-environment-inventory","Primary published Home Lab validation, inventory, screenshot, and source-summary collection. The tracked artifact remains at its established public route and is logically organized without moving or rewriting it."
"home-lab-current-d0bb7b6b02b3b222","fontenotjeremy71-hub/jeremyfontenot","992ed3bd731de72e2569d389f4a334ff63bafa35","evidence-library/projects/on-prem-home-lab/validated-2026-06-21/text/ws01-snapshot-validation.txt","","evidence-library/projects/on-prem-home-lab/validated-2026-06-21/text/ws01-snapshot-validation.txt","2f20a955dc3aa4bc7bc906e72fd9f17dfe7a6590c92c68b0a3f953b710963fd0","404","2f20a955dc3aa4bc7bc906e72fd9f17dfe7a6590c92c68b0a3f953b710963fd0","404","validation","supported-with-limitations","backup-recovery","backup-recovery|windows-clients|environment","content/home-lab/backup-recovery/evidence/validation/on-prem-home-lab/validated-2026-06-21/text/ws01-snapshot-validation.txt","public-original","home-lab-backup-and-isolated-restore|home-lab-windows-client-administration|home-lab-environment-inventory","Primary published Home Lab validation, inventory, screenshot, and source-summary collection. The tracked artifact remains at its established public route and is logically organized without moving or rewriting it."
"home-lab-current-d0ead80616022e5c","fontenotjeremy71-hub/jeremyfontenot","992ed3bd731de72e2569d389f4a334ff63bafa35","evidence-library/projects/on-prem-home-lab/current-validated-state/direct-evidence/proxmox-restore-validation.md","","evidence-library/projects/on-prem-home-lab/current-validated-state/direct-evidence/proxmox-restore-validation.md","3cf853a617a72b4322b75d3a82e705d64775047124372affe8764d91da036ca0","2235","3cf853a617a72b4322b75d3a82e705d64775047124372affe8764d91da036ca0","2235","validation","supported-with-limitations","backup-recovery","backup-recovery|proxmox|environment","content/home-lab/backup-recovery/evidence/validation/on-prem-home-lab/current-validated-state/direct-evidence/proxmox-restore-validation.md","public-original","home-lab-backup-and-isolated-restore|home-lab-proxmox-administration|home-lab-environment-inventory","Primary published Home Lab validation, inventory, screenshot, and source-summary collection. The tracked artifact remains at its established public route and is logically organized without moving or rewriting it."
"home-lab-current-d21d826355a351ca","fontenotjeremy71-hub/jeremyfontenot","992ed3bd731de72e2569d389f4a334ff63bafa35","evidence-library/projects/on-prem-home-lab/app01-storage-expansion/05-guest-powershell-storage-validation.png","","evidence-library/projects/on-prem-home-lab/app01-storage-expansion/05-guest-powershell-storage-validation.png","658881d179b75af41d88444f8bb35c926e6bd208247484ca9ea3ca9e41f80890","98141","658881d179b75af41d88444f8bb35c926e6bd208247484ca9ea3ca9e41f80890","98141","screenshots","directly-proven","automation","automation|environment","content/home-lab/automation/evidence/screenshots/on-prem-home-lab/app01-storage-expansion/05-guest-powershell-storage-validation.png","public-original","home-lab-evidence-automation|home-lab-environment-inventory","Primary published Home Lab validation, inventory, screenshot, and source-summary collection. The tracked artifact remains at its established public route and is logically organized without moving or rewriting it."
"home-lab-current-d2b0d77cc0dd3fdc","fontenotjeremy71-hub/jeremyfontenot","992ed3bd731de72e2569d389f4a334ff63bafa35","evidence-library/network/firewall-rule-validation-report-2026.md","","evidence-library/network/firewall-rule-validation-report-2026.md","351103adb18552a3c8221b4c0d1ad4d74d68e8ed222bdc63a6189cd0f4a0a7f9","1482","351103adb18552a3c8221b4c0d1ad4d74d68e8ed222bdc63a6189cd0f4a0a7f9","1482","validation","supported-with-limitations","pfsense","pfsense|networking","content/home-lab/pfsense/evidence/validation/network-validation/firewall-rule-validation-report-2026.md","public-original","home-lab-pfsense-administration|home-lab-networking-validation","Published network inventories and validation reports. The tracked artifact remains at its established public route and is logically organized without moving or rewriting it."
"home-lab-current-d2fa0d4b5a1a8d11","fontenotjeremy71-hub/jeremyfontenot","992ed3bd731de72e2569d389f4a334ff63bafa35","evidence-library/projects/on-prem-home-lab/macos-active-directory-integration/macvm01-ad-binding-public.txt","","evidence-library/projects/on-prem-home-lab/macos-active-directory-integration/macvm01-ad-binding-public.txt","c83e34b71215e2202aadee51a8f543da8c6da08561f814b5f16fa9fc164ff392","946","c83e34b71215e2202aadee51a8f543da8c6da08561f814b5f16fa9fc164ff392","946","scripts-output","supported-with-limitations","active-directory","active-directory|environment","content/home-lab/active-directory/evidence/scripts-output/on-prem-home-lab/macos-active-directory-integration/macvm01-ad-binding-public.txt","public-original","home-lab-active-directory-administration|home-lab-environment-inventory","Primary published Home Lab validation, inventory, screenshot, and source-summary collection. The tracked artifact remains at its established public route and is logically organized without moving or rewriting it."
"home-lab-current-d3e2096c299a2288","fontenotjeremy71-hub/jeremyfontenot","992ed3bd731de72e2569d389f4a334ff63bafa35","evidence-library/projects/on-prem-home-lab/azure-arc-hybrid-management/screenshots/vmm01-sql-instance-overview-public.png","","evidence-library/projects/on-prem-home-lab/azure-arc-hybrid-management/screenshots/vmm01-sql-instance-overview-public.png","b05a4ae563cfa3f812aae75dba529171d949efc20fa9b2f14a2d6adb3ce77c20","302497","b05a4ae563cfa3f812aae75dba529171d949efc20fa9b2f14a2d6adb3ce77c20","302497","screenshots","supported-with-limitations","windows-server","windows-server|monitoring-logging|security","content/home-lab/windows-server/evidence/screenshots/azure-arc-hybrid-management/evidence-library/projects/on-prem-home-lab/azure-arc-hybrid-management/screenshots/vmm01-sql-instance-overview-public.png","public-original","home-lab-windows-server-administration|home-lab-monitoring-logging-documentation|home-lab-security-conscious-operations","Sanitized Arc-enabled SQL Server overview showing connected mode, Developer edition, License only, and extension status. The tracked artifact remains at its established public route and is logically organized without moving or rewriting it."
"home-lab-current-d40b6fed45e1515f","fontenotjeremy71-hub/jeremyfontenot","992ed3bd731de72e2569d389f4a334ff63bafa35","evidence-library/projects/on-prem-home-lab/macos-active-directory-integration/MACVM01-AD-computer-object-public.txt","","evidence-library/projects/on-prem-home-lab/macos-active-directory-integration/MACVM01-AD-computer-object-public.txt","8b31f4ddfe5f8cf9f5a005470c2a8b59daa9e15724bf09d8f8cfeb328b0b6e19","276","8b31f4ddfe5f8cf9f5a005470c2a8b59daa9e15724bf09d8f8cfeb328b0b6e19","276","scripts-output","supported-with-limitations","active-directory","active-directory|environment","content/home-lab/active-directory/evidence/scripts-output/on-prem-home-lab/macos-active-directory-integration/MACVM01-AD-computer-object-public.txt","public-original","home-lab-active-directory-administration|home-lab-environment-inventory","Primary published Home Lab validation, inventory, screenshot, and source-summary collection. The tracked artifact remains at its established public route and is logically organized without moving or rewriting it."
"home-lab-current-d5101f2b095d931a","fontenotjeremy71-hub/jeremyfontenot","992ed3bd731de72e2569d389f4a334ff63bafa35","evidence-library/projects/on-prem-home-lab/validated-2026-06-29/skills-validation/portfolio-home-lab-drift-validation-20260629-210609.txt","","evidence-library/projects/on-prem-home-lab/validated-2026-06-29/skills-validation/portfolio-home-lab-drift-validation-20260629-210609.txt","4476c893768401cff913a0b2c75ac71b178e713b14addff5dad189cd2e87cb79","1830","4476c893768401cff913a0b2c75ac71b178e713b14addff5dad189cd2e87cb79","1830","validation","directly-proven","environment","environment","content/home-lab/environment/evidence/validation/on-prem-home-lab/validated-2026-06-29/skills-validation/portfolio-home-lab-drift-validation-20260629-210609.txt","public-original","home-lab-environment-inventory","Primary published Home Lab validation, inventory, screenshot, and source-summary collection. The tracked artifact remains at its established public route and is logically organized without moving or rewriting it."
"home-lab-current-d56fd1ba61c1b031","fontenotjeremy71-hub/jeremyfontenot","992ed3bd731de72e2569d389f4a334ff63bafa35","evidence-library/projects/powershell-automation/operational-handoff-2026.txt","","evidence-library/projects/powershell-automation/operational-handoff-2026.txt","75ff9852121f723b87a1c963a14435649870910c99f78e8ec9e18c134a3cbb1c","1755","75ff9852121f723b87a1c963a14435649870910c99f78e8ec9e18c134a3cbb1c","1755","scripts-output","directly-proven","automation","automation","content/home-lab/automation/evidence/scripts-output/powershell-automation/operational-handoff-2026.txt","public-original","home-lab-evidence-automation","Published infrastructure automation documentation and output. The tracked artifact remains at its established public route and is logically organized without moving or rewriting it."
"home-lab-current-d665bee6af8a47d3","fontenotjeremy71-hub/jeremyfontenot","992ed3bd731de72e2569d389f4a334ff63bafa35","evidence-library/projects/on-prem-home-lab/macos-active-directory-integration/README.md","","evidence-library/projects/on-prem-home-lab/macos-active-directory-integration/README.md","94773e99d2fcb4ce5074b623cc7f1d7ec7568dc0532605f608a2bdbc02bf4c2c","2936","94773e99d2fcb4ce5074b623cc7f1d7ec7568dc0532605f608a2bdbc02bf4c2c","2936","documentation","supported-with-limitations","active-directory","active-directory|environment","content/home-lab/active-directory/documentation/on-prem-home-lab/macos-active-directory-integration/README.md","public-original","home-lab-active-directory-administration|home-lab-environment-inventory","Primary published Home Lab validation, inventory, screenshot, and source-summary collection. The tracked artifact remains at its established public route and is logically organized without moving or rewriting it."
"home-lab-current-d6d07436a3023338","fontenotjeremy71-hub/jeremyfontenot","992ed3bd731de72e2569d389f4a334ff63bafa35","evidence-library/projects/on-prem-home-lab/screenshots/figure-10-ws01-backup-archive-evidence.png","","evidence-library/projects/on-prem-home-lab/screenshots/figure-10-ws01-backup-archive-evidence.png","43a66dc24e7e1682b07508adbc6c274c9867ae9c7975dae139a8ad1db4137a50","35143","43a66dc24e7e1682b07508adbc6c274c9867ae9c7975dae139a8ad1db4137a50","35143","screenshots","supported-with-limitations","backup-recovery","backup-recovery|windows-clients|environment","content/home-lab/backup-recovery/evidence/screenshots/on-prem-home-lab/screenshots/figure-10-ws01-backup-archive-evidence.png","public-original","home-lab-backup-and-isolated-restore|home-lab-windows-client-administration|home-lab-environment-inventory","Primary published Home Lab validation, inventory, screenshot, and source-summary collection. The tracked artifact remains at its established public route and is logically organized without moving or rewriting it."
"home-lab-current-d95baafe9d9be1cd","fontenotjeremy71-hub/jeremyfontenot","992ed3bd731de72e2569d389f4a334ff63bafa35","evidence-library/projects/on-prem-home-lab/macos-active-directory-integration/macvm01-network-configuration-public.txt","","evidence-library/projects/on-prem-home-lab/macos-active-directory-integration/macvm01-network-configuration-public.txt","777eb17c14de0a5a0fc5aa397f592bda648cc0f2b53928a5f10f582094e59517","157","777eb17c14de0a5a0fc5aa397f592bda648cc0f2b53928a5f10f582094e59517","157","configuration","configured-not-behavior-tested","active-directory","active-directory|networking|environment","content/home-lab/active-directory/evidence/configuration/on-prem-home-lab/macos-active-directory-integration/macvm01-network-configuration-public.txt","public-original","home-lab-active-directory-administration|home-lab-networking-validation|home-lab-environment-inventory","Primary published Home Lab validation, inventory, screenshot, and source-summary collection. The tracked artifact remains at its established public route and is logically organized without moving or rewriting it."
"home-lab-current-d9d3044f754698ce","fontenotjeremy71-hub/jeremyfontenot","992ed3bd731de72e2569d389f4a334ff63bafa35","evidence-library/projects/on-prem-home-lab/validated-2026-06-21/screenshots/dc01-active-directory-fsmo-validation.png","","evidence-library/projects/on-prem-home-lab/validated-2026-06-21/screenshots/dc01-active-directory-fsmo-validation.png","e2af4d71c1e362a432198465efb658c50292bf1aabb72246318ae9a27d565a1d","123975","e2af4d71c1e362a432198465efb658c50292bf1aabb72246318ae9a27d565a1d","123975","screenshots","supported-with-limitations","active-directory","active-directory|environment","content/home-lab/active-directory/evidence/screenshots/on-prem-home-lab/validated-2026-06-21/screenshots/dc01-active-directory-fsmo-validation.png","public-original","home-lab-active-directory-administration|home-lab-environment-inventory","Primary published Home Lab validation, inventory, screenshot, and source-summary collection. The tracked artifact remains at its established public route and is logically organized without moving or rewriting it."
"home-lab-current-d9f1c8d1d7114c5e","fontenotjeremy71-hub/jeremyfontenot","992ed3bd731de72e2569d389f4a334ff63bafa35","evidence-library/skills/dns-dhcp/dns-dhcp-operational-runbook-2026.md","","evidence-library/skills/dns-dhcp/dns-dhcp-operational-runbook-2026.md","2f482512b5ad7ff14836745c9a2aa3226c7615e76e4ab54602b241f51e4c28cf","6267","2f482512b5ad7ff14836745c9a2aa3226c7615e76e4ab54602b241f51e4c28cf","6267","documentation","documented-only","dns-dhcp","dns-dhcp","content/home-lab/dns-dhcp/documentation/dns-dhcp-skill/dns-dhcp-operational-runbook-2026.md","public-original","home-lab-dns-dhcp-administration","Published DNS and DHCP operational runbook. The tracked artifact remains at its established public route and is logically organized without moving or rewriting it."
"home-lab-current-d9f4f59bd8f6daed","fontenotjeremy71-hub/jeremyfontenot","992ed3bd731de72e2569d389f4a334ff63bafa35","evidence-library/projects/on-prem-home-lab/validated-2026-06-26/README.html","","evidence-library/projects/on-prem-home-lab/validated-2026-06-26/README.html","84f7745e97b7cb8f1280aa426863b7be96d88a4fa8750ba61e506914f9fb3fd4","14236","84f7745e97b7cb8f1280aa426863b7be96d88a4fa8750ba61e506914f9fb3fd4","14236","documentation","directly-proven","environment","environment","content/home-lab/environment/documentation/on-prem-home-lab/validated-2026-06-26/README.html","public-original","home-lab-environment-inventory","Primary published Home Lab validation, inventory, screenshot, and source-summary collection. The tracked artifact remains at its established public route and is logically organized without moving or rewriting it."
"home-lab-current-e0297617a10aee56","fontenotjeremy71-hub/jeremyfontenot","992ed3bd731de72e2569d389f4a334ff63bafa35","evidence-library/projects/on-prem-home-lab/Jeremy-Fontenot-On-Premises-Home-Lab-Documentation.docx","","evidence-library/projects/on-prem-home-lab/Jeremy-Fontenot-On-Premises-Home-Lab-Documentation.docx","d7e81a06dcfbd2e91eb8f52a02bdc795ac5b7084a70f343233f1104ccd297bdb","131100","d7e81a06dcfbd2e91eb8f52a02bdc795ac5b7084a70f343233f1104ccd297bdb","131100","documentation","directly-proven","environment","environment","content/home-lab/environment/documentation/on-prem-home-lab/Jeremy-Fontenot-On-Premises-Home-Lab-Documentation.docx","public-original","home-lab-environment-inventory","Primary published Home Lab validation, inventory, screenshot, and source-summary collection. The tracked artifact remains at its established public route and is logically organized without moving or rewriting it."
"home-lab-current-e1d7278b75cf04f4","fontenotjeremy71-hub/jeremyfontenot","992ed3bd731de72e2569d389f4a334ff63bafa35","evidence-library/projects/on-prem-home-lab/macos-active-directory-integration/SHA256SUMS.csv","","evidence-library/projects/on-prem-home-lab/macos-active-directory-integration/SHA256SUMS.csv","0ce954788f9a0c7a20a5ca620b709f31a0a2be0dbfcb16d7e35a0bf48019bb45","984","0ce954788f9a0c7a20a5ca620b709f31a0a2be0dbfcb16d7e35a0bf48019bb45","984","exports","supported-with-limitations","active-directory","active-directory|environment","content/home-lab/active-directory/evidence/exports/on-prem-home-lab/macos-active-directory-integration/SHA256SUMS.csv","public-original","home-lab-active-directory-administration|home-lab-environment-inventory","Primary published Home Lab validation, inventory, screenshot, and source-summary collection. The tracked artifact remains at its established public route and is logically organized without moving or rewriting it."
"home-lab-current-e5c0ba46022245d1","fontenotjeremy71-hub/jeremyfontenot","992ed3bd731de72e2569d389f4a334ff63bafa35","evidence-library/projects/troubleshooting-rca/dns-authentication-playbook-2026.md","","evidence-library/projects/troubleshooting-rca/dns-authentication-playbook-2026.md","177e336d0e6fb55a472d2f0d1cb1035e88cb662021c7888db098206452b954a3","1259","177e336d0e6fb55a472d2f0d1cb1035e88cb662021c7888db098206452b954a3","1259","documentation","documented-only","dns-dhcp","dns-dhcp","content/home-lab/dns-dhcp/documentation/home-lab-troubleshooting/evidence-library/projects/troubleshooting-rca/dns-authentication-playbook-2026.md","public-original","home-lab-dns-dhcp-administration","Published DNS authentication troubleshooting playbook. The tracked artifact remains at its established public route and is logically organized without moving or rewriting it."
"home-lab-current-e7719ac7dca95e86","fontenotjeremy71-hub/jeremyfontenot","992ed3bd731de72e2569d389f4a334ff63bafa35","evidence-library/projects/on-prem-home-lab/app01-storage-expansion/02-app01-vm-settings-vhdx.png","","evidence-library/projects/on-prem-home-lab/app01-storage-expansion/02-app01-vm-settings-vhdx.png","f243ca71c3761295edbd7b201e01edc4f81b7b2c6d360a975bbfbdfef2c519c5","49656","f243ca71c3761295edbd7b201e01edc4f81b7b2c6d360a975bbfbdfef2c519c5","49656","screenshots","supported-with-limitations","proxmox","proxmox|environment","content/home-lab/proxmox/evidence/screenshots/on-prem-home-lab/app01-storage-expansion/02-app01-vm-settings-vhdx.png","public-original","home-lab-proxmox-administration|home-lab-environment-inventory","Primary published Home Lab validation, inventory, screenshot, and source-summary collection. The tracked artifact remains at its established public route and is logically organized without moving or rewriting it."
"home-lab-current-e791f9f0081f5934","fontenotjeremy71-hub/jeremyfontenot","992ed3bd731de72e2569d389f4a334ff63bafa35","assets/evidence/powershell-provisioning.svg","","assets/evidence/powershell-provisioning.svg","f065447ab5908b0eb3d8600f24aeabb898675882a4ccefb1726adff0181d6895","1620","f065447ab5908b0eb3d8600f24aeabb898675882a4ccefb1726adff0181d6895","1620","screenshots","directly-proven","automation","automation","content/home-lab/automation/evidence/screenshots/public-evidence-preview/assets/evidence/powershell-provisioning.svg","public-original","home-lab-evidence-automation","Published PowerShell provisioning evidence preview. The tracked artifact remains at its established public route and is logically organized without moving or rewriting it."
"home-lab-current-e81c01d95e0a3f2e","fontenotjeremy71-hub/jeremyfontenot","992ed3bd731de72e2569d389f4a334ff63bafa35","evidence-library/projects/on-prem-home-lab/screenshots/figure-12-ws01-snapshot-backup-evidence-note.png","","evidence-library/projects/on-prem-home-lab/screenshots/figure-12-ws01-snapshot-backup-evidence-note.png","afcf76fdb5580a7d7e42bb1badd6ea6007bead9e32ba09fcd7c8a41d890f3a7d","267585","afcf76fdb5580a7d7e42bb1badd6ea6007bead9e32ba09fcd7c8a41d890f3a7d","267585","screenshots","supported-with-limitations","backup-recovery","backup-recovery|windows-clients|environment","content/home-lab/backup-recovery/evidence/screenshots/on-prem-home-lab/screenshots/figure-12-ws01-snapshot-backup-evidence-note.png","public-original","home-lab-backup-and-isolated-restore|home-lab-windows-client-administration|home-lab-environment-inventory","Primary published Home Lab validation, inventory, screenshot, and source-summary collection. The tracked artifact remains at its established public route and is logically organized without moving or rewriting it."
"home-lab-current-e9d06bc3912093cc","fontenotjeremy71-hub/jeremyfontenot","992ed3bd731de72e2569d389f4a334ff63bafa35","evidence-library/projects/on-prem-home-lab/validated-2026-06-26/operations-validation-summary.json","","evidence-library/projects/on-prem-home-lab/validated-2026-06-26/operations-validation-summary.json","d08293f936cdc68faf8d92d773af2074307fd88e5a5daac9e864a5d7f1fdadd2","5412","d08293f936cdc68faf8d92d773af2074307fd88e5a5daac9e864a5d7f1fdadd2","5412","validation","directly-proven","environment","environment","content/home-lab/environment/evidence/validation/on-prem-home-lab/validated-2026-06-26/operations-validation-summary.json","public-original","home-lab-environment-inventory","Primary published Home Lab validation, inventory, screenshot, and source-summary collection. The tracked artifact remains at its established public route and is logically organized without moving or rewriting it."
"home-lab-current-ea45cf34ebfb0bd5","fontenotjeremy71-hub/jeremyfontenot","992ed3bd731de72e2569d389f4a334ff63bafa35","evidence-library/projects/home-lab/lab-portfolio-preserved.pdf","","evidence-library/projects/home-lab/lab-portfolio-preserved.pdf","44d9015528d94276674b77e1930c7307f2451e9f90aca4b37e6eb583a86bc9ba","72973","44d9015528d94276674b77e1930c7307f2451e9f90aca4b37e6eb583a86bc9ba","72973","documentation","directly-proven","environment","environment","content/home-lab/environment/documentation/home-lab-project/lab-portfolio-preserved.pdf","public-original","home-lab-environment-inventory","Published Home Lab project documentation. The tracked artifact remains at its established public route and is logically organized without moving or rewriting it."
"home-lab-current-ea97098520cf9304","fontenotjeremy71-hub/jeremyfontenot","992ed3bd731de72e2569d389f4a334ff63bafa35","evidence-library/projects/on-prem-home-lab/validated-2026-06-29/skills-validation/repository-structure-validation-20260629-210449.txt","","evidence-library/projects/on-prem-home-lab/validated-2026-06-29/skills-validation/repository-structure-validation-20260629-210449.txt","f71b00dd26698cc16c9d8c522ddd28046c8fae81ea9bb896e6f4e28827c719bd","4822","f71b00dd26698cc16c9d8c522ddd28046c8fae81ea9bb896e6f4e28827c719bd","4822","validation","directly-proven","environment","environment","content/home-lab/environment/evidence/validation/on-prem-home-lab/validated-2026-06-29/skills-validation/repository-structure-validation-20260629-210449.txt","public-original","home-lab-environment-inventory","Primary published Home Lab validation, inventory, screenshot, and source-summary collection. The tracked artifact remains at its established public route and is logically organized without moving or rewriting it."
"home-lab-current-ec7ba5c3bdb7f400","fontenotjeremy71-hub/jeremyfontenot","992ed3bd731de72e2569d389f4a334ff63bafa35","evidence-library/vpn/vpn-configuration-evidence.md","","evidence-library/vpn/vpn-configuration-evidence.md","3465c0488e05d3922e73da87ede96ddec415ab70873490d497ca478a350162c4","219","3465c0488e05d3922e73da87ede96ddec415ab70873490d497ca478a350162c4","219","configuration","configured-not-behavior-tested","networking","networking","content/home-lab/networking/evidence/configuration/networking-evidence/evidence-library/vpn/vpn-configuration-evidence.md","public-original","home-lab-networking-validation","Published VPN configuration evidence. The tracked artifact remains at its established public route and is logically organized without moving or rewriting it."
"home-lab-current-ecfc5510c286e7bc","fontenotjeremy71-hub/jeremyfontenot","992ed3bd731de72e2569d389f4a334ff63bafa35","evidence-library/projects/on-prem-home-lab/current-validated-state/direct-evidence/dc01-system-and-role-validation.md","","evidence-library/projects/on-prem-home-lab/current-validated-state/direct-evidence/dc01-system-and-role-validation.md","a31dc8df44fbfb7f71d3f8bfd67b909e09e7cb7ed797a240ad2152ae76cb6cab","2306","a31dc8df44fbfb7f71d3f8bfd67b909e09e7cb7ed797a240ad2152ae76cb6cab","2306","validation","supported-with-limitations","active-directory","active-directory|environment","content/home-lab/active-directory/evidence/validation/on-prem-home-lab/current-validated-state/direct-evidence/dc01-system-and-role-validation.md","public-original","home-lab-active-directory-administration|home-lab-environment-inventory","Primary published Home Lab validation, inventory, screenshot, and source-summary collection. The tracked artifact remains at its established public route and is logically organized without moving or rewriting it."
"home-lab-current-ef761a0aa1fb12d1","fontenotjeremy71-hub/jeremyfontenot","992ed3bd731de72e2569d389f4a334ff63bafa35","evidence-library/projects/on-prem-home-lab/ad-service-desk-delegation/README.md","","evidence-library/projects/on-prem-home-lab/ad-service-desk-delegation/README.md","2caf6e0795f43e72a89dc852f4d3924b04bacab4b6f18ae5b185241497eb1525","2503","2caf6e0795f43e72a89dc852f4d3924b04bacab4b6f18ae5b185241497eb1525","2503","documentation","directly-proven","environment","environment","content/home-lab/environment/documentation/on-prem-home-lab/ad-service-desk-delegation/README.md","public-original","home-lab-environment-inventory","Primary published Home Lab validation, inventory, screenshot, and source-summary collection. The tracked artifact remains at its established public route and is logically organized without moving or rewriting it."
"home-lab-current-ef8b717d1f1dfaa4","fontenotjeremy71-hub/jeremyfontenot","992ed3bd731de72e2569d389f4a334ff63bafa35","evidence-library/projects/on-prem-home-lab/current-validated-state/direct-evidence/proxmox-backup-inventory.md","","evidence-library/projects/on-prem-home-lab/current-validated-state/direct-evidence/proxmox-backup-inventory.md","ced693c3a156a4be67811abe90b7d885fe836ee1ab22a505dd61ff737eef78de","3440","ced693c3a156a4be67811abe90b7d885fe836ee1ab22a505dd61ff737eef78de","3440","validation","supported-with-limitations","backup-recovery","backup-recovery|proxmox|environment","content/home-lab/backup-recovery/evidence/validation/on-prem-home-lab/current-validated-state/direct-evidence/proxmox-backup-inventory.md","public-original","home-lab-backup-and-isolated-restore|home-lab-proxmox-administration|home-lab-environment-inventory","Primary published Home Lab validation, inventory, screenshot, and source-summary collection. The tracked artifact remains at its established public route and is logically organized without moving or rewriting it."
"home-lab-current-f039b2880ee21f47","fontenotjeremy71-hub/jeremyfontenot","992ed3bd731de72e2569d389f4a334ff63bafa35","evidence-library/projects/on-prem-home-lab/validated-2026-06-21/text/evidence-integrity-validation.txt","","evidence-library/projects/on-prem-home-lab/validated-2026-06-21/text/evidence-integrity-validation.txt","429ea153239472e01b2f08a9b35fbdab79eec1adad990bd52eabcbff468a9fa5","999","429ea153239472e01b2f08a9b35fbdab79eec1adad990bd52eabcbff468a9fa5","999","validation","supported-with-limitations","security","security|environment","content/home-lab/security/evidence/validation/on-prem-home-lab/validated-2026-06-21/text/evidence-integrity-validation.txt","public-original","home-lab-security-conscious-operations|home-lab-environment-inventory","Primary published Home Lab validation, inventory, screenshot, and source-summary collection. The tracked artifact remains at its established public route and is logically organized without moving or rewriting it."
"home-lab-current-f6dc900795a08d97","fontenotjeremy71-hub/jeremyfontenot","992ed3bd731de72e2569d389f4a334ff63bafa35","evidence/public/ad-migration-plan-2023-06-21.yaml","","evidence/public/ad-migration-plan-2023-06-21.yaml","836ac3f466f4868e449638e2b00b0e72f5cbd53fefe1d2330b9fb6c2026eebfe","173","836ac3f466f4868e449638e2b00b0e72f5cbd53fefe1d2330b9fb6c2026eebfe","173","exports","documented-only","environment","environment","content/home-lab/environment/evidence/exports/ad-migration-project/evidence/public/ad-migration-plan-2023-06-21.yaml","public-original","home-lab-environment-inventory","Published Active Directory migration plan configuration. The tracked artifact remains at its established public route and is logically organized without moving or rewriting it."
"home-lab-current-f880f11e730b964c","fontenotjeremy71-hub/jeremyfontenot","992ed3bd731de72e2569d389f4a334ff63bafa35","evidence-library/projects/on-prem-home-lab/current-validated-state/direct-evidence/linux01-sssd-remediation-validation.md","","evidence-library/projects/on-prem-home-lab/current-validated-state/direct-evidence/linux01-sssd-remediation-validation.md","18148aebbbdd89ad9862bddb3746f585f76235c8193135c6790b4f723f8b924f","2539","18148aebbbdd89ad9862bddb3746f585f76235c8193135c6790b4f723f8b924f","2539","validation","supported-with-limitations","linux","linux|environment","content/home-lab/linux/evidence/validation/on-prem-home-lab/current-validated-state/direct-evidence/linux01-sssd-remediation-validation.md","public-original","home-lab-linux-administration|home-lab-environment-inventory","Primary published Home Lab validation, inventory, screenshot, and source-summary collection. The tracked artifact remains at its established public route and is logically organized without moving or rewriting it."
"home-lab-current-f9db75a5e8c38df5","fontenotjeremy71-hub/jeremyfontenot","992ed3bd731de72e2569d389f4a334ff63bafa35","evidence-library/network/network-infrastructure-validation-report-2026.md","","evidence-library/network/network-infrastructure-validation-report-2026.md","a70a0c62e5ffdecf9b9b0ac674506cab95b6cda9c9a6919a21105b4e5936f852","1735","a70a0c62e5ffdecf9b9b0ac674506cab95b6cda9c9a6919a21105b4e5936f852","1735","validation","supported-with-limitations","networking","networking","content/home-lab/networking/evidence/validation/network-validation/network-infrastructure-validation-report-2026.md","public-original","home-lab-networking-validation","Published network inventories and validation reports. The tracked artifact remains at its established public route and is logically organized without moving or rewriting it."
"home-lab-current-fab4d4b4ad2cbff5","fontenotjeremy71-hub/jeremyfontenot","992ed3bd731de72e2569d389f4a334ff63bafa35","evidence-library/projects/on-prem-home-lab/screenshots/figure-16-final-evidence-zip-manifest-sha256-validation.png","","evidence-library/projects/on-prem-home-lab/screenshots/figure-16-final-evidence-zip-manifest-sha256-validation.png","d96222651f09ecae33f45b6280f2f6197e38f5ddd7abf6278a091ac66c7071d3","220115","d96222651f09ecae33f45b6280f2f6197e38f5ddd7abf6278a091ac66c7071d3","220115","manifests","directly-proven","environment","environment","content/home-lab/environment/evidence/manifests/on-prem-home-lab/screenshots/figure-16-final-evidence-zip-manifest-sha256-validation.png","public-original","home-lab-environment-inventory","Primary published Home Lab validation, inventory, screenshot, and source-summary collection. The tracked artifact remains at its established public route and is logically organized without moving or rewriting it."
"home-lab-current-fbcf63ed82ccb050","fontenotjeremy71-hub/jeremyfontenot","992ed3bd731de72e2569d389f4a334ff63bafa35","evidence-library/projects/on-prem-home-lab/validated-2026-06-21/screenshots/dc01-dhcp-scope-options-leases-redacted.png","","evidence-library/projects/on-prem-home-lab/validated-2026-06-21/screenshots/dc01-dhcp-scope-options-leases-redacted.png","f72e3bffe78e07532cda19ca7b9d4da5d77a2a68aecf2e9c2a0d5e93f3553ed9","144641","f72e3bffe78e07532cda19ca7b9d4da5d77a2a68aecf2e9c2a0d5e93f3553ed9","144641","screenshots","supported-with-limitations","active-directory","active-directory|dns-dhcp|environment","content/home-lab/active-directory/evidence/screenshots/on-prem-home-lab/validated-2026-06-21/screenshots/dc01-dhcp-scope-options-leases-redacted.png","public-original","home-lab-active-directory-administration|home-lab-dns-dhcp-administration|home-lab-environment-inventory","Primary published Home Lab validation, inventory, screenshot, and source-summary collection. The tracked artifact remains at its established public route and is logically organized without moving or rewriting it."
"home-lab-current-fc2b59ea053a9a33","fontenotjeremy71-hub/jeremyfontenot","992ed3bd731de72e2569d389f4a334ff63bafa35","evidence-library/projects/on-prem-home-lab/validated-2026-06-21/text/linux01-security-validation.txt","","evidence-library/projects/on-prem-home-lab/validated-2026-06-21/text/linux01-security-validation.txt","02009af7f1910e3d2318c4ac99979eebaab40a9757ba2aa22101a3478744d5b2","608","02009af7f1910e3d2318c4ac99979eebaab40a9757ba2aa22101a3478744d5b2","608","validation","supported-with-limitations","linux","linux|security|environment","content/home-lab/linux/evidence/validation/on-prem-home-lab/validated-2026-06-21/text/linux01-security-validation.txt","public-original","home-lab-linux-administration|home-lab-security-conscious-operations|home-lab-environment-inventory","Primary published Home Lab validation, inventory, screenshot, and source-summary collection. The tracked artifact remains at its established public route and is logically organized without moving or rewriting it."
"home-lab-current-ff0cad1bbd13453f","fontenotjeremy71-hub/jeremyfontenot","992ed3bd731de72e2569d389f4a334ff63bafa35","evidence-library/architecture-diagrams/identity-access-ad-migration-diagram-2026.svg","","evidence-library/architecture-diagrams/identity-access-ad-migration-diagram-2026.svg","826d50c52d646e240a3d47be799a39f6bb4e59e01dc620c99c92f5b393dd85cf","2230","826d50c52d646e240a3d47be799a39f6bb4e59e01dc620c99c92f5b393dd85cf","2230","screenshots","documented-only","environment","environment","content/home-lab/environment/evidence/screenshots/ad-migration-project/evidence-library/architecture-diagrams/identity-access-ad-migration-diagram-2026.svg","public-original","home-lab-environment-inventory","Published identity and Active Directory migration diagram. The tracked artifact remains at its established public route and is logically organized without moving or rewriting it."
"home-lab-current-ff5c9012519dc690","fontenotjeremy71-hub/jeremyfontenot","992ed3bd731de72e2569d389f4a334ff63bafa35","evidence-library/automation/provisioning-script-evidence.md","","evidence-library/automation/provisioning-script-evidence.md","6f1eda84ba14164cd453b0e52c139e77dbe8420de4806fd57b0aa4cacbeb351d","306","6f1eda84ba14164cd453b0e52c139e77dbe8420de4806fd57b0aa4cacbeb351d","306","documentation","directly-proven","automation","automation","content/home-lab/automation/documentation/automation-evidence/provisioning-script-evidence.md","public-original","home-lab-evidence-automation","Published automation evidence and diagrams. The tracked artifact remains at its established public route and is logically organized without moving or rewriting it."
