url,status,route_category,findings
"https://jeremyfontenot.online/","200","recruiter-facing","coop-not-enabled|coep-not-enabled|corp-not-enabled|wildcard-cors-public-static|server-header-discloses-edge"
"https://jeremyfontenot.online/active-directory-lab.html","200","recruiter-facing","coop-not-enabled|coep-not-enabled|corp-not-enabled|wildcard-cors-public-static|server-header-discloses-edge"
"https://jeremyfontenot.online/assets/css/base.css","200","static-asset-or-document","coop-not-enabled|coep-not-enabled|corp-not-enabled|wildcard-cors-public-static|server-header-discloses-edge"
"https://jeremyfontenot.online/assets/css/components.css","200","static-asset-or-document","coop-not-enabled|coep-not-enabled|corp-not-enabled|wildcard-cors-public-static|server-header-discloses-edge"
"https://jeremyfontenot.online/assets/css/evidence-document.css","200","static-asset-or-document","coop-not-enabled|coep-not-enabled|corp-not-enabled|wildcard-cors-public-static|server-header-discloses-edge"
"https://jeremyfontenot.online/assets/css/evidence-skill-map.css","200","static-asset-or-document","coop-not-enabled|coep-not-enabled|corp-not-enabled|wildcard-cors-public-static|server-header-discloses-edge"
"https://jeremyfontenot.online/assets/css/layout.css","200","static-asset-or-document","coop-not-enabled|coep-not-enabled|corp-not-enabled|wildcard-cors-public-static|server-header-discloses-edge"
"https://jeremyfontenot.online/assets/css/pages.css","200","static-asset-or-document","coop-not-enabled|coep-not-enabled|corp-not-enabled|wildcard-cors-public-static|server-header-discloses-edge"
"https://jeremyfontenot.online/assets/css/projects-watermark-fixes.css","200","static-asset-or-document","coop-not-enabled|coep-not-enabled|corp-not-enabled|wildcard-cors-public-static|server-header-discloses-edge"
"https://jeremyfontenot.online/assets/css/readiness.css","200","static-asset-or-document","coop-not-enabled|coep-not-enabled|corp-not-enabled|wildcard-cors-public-static|server-header-discloses-edge"
"https://jeremyfontenot.online/assets/css/site.css","200","static-asset-or-document","coop-not-enabled|coep-not-enabled|corp-not-enabled|wildcard-cors-public-static|server-header-discloses-edge"
"https://jeremyfontenot.online/assets/css/text-rail-fixes.css","200","static-asset-or-document","coop-not-enabled|coep-not-enabled|corp-not-enabled|wildcard-cors-public-static|server-header-discloses-edge"
"https://jeremyfontenot.online/assets/css/tokens.css","200","static-asset-or-document","coop-not-enabled|coep-not-enabled|corp-not-enabled|wildcard-cors-public-static|server-header-discloses-edge"
"https://jeremyfontenot.online/assets/css/visual-experience-fixes.css","200","static-asset-or-document","coop-not-enabled|coep-not-enabled|corp-not-enabled|wildcard-cors-public-static|server-header-discloses-edge"
"https://jeremyfontenot.online/assets/css/visual-experience.css","200","static-asset-or-document","coop-not-enabled|coep-not-enabled|corp-not-enabled|wildcard-cors-public-static|server-header-discloses-edge"
"https://jeremyfontenot.online/assets/data/evidence-dashboard.json","200","static-asset-or-document","coop-not-enabled|coep-not-enabled|corp-not-enabled|wildcard-cors-public-static|server-header-discloses-edge"
"https://jeremyfontenot.online/assets/data/evidence-skill-map.json","200","static-asset-or-document","coop-not-enabled|coep-not-enabled|corp-not-enabled|wildcard-cors-public-static|server-header-discloses-edge"
"https://jeremyfontenot.online/assets/data/home-lab-evidence-catalog.json","200","static-asset-or-document","coop-not-enabled|coep-not-enabled|corp-not-enabled|wildcard-cors-public-static|server-header-discloses-edge"
"https://jeremyfontenot.online/assets/data/m365-evidence-catalog.json","200","static-asset-or-document","coop-not-enabled|coep-not-enabled|corp-not-enabled|wildcard-cors-public-static|server-header-discloses-edge"
"https://jeremyfontenot.online/assets/documents/Jeremy-Fontenot-On-Premises-Home-Lab-Documentation.docx","200","recruiter-facing","coop-not-enabled|coep-not-enabled|corp-not-enabled|wildcard-cors-public-static|server-header-discloses-edge"
"https://jeremyfontenot.online/assets/evidence/ad-migration-diagram.svg","200","static-asset-or-document","coop-not-enabled|coep-not-enabled|corp-not-enabled|wildcard-cors-public-static|server-header-discloses-edge"
"https://jeremyfontenot.online/assets/evidence/intune-baseline-preview.svg","200","static-asset-or-document","coop-not-enabled|coep-not-enabled|corp-not-enabled|wildcard-cors-public-static|server-header-discloses-edge"
"https://jeremyfontenot.online/assets/evidence/m365-lab-architecture.svg","200","static-asset-or-document","coop-not-enabled|coep-not-enabled|corp-not-enabled|wildcard-cors-public-static|server-header-discloses-edge"
"https://jeremyfontenot.online/assets/evidence/powershell-provisioning.svg","200","static-asset-or-document","coop-not-enabled|coep-not-enabled|corp-not-enabled|wildcard-cors-public-static|server-header-discloses-edge"
"https://jeremyfontenot.online/assets/js/evidence-skill-map.js","200","static-asset-or-document","coop-not-enabled|coep-not-enabled|corp-not-enabled|wildcard-cors-public-static|server-header-discloses-edge"
"https://jeremyfontenot.online/assets/js/site.js","200","static-asset-or-document","coop-not-enabled|coep-not-enabled|corp-not-enabled|wildcard-cors-public-static|server-header-discloses-edge"
"https://jeremyfontenot.online/assets/logos/favicon_128x128.png","200","static-asset-or-document","coop-not-enabled|coep-not-enabled|corp-not-enabled|wildcard-cors-public-static|server-header-discloses-edge"
"https://jeremyfontenot.online/assets/logos/favicon_64x64.png","200","static-asset-or-document","coop-not-enabled|coep-not-enabled|corp-not-enabled|wildcard-cors-public-static|server-header-discloses-edge"
"https://jeremyfontenot.online/assets/logos/header_logo_88x88.png","200","static-asset-or-document","coop-not-enabled|coep-not-enabled|corp-not-enabled|wildcard-cors-public-static|server-header-discloses-edge"
"https://jeremyfontenot.online/assets/resume/jeremy-fontenot-resume.pdf","200","static-asset-or-document","coop-not-enabled|coep-not-enabled|corp-not-enabled|wildcard-cors-public-static|server-header-discloses-edge"
"https://jeremyfontenot.online/assets/visuals/home-lab-evidence-system.svg","200","static-asset-or-document","coop-not-enabled|coep-not-enabled|corp-not-enabled|wildcard-cors-public-static|server-header-discloses-edge"
"https://jeremyfontenot.online/contact.html","200","recruiter-facing","coop-not-enabled|coep-not-enabled|corp-not-enabled|wildcard-cors-public-static|server-header-discloses-edge"
"https://jeremyfontenot.online/dashboard.html","200","recruiter-facing","coop-not-enabled|coep-not-enabled|corp-not-enabled|wildcard-cors-public-static|server-header-discloses-edge"
"https://jeremyfontenot.online/evidence-library/","200","evidence","coop-not-enabled|coep-not-enabled|corp-not-enabled|wildcard-cors-public-static|server-header-discloses-edge"
"https://jeremyfontenot.online/evidence-library/README.md","200","evidence","coop-not-enabled|coep-not-enabled|corp-not-enabled|wildcard-cors-public-static|server-header-discloses-edge"
"https://jeremyfontenot.online/evidence-library/architecture-diagrams/home-lab-network-topology-diagram-2026.svg","200","evidence","coop-not-enabled|coep-not-enabled|corp-not-enabled|wildcard-cors-public-static|server-header-discloses-edge"
"https://jeremyfontenot.online/evidence-library/architecture-diagrams/identity-access-ad-migration-diagram-2026.svg","200","evidence","coop-not-enabled|coep-not-enabled|corp-not-enabled|wildcard-cors-public-static|server-header-discloses-edge"
"https://jeremyfontenot.online/evidence-library/architecture-diagrams/m365-lab-baseline-preview.svg","200","evidence","coop-not-enabled|coep-not-enabled|corp-not-enabled|wildcard-cors-public-static|server-header-discloses-edge"
"https://jeremyfontenot.online/evidence-library/architecture-diagrams/mail-flow-troubleshooting-preview.svg","200","evidence","coop-not-enabled|coep-not-enabled|corp-not-enabled|wildcard-cors-public-static|server-header-discloses-edge"
"https://jeremyfontenot.online/evidence-library/architecture-diagrams/microsoft-365-lab-architecture-diagram-2026.svg","200","evidence","coop-not-enabled|coep-not-enabled|corp-not-enabled|wildcard-cors-public-static|server-header-discloses-edge"
"https://jeremyfontenot.online/evidence-library/architecture-diagrams/microsoft-365-lab-architecture-overview-2026.svg","200","evidence","coop-not-enabled|coep-not-enabled|corp-not-enabled|wildcard-cors-public-static|server-header-discloses-edge"
"https://jeremyfontenot.online/evidence-library/architecture-diagrams/pfsense-network-segmentation-diagram-2026.svg","200","evidence","coop-not-enabled|coep-not-enabled|corp-not-enabled|wildcard-cors-public-static|server-header-discloses-edge"
"https://jeremyfontenot.online/evidence-library/architecture-diagrams/pfsense-network-segmentation-preview.svg","200","evidence","coop-not-enabled|coep-not-enabled|corp-not-enabled|wildcard-cors-public-static|server-header-discloses-edge"
"https://jeremyfontenot.online/evidence-library/architecture-diagrams/vlan-architecture-diagram-README.md","200","evidence","coop-not-enabled|coep-not-enabled|corp-not-enabled|wildcard-cors-public-static|server-header-discloses-edge"
"https://jeremyfontenot.online/evidence-library/architecture-diagrams/vlan-architecture-diagram-dark.png","200","evidence","coop-not-enabled|coep-not-enabled|corp-not-enabled|wildcard-cors-public-static|server-header-discloses-edge"
"https://jeremyfontenot.online/evidence-library/architecture-diagrams/vlan-architecture-diagram-dark.svg","200","evidence","coop-not-enabled|coep-not-enabled|corp-not-enabled|wildcard-cors-public-static|server-header-discloses-edge"
"https://jeremyfontenot.online/evidence-library/architecture-diagrams/vlan-architecture-diagram.png","200","evidence","coop-not-enabled|coep-not-enabled|corp-not-enabled|wildcard-cors-public-static|server-header-discloses-edge"
"https://jeremyfontenot.online/evidence-library/architecture-diagrams/vlan-architecture-diagram.svg","200","evidence","coop-not-enabled|coep-not-enabled|corp-not-enabled|wildcard-cors-public-static|server-header-discloses-edge"
"https://jeremyfontenot.online/evidence-library/architecture/microsoft-365-architecture-overview.md","200","evidence","coop-not-enabled|coep-not-enabled|corp-not-enabled|wildcard-cors-public-static|server-header-discloses-edge"
"https://jeremyfontenot.online/evidence-library/automation/automation-framework-evidence.md","200","evidence","coop-not-enabled|coep-not-enabled|corp-not-enabled|wildcard-cors-public-static|server-header-discloses-edge"
"https://jeremyfontenot.online/evidence-library/automation/provisioning-change-record-2026.md","200","evidence","coop-not-enabled|coep-not-enabled|corp-not-enabled|wildcard-cors-public-static|server-header-discloses-edge"
"https://jeremyfontenot.online/evidence-library/automation/provisioning-script-evidence.md","200","evidence","coop-not-enabled|coep-not-enabled|corp-not-enabled|wildcard-cors-public-static|server-header-discloses-edge"
"https://jeremyfontenot.online/evidence-library/conditional-access/conditional-access-baseline-evidence.md","200","evidence","coop-not-enabled|coep-not-enabled|corp-not-enabled|wildcard-cors-public-static|server-header-discloses-edge"
"https://jeremyfontenot.online/evidence-library/evidence-source-map.csv","200","evidence","coop-not-enabled|coep-not-enabled|corp-not-enabled|wildcard-cors-public-static|server-header-discloses-edge"
"https://jeremyfontenot.online/evidence-library/governance/evidence-claim-governance-standard-2026.md","200","evidence","coop-not-enabled|coep-not-enabled|corp-not-enabled|wildcard-cors-public-static|server-header-discloses-edge"
"https://jeremyfontenot.online/evidence-library/incidents/dns-resolution-outage-incident-summary-2026.md","200","evidence","coop-not-enabled|coep-not-enabled|corp-not-enabled|wildcard-cors-public-static|server-header-discloses-edge"
"https://jeremyfontenot.online/evidence-library/index.html","200","evidence","coop-not-enabled|coep-not-enabled|corp-not-enabled|wildcard-cors-public-static|server-header-discloses-edge"
"https://jeremyfontenot.online/evidence-library/integrity/evidence-hashes.json","200","evidence","coop-not-enabled|coep-not-enabled|corp-not-enabled|wildcard-cors-public-static|server-header-discloses-edge"
"https://jeremyfontenot.online/evidence-library/network/dhcp-dns-validation-report-2026.md","200","evidence","coop-not-enabled|coep-not-enabled|corp-not-enabled|wildcard-cors-public-static|server-header-discloses-edge"
"https://jeremyfontenot.online/evidence-library/network/firewall-rule-validation-report-2026.md","200","evidence","coop-not-enabled|coep-not-enabled|corp-not-enabled|wildcard-cors-public-static|server-header-discloses-edge"
"https://jeremyfontenot.online/evidence-library/network/network-infrastructure-validation-report-2026.md","200","evidence","coop-not-enabled|coep-not-enabled|corp-not-enabled|wildcard-cors-public-static|server-header-discloses-edge"
"https://jeremyfontenot.online/evidence-library/preserved-sharepoint/index.html","200","evidence","coop-not-enabled|coep-not-enabled|corp-not-enabled|wildcard-cors-public-static|server-header-discloses-edge"
"https://jeremyfontenot.online/evidence-library/preserved-sharepoint/sharepoint-export-inventory.csv","200","evidence","coop-not-enabled|coep-not-enabled|corp-not-enabled|wildcard-cors-public-static|server-header-discloses-edge"
"https://jeremyfontenot.online/evidence-library/preserved-sharepoint/sharepoint-export-summary-2026.md","200","evidence","coop-not-enabled|coep-not-enabled|corp-not-enabled|wildcard-cors-public-static|server-header-discloses-edge"
"https://jeremyfontenot.online/evidence-library/preserved-sharepoint/source/docs/business/sharepoint/Architecture/Architecture-20260511161108-0d88cb53.html","200","preserved-sharepoint-derivative","coop-not-enabled|coep-not-enabled|corp-not-enabled|wildcard-cors-public-static|server-header-discloses-edge"
"https://jeremyfontenot.online/evidence-library/preserved-sharepoint/source/docs/business/sharepoint/Architecture/Architecture-90082f35.html","200","preserved-sharepoint-derivative","coop-not-enabled|coep-not-enabled|corp-not-enabled|wildcard-cors-public-static|server-header-discloses-edge"
"https://jeremyfontenot.online/evidence-library/preserved-sharepoint/source/docs/business/sharepoint/Architecture/Architecture-Overview-20260511161108-fea65063.html","200","preserved-sharepoint-derivative","coop-not-enabled|coep-not-enabled|corp-not-enabled|wildcard-cors-public-static|server-header-discloses-edge"
"https://jeremyfontenot.online/evidence-library/preserved-sharepoint/source/docs/business/sharepoint/Architecture/Architecture-Overview-ee08773b.html","200","preserved-sharepoint-derivative","coop-not-enabled|coep-not-enabled|corp-not-enabled|wildcard-cors-public-static|server-header-discloses-edge"
"https://jeremyfontenot.online/evidence-library/preserved-sharepoint/source/docs/business/sharepoint/Architecture/architecture-and-topology-76e91ed4.html","200","preserved-sharepoint-derivative","coop-not-enabled|coep-not-enabled|corp-not-enabled|wildcard-cors-public-static|server-header-discloses-edge"
"https://jeremyfontenot.online/evidence-library/preserved-sharepoint/source/docs/business/sharepoint/Artifacts/Artifacts-Index-20260511161108-5521a45f.html","200","preserved-sharepoint-derivative","coop-not-enabled|coep-not-enabled|corp-not-enabled|wildcard-cors-public-static|server-header-discloses-edge"
"https://jeremyfontenot.online/evidence-library/preserved-sharepoint/source/docs/business/sharepoint/Artifacts/Artifacts-Index-6751dd5e.html","200","preserved-sharepoint-derivative","coop-not-enabled|coep-not-enabled|corp-not-enabled|wildcard-cors-public-static|server-header-discloses-edge"
"https://jeremyfontenot.online/evidence-library/preserved-sharepoint/source/docs/business/sharepoint/Artifacts/Automation-20260511161108-6317c74e.html","200","preserved-sharepoint-derivative","coop-not-enabled|coep-not-enabled|corp-not-enabled|wildcard-cors-public-static|server-header-discloses-edge"
"https://jeremyfontenot.online/evidence-library/preserved-sharepoint/source/docs/business/sharepoint/Artifacts/Automation-c352d003.html","200","preserved-sharepoint-derivative","coop-not-enabled|coep-not-enabled|corp-not-enabled|wildcard-cors-public-static|server-header-discloses-edge"
"https://jeremyfontenot.online/evidence-library/preserved-sharepoint/source/docs/business/sharepoint/Artifacts/Change-Artifacts-Index-20260306-0200-1f87a225.html","200","preserved-sharepoint-derivative","coop-not-enabled|coep-not-enabled|corp-not-enabled|wildcard-cors-public-static|server-header-discloses-edge"
"https://jeremyfontenot.online/evidence-library/preserved-sharepoint/source/docs/business/sharepoint/Artifacts/Change-Artifacts-Index-20260306-0200-20260511161109-45345c5d.html","200","preserved-sharepoint-derivative","coop-not-enabled|coep-not-enabled|corp-not-enabled|wildcard-cors-public-static|server-header-discloses-edge"
"https://jeremyfontenot.online/evidence-library/preserved-sharepoint/source/docs/business/sharepoint/Artifacts/Change-Automation-20260306-0200-1ac246e4.html","200","preserved-sharepoint-derivative","coop-not-enabled|coep-not-enabled|corp-not-enabled|wildcard-cors-public-static|server-header-discloses-edge"
"https://jeremyfontenot.online/evidence-library/preserved-sharepoint/source/docs/business/sharepoint/Artifacts/Change-Automation-20260306-0200-20260511161109-844c88c4.html","200","preserved-sharepoint-derivative","coop-not-enabled|coep-not-enabled|corp-not-enabled|wildcard-cors-public-static|server-header-discloses-edge"
"https://jeremyfontenot.online/evidence-library/preserved-sharepoint/source/docs/business/sharepoint/Artifacts/Change-Automation-20260306-0346-20260511161109-b55bdbcf.html","200","preserved-sharepoint-derivative","coop-not-enabled|coep-not-enabled|corp-not-enabled|wildcard-cors-public-static|server-header-discloses-edge"
"https://jeremyfontenot.online/evidence-library/preserved-sharepoint/source/docs/business/sharepoint/Artifacts/Change-Automation-20260306-0346-3ae96691.html","200","preserved-sharepoint-derivative","coop-not-enabled|coep-not-enabled|corp-not-enabled|wildcard-cors-public-static|server-header-discloses-edge"
"https://jeremyfontenot.online/evidence-library/preserved-sharepoint/source/docs/business/sharepoint/Artifacts/Change-Cleanup-Summary-20260511161109-16350178.html","200","preserved-sharepoint-derivative","coop-not-enabled|coep-not-enabled|corp-not-enabled|wildcard-cors-public-static|server-header-discloses-edge"
"https://jeremyfontenot.online/evidence-library/preserved-sharepoint/source/docs/business/sharepoint/Artifacts/Change-Cleanup-Summary-c93bd22a.html","200","preserved-sharepoint-derivative","coop-not-enabled|coep-not-enabled|corp-not-enabled|wildcard-cors-public-static|server-header-discloses-edge"
"https://jeremyfontenot.online/evidence-library/preserved-sharepoint/source/docs/business/sharepoint/Artifacts/Change-Conditional-Access-20260306-0200-20260511161109-d057980a.html","200","preserved-sharepoint-derivative","coop-not-enabled|coep-not-enabled|corp-not-enabled|wildcard-cors-public-static|server-header-discloses-edge"
"https://jeremyfontenot.online/evidence-library/preserved-sharepoint/source/docs/business/sharepoint/Artifacts/Change-Conditional-Access-20260306-0200-a3981959.html","200","preserved-sharepoint-derivative","coop-not-enabled|coep-not-enabled|corp-not-enabled|wildcard-cors-public-static|server-header-discloses-edge"
"https://jeremyfontenot.online/evidence-library/preserved-sharepoint/source/docs/business/sharepoint/Artifacts/Change-Endpoint-Management-Intune-20260223-0409-20260511161109-468de3a2.html","200","preserved-sharepoint-derivative","coop-not-enabled|coep-not-enabled|corp-not-enabled|wildcard-cors-public-static|server-header-discloses-edge"
"https://jeremyfontenot.online/evidence-library/preserved-sharepoint/source/docs/business/sharepoint/Artifacts/Change-Endpoint-Management-Intune-20260223-0409-a1fb585a.html","200","preserved-sharepoint-derivative","coop-not-enabled|coep-not-enabled|corp-not-enabled|wildcard-cors-public-static|server-header-discloses-edge"
"https://jeremyfontenot.online/evidence-library/preserved-sharepoint/source/docs/business/sharepoint/Artifacts/Change-Endpoint-Management-Intune-20260223-0417-20260511161109-d7ec3930.html","200","preserved-sharepoint-derivative","coop-not-enabled|coep-not-enabled|corp-not-enabled|wildcard-cors-public-static|server-header-discloses-edge"
"https://jeremyfontenot.online/evidence-library/preserved-sharepoint/source/docs/business/sharepoint/Artifacts/Change-Endpoint-Management-Intune-20260223-0417-6d9e89bc.html","200","preserved-sharepoint-derivative","coop-not-enabled|coep-not-enabled|corp-not-enabled|wildcard-cors-public-static|server-header-discloses-edge"
"https://jeremyfontenot.online/evidence-library/preserved-sharepoint/source/docs/business/sharepoint/Artifacts/Change-Endpoint-Management-Intune-20260223-0426-20260511161109-a2651680.html","200","preserved-sharepoint-derivative","coop-not-enabled|coep-not-enabled|corp-not-enabled|wildcard-cors-public-static|server-header-discloses-edge"
"https://jeremyfontenot.online/evidence-library/preserved-sharepoint/source/docs/business/sharepoint/Artifacts/Change-Endpoint-Management-Intune-20260223-0426-9402ac34.html","200","preserved-sharepoint-derivative","coop-not-enabled|coep-not-enabled|corp-not-enabled|wildcard-cors-public-static|server-header-discloses-edge"
"https://jeremyfontenot.online/evidence-library/preserved-sharepoint/source/docs/business/sharepoint/Artifacts/Change-Endpoint-Management-Intune-20260223-0738-20260511161109-f82967cd.html","200","preserved-sharepoint-derivative","coop-not-enabled|coep-not-enabled|corp-not-enabled|wildcard-cors-public-static|server-header-discloses-edge"
"https://jeremyfontenot.online/evidence-library/preserved-sharepoint/source/docs/business/sharepoint/Artifacts/Change-Endpoint-Management-Intune-20260223-0738-f7ac95d5.html","200","preserved-sharepoint-derivative","coop-not-enabled|coep-not-enabled|corp-not-enabled|wildcard-cors-public-static|server-header-discloses-edge"
"https://jeremyfontenot.online/evidence-library/preserved-sharepoint/source/docs/business/sharepoint/Artifacts/Change-Endpoint-Management-Intune-20260223-0742-20260511161109-1327909b.html","200","preserved-sharepoint-derivative","coop-not-enabled|coep-not-enabled|corp-not-enabled|wildcard-cors-public-static|server-header-discloses-edge"
"https://jeremyfontenot.online/evidence-library/preserved-sharepoint/source/docs/business/sharepoint/Artifacts/Change-Endpoint-Management-Intune-20260223-0742-79899e7f.html","200","preserved-sharepoint-derivative","coop-not-enabled|coep-not-enabled|corp-not-enabled|wildcard-cors-public-static|server-header-discloses-edge"
"https://jeremyfontenot.online/evidence-library/preserved-sharepoint/source/docs/business/sharepoint/Artifacts/Change-Exchange-20260307-0200-20260511161109-fd40c85b.html","200","preserved-sharepoint-derivative","coop-not-enabled|coep-not-enabled|corp-not-enabled|wildcard-cors-public-static|server-header-discloses-edge"
"https://jeremyfontenot.online/evidence-library/preserved-sharepoint/source/docs/business/sharepoint/Artifacts/Change-Exchange-20260307-0200-a44f8b41.html","200","preserved-sharepoint-derivative","coop-not-enabled|coep-not-enabled|corp-not-enabled|wildcard-cors-public-static|server-header-discloses-edge"
"https://jeremyfontenot.online/evidence-library/preserved-sharepoint/source/docs/business/sharepoint/Artifacts/Change-Exchange-Online-20260223-0409-20260511161109-e61de57e.html","200","preserved-sharepoint-derivative","coop-not-enabled|coep-not-enabled|corp-not-enabled|wildcard-cors-public-static|server-header-discloses-edge"
"https://jeremyfontenot.online/evidence-library/preserved-sharepoint/source/docs/business/sharepoint/Artifacts/Change-Exchange-Online-20260223-0409-87bef9ce.html","200","preserved-sharepoint-derivative","coop-not-enabled|coep-not-enabled|corp-not-enabled|wildcard-cors-public-static|server-header-discloses-edge"
"https://jeremyfontenot.online/evidence-library/preserved-sharepoint/source/docs/business/sharepoint/Artifacts/Change-Exchange-Online-20260223-0417-20260511161109-43c9abf9.html","200","preserved-sharepoint-derivative","coop-not-enabled|coep-not-enabled|corp-not-enabled|wildcard-cors-public-static|server-header-discloses-edge"
"https://jeremyfontenot.online/evidence-library/preserved-sharepoint/source/docs/business/sharepoint/Artifacts/Change-Exchange-Online-20260223-0417-5e238ec9.html","200","preserved-sharepoint-derivative","coop-not-enabled|coep-not-enabled|corp-not-enabled|wildcard-cors-public-static|server-header-discloses-edge"
"https://jeremyfontenot.online/evidence-library/preserved-sharepoint/source/docs/business/sharepoint/Artifacts/Change-Exchange-Online-20260223-0426-20260511161109-ac16ea68.html","200","preserved-sharepoint-derivative","coop-not-enabled|coep-not-enabled|corp-not-enabled|wildcard-cors-public-static|server-header-discloses-edge"
"https://jeremyfontenot.online/evidence-library/preserved-sharepoint/source/docs/business/sharepoint/Artifacts/Change-Exchange-Online-20260223-0426-2cc61ae8.html","200","preserved-sharepoint-derivative","coop-not-enabled|coep-not-enabled|corp-not-enabled|wildcard-cors-public-static|server-header-discloses-edge"
"https://jeremyfontenot.online/evidence-library/preserved-sharepoint/source/docs/business/sharepoint/Artifacts/Change-Exchange-Online-20260223-0738-20260511161109-d36a9eed.html","200","preserved-sharepoint-derivative","coop-not-enabled|coep-not-enabled|corp-not-enabled|wildcard-cors-public-static|server-header-discloses-edge"
"https://jeremyfontenot.online/evidence-library/preserved-sharepoint/source/docs/business/sharepoint/Artifacts/Change-Exchange-Online-20260223-0738-9bc74434.html","200","preserved-sharepoint-derivative","coop-not-enabled|coep-not-enabled|corp-not-enabled|wildcard-cors-public-static|server-header-discloses-edge"
"https://jeremyfontenot.online/evidence-library/preserved-sharepoint/source/docs/business/sharepoint/Artifacts/Change-Exchange-Online-20260223-0742-20260511161109-8cadcbf8.html","200","preserved-sharepoint-derivative","coop-not-enabled|coep-not-enabled|corp-not-enabled|wildcard-cors-public-static|server-header-discloses-edge"
"https://jeremyfontenot.online/evidence-library/preserved-sharepoint/source/docs/business/sharepoint/Artifacts/Change-Exchange-Online-20260223-0742-c77b4c97.html","200","preserved-sharepoint-derivative","coop-not-enabled|coep-not-enabled|corp-not-enabled|wildcard-cors-public-static|server-header-discloses-edge"
"https://jeremyfontenot.online/evidence-library/preserved-sharepoint/source/docs/business/sharepoint/Artifacts/Change-Home-20260227-1151-101a5a7e.html","200","preserved-sharepoint-derivative","coop-not-enabled|coep-not-enabled|corp-not-enabled|wildcard-cors-public-static|server-header-discloses-edge"
"https://jeremyfontenot.online/evidence-library/preserved-sharepoint/source/docs/business/sharepoint/Artifacts/Change-Home-20260227-1151-20260511161109-1f6b5e8e.html","200","preserved-sharepoint-derivative","coop-not-enabled|coep-not-enabled|corp-not-enabled|wildcard-cors-public-static|server-header-discloses-edge"
"https://jeremyfontenot.online/evidence-library/preserved-sharepoint/source/docs/business/sharepoint/Artifacts/Change-Home-20260227-1753-11b405b4.html","200","preserved-sharepoint-derivative","coop-not-enabled|coep-not-enabled|corp-not-enabled|wildcard-cors-public-static|server-header-discloses-edge"
"https://jeremyfontenot.online/evidence-library/preserved-sharepoint/source/docs/business/sharepoint/Artifacts/Change-Home-20260227-1753-20260511161109-272bdd29.html","200","preserved-sharepoint-derivative","coop-not-enabled|coep-not-enabled|corp-not-enabled|wildcard-cors-public-static|server-header-discloses-edge"
"https://jeremyfontenot.online/evidence-library/preserved-sharepoint/source/docs/business/sharepoint/Artifacts/Change-Home-20260305-0200-20260511161109-a71d6a1d.html","200","preserved-sharepoint-derivative","coop-not-enabled|coep-not-enabled|corp-not-enabled|wildcard-cors-public-static|server-header-discloses-edge"
"https://jeremyfontenot.online/evidence-library/preserved-sharepoint/source/docs/business/sharepoint/Artifacts/Change-Home-20260305-0200-f1d6a3f3.html","200","preserved-sharepoint-derivative","coop-not-enabled|coep-not-enabled|corp-not-enabled|wildcard-cors-public-static|server-header-discloses-edge"
"https://jeremyfontenot.online/evidence-library/preserved-sharepoint/source/docs/business/sharepoint/Artifacts/Change-Home-20260306-0345-20260511161109-1354f67b.html","200","preserved-sharepoint-derivative","coop-not-enabled|coep-not-enabled|corp-not-enabled|wildcard-cors-public-static|server-header-discloses-edge"
"https://jeremyfontenot.online/evidence-library/preserved-sharepoint/source/docs/business/sharepoint/Artifacts/Change-Home-20260306-0345-acc08a8e.html","200","preserved-sharepoint-derivative","coop-not-enabled|coep-not-enabled|corp-not-enabled|wildcard-cors-public-static|server-header-discloses-edge"
"https://jeremyfontenot.online/evidence-library/preserved-sharepoint/source/docs/business/sharepoint/Artifacts/Change-Home-20260314-1157-20260511161109-75dc1003.html","200","preserved-sharepoint-derivative","coop-not-enabled|coep-not-enabled|corp-not-enabled|wildcard-cors-public-static|server-header-discloses-edge"
"https://jeremyfontenot.online/evidence-library/preserved-sharepoint/source/docs/business/sharepoint/Artifacts/Change-Home-20260314-1157-37e31f82.html","200","preserved-sharepoint-derivative","coop-not-enabled|coep-not-enabled|corp-not-enabled|wildcard-cors-public-static|server-header-discloses-edge"
"https://jeremyfontenot.online/evidence-library/preserved-sharepoint/source/docs/business/sharepoint/Artifacts/Change-Home-20260330-0918-20260511161109-57a832fb.html","200","preserved-sharepoint-derivative","coop-not-enabled|coep-not-enabled|corp-not-enabled|wildcard-cors-public-static|server-header-discloses-edge"
"https://jeremyfontenot.online/evidence-library/preserved-sharepoint/source/docs/business/sharepoint/Artifacts/Change-Home-20260330-0918-b9e5dcd5.html","200","preserved-sharepoint-derivative","coop-not-enabled|coep-not-enabled|corp-not-enabled|wildcard-cors-public-static|server-header-discloses-edge"
"https://jeremyfontenot.online/evidence-library/preserved-sharepoint/source/docs/business/sharepoint/Artifacts/Change-Home-20260401-1000-20260511161109-7f310608.html","200","preserved-sharepoint-derivative","coop-not-enabled|coep-not-enabled|corp-not-enabled|wildcard-cors-public-static|server-header-discloses-edge"
"https://jeremyfontenot.online/evidence-library/preserved-sharepoint/source/docs/business/sharepoint/Artifacts/Change-Home-20260401-1000-de345b7b.html","200","preserved-sharepoint-derivative","coop-not-enabled|coep-not-enabled|corp-not-enabled|wildcard-cors-public-static|server-header-discloses-edge"
"https://jeremyfontenot.online/evidence-library/preserved-sharepoint/source/docs/business/sharepoint/Artifacts/Change-Identity-20260307-0200-20260511161109-9a80e78a.html","200","preserved-sharepoint-derivative","coop-not-enabled|coep-not-enabled|corp-not-enabled|wildcard-cors-public-static|server-header-discloses-edge"
"https://jeremyfontenot.online/evidence-library/preserved-sharepoint/source/docs/business/sharepoint/Artifacts/Change-Identity-20260307-0200-69e183ea.html","200","preserved-sharepoint-derivative","coop-not-enabled|coep-not-enabled|corp-not-enabled|wildcard-cors-public-static|server-header-discloses-edge"
"https://jeremyfontenot.online/evidence-library/preserved-sharepoint/source/docs/business/sharepoint/Artifacts/Change-Identity-and-Security-20260223-0409-20260511161109-7d74774e.html","200","preserved-sharepoint-derivative","coop-not-enabled|coep-not-enabled|corp-not-enabled|wildcard-cors-public-static|server-header-discloses-edge"
"https://jeremyfontenot.online/evidence-library/preserved-sharepoint/source/docs/business/sharepoint/Artifacts/Change-Identity-and-Security-20260223-0409-b7321ccd.html","200","preserved-sharepoint-derivative","coop-not-enabled|coep-not-enabled|corp-not-enabled|wildcard-cors-public-static|server-header-discloses-edge"
"https://jeremyfontenot.online/evidence-library/preserved-sharepoint/source/docs/business/sharepoint/Artifacts/Change-Identity-and-Security-20260223-0417-20260511161109-c999dc69.html","200","preserved-sharepoint-derivative","coop-not-enabled|coep-not-enabled|corp-not-enabled|wildcard-cors-public-static|server-header-discloses-edge"
"https://jeremyfontenot.online/evidence-library/preserved-sharepoint/source/docs/business/sharepoint/Artifacts/Change-Identity-and-Security-20260223-0417-34bd163d.html","200","preserved-sharepoint-derivative","coop-not-enabled|coep-not-enabled|corp-not-enabled|wildcard-cors-public-static|server-header-discloses-edge"
"https://jeremyfontenot.online/evidence-library/preserved-sharepoint/source/docs/business/sharepoint/Artifacts/Change-Identity-and-Security-20260223-0426-20260511161109-6ea07d84.html","200","preserved-sharepoint-derivative","coop-not-enabled|coep-not-enabled|corp-not-enabled|wildcard-cors-public-static|server-header-discloses-edge"
"https://jeremyfontenot.online/evidence-library/preserved-sharepoint/source/docs/business/sharepoint/Artifacts/Change-Identity-and-Security-20260223-0426-36a27814.html","200","preserved-sharepoint-derivative","coop-not-enabled|coep-not-enabled|corp-not-enabled|wildcard-cors-public-static|server-header-discloses-edge"
"https://jeremyfontenot.online/evidence-library/preserved-sharepoint/source/docs/business/sharepoint/Artifacts/Change-Identity-and-Security-20260223-0738-20260511161109-26e1777d.html","200","preserved-sharepoint-derivative","coop-not-enabled|coep-not-enabled|corp-not-enabled|wildcard-cors-public-static|server-header-discloses-edge"
"https://jeremyfontenot.online/evidence-library/preserved-sharepoint/source/docs/business/sharepoint/Artifacts/Change-Identity-and-Security-20260223-0738-ecb2d109.html","200","preserved-sharepoint-derivative","coop-not-enabled|coep-not-enabled|corp-not-enabled|wildcard-cors-public-static|server-header-discloses-edge"
"https://jeremyfontenot.online/evidence-library/preserved-sharepoint/source/docs/business/sharepoint/Artifacts/Change-Identity-and-Security-20260223-0742-20260511161109-57f5c8e7.html","200","preserved-sharepoint-derivative","coop-not-enabled|coep-not-enabled|corp-not-enabled|wildcard-cors-public-static|server-header-discloses-edge"
"https://jeremyfontenot.online/evidence-library/preserved-sharepoint/source/docs/business/sharepoint/Artifacts/Change-Identity-and-Security-20260223-0742-b2d48bd4.html","200","preserved-sharepoint-derivative","coop-not-enabled|coep-not-enabled|corp-not-enabled|wildcard-cors-public-static|server-header-discloses-edge"
"https://jeremyfontenot.online/evidence-library/preserved-sharepoint/source/docs/business/sharepoint/Artifacts/Change-Identity-and-Security-20260403-0300-20260511161109-53549779.html","200","preserved-sharepoint-derivative","coop-not-enabled|coep-not-enabled|corp-not-enabled|wildcard-cors-public-static|server-header-discloses-edge"
"https://jeremyfontenot.online/evidence-library/preserved-sharepoint/source/docs/business/sharepoint/Artifacts/Change-Identity-and-Security-20260403-0300-91ea30e5.html","200","preserved-sharepoint-derivative","coop-not-enabled|coep-not-enabled|corp-not-enabled|wildcard-cors-public-static|server-header-discloses-edge"
"https://jeremyfontenot.online/evidence-library/preserved-sharepoint/source/docs/business/sharepoint/Artifacts/Change-Intune-20260307-0200-20260511161109-9558d786.html","200","preserved-sharepoint-derivative","coop-not-enabled|coep-not-enabled|corp-not-enabled|wildcard-cors-public-static|server-header-discloses-edge"
"https://jeremyfontenot.online/evidence-library/preserved-sharepoint/source/docs/business/sharepoint/Artifacts/Change-Intune-20260307-0200-9d9e620c.html","200","preserved-sharepoint-derivative","coop-not-enabled|coep-not-enabled|corp-not-enabled|wildcard-cors-public-static|server-header-discloses-edge"
"https://jeremyfontenot.online/evidence-library/preserved-sharepoint/source/docs/business/sharepoint/Artifacts/Change-Lab-Overview-20260307-0200-20260511161110-0b198938.html","200","preserved-sharepoint-derivative","coop-not-enabled|coep-not-enabled|corp-not-enabled|wildcard-cors-public-static|server-header-discloses-edge"
"https://jeremyfontenot.online/evidence-library/preserved-sharepoint/source/docs/business/sharepoint/Artifacts/Change-Lab-Overview-20260307-0200-e61b68d9.html","200","preserved-sharepoint-derivative","coop-not-enabled|coep-not-enabled|corp-not-enabled|wildcard-cors-public-static|server-header-discloses-edge"
"https://jeremyfontenot.online/evidence-library/preserved-sharepoint/source/docs/business/sharepoint/Artifacts/Change-Log-015181d1.html","200","preserved-sharepoint-derivative","coop-not-enabled|coep-not-enabled|corp-not-enabled|wildcard-cors-public-static|server-header-discloses-edge"
"https://jeremyfontenot.online/evidence-library/preserved-sharepoint/source/docs/business/sharepoint/Artifacts/Change-Log-20260511161110-89d544a4.html","200","preserved-sharepoint-derivative","coop-not-enabled|coep-not-enabled|corp-not-enabled|wildcard-cors-public-static|server-header-discloses-edge"
"https://jeremyfontenot.online/evidence-library/preserved-sharepoint/source/docs/business/sharepoint/Artifacts/Change-New-Home-20260223-0410-20260511161110-6e7b0160.html","200","preserved-sharepoint-derivative","coop-not-enabled|coep-not-enabled|corp-not-enabled|wildcard-cors-public-static|server-header-discloses-edge"
"https://jeremyfontenot.online/evidence-library/preserved-sharepoint/source/docs/business/sharepoint/Artifacts/Change-New-Home-20260223-0410-c8d20c78.html","200","preserved-sharepoint-derivative","coop-not-enabled|coep-not-enabled|corp-not-enabled|wildcard-cors-public-static|server-header-discloses-edge"
"https://jeremyfontenot.online/evidence-library/preserved-sharepoint/source/docs/business/sharepoint/Artifacts/Change-New-Home-20260223-0418-01f0c98c.html","200","preserved-sharepoint-derivative","coop-not-enabled|coep-not-enabled|corp-not-enabled|wildcard-cors-public-static|server-header-discloses-edge"
"https://jeremyfontenot.online/evidence-library/preserved-sharepoint/source/docs/business/sharepoint/Artifacts/Change-New-Home-20260223-0418-20260511161110-d4924690.html","200","preserved-sharepoint-derivative","coop-not-enabled|coep-not-enabled|corp-not-enabled|wildcard-cors-public-static|server-header-discloses-edge"
"https://jeremyfontenot.online/evidence-library/preserved-sharepoint/source/docs/business/sharepoint/Artifacts/Change-New-Home-20260223-0427-20260511161110-705b4a81.html","200","preserved-sharepoint-derivative","coop-not-enabled|coep-not-enabled|corp-not-enabled|wildcard-cors-public-static|server-header-discloses-edge"
"https://jeremyfontenot.online/evidence-library/preserved-sharepoint/source/docs/business/sharepoint/Artifacts/Change-New-Home-20260223-0427-379a3125.html","200","preserved-sharepoint-derivative","coop-not-enabled|coep-not-enabled|corp-not-enabled|wildcard-cors-public-static|server-header-discloses-edge"
"https://jeremyfontenot.online/evidence-library/preserved-sharepoint/source/docs/business/sharepoint/Artifacts/Change-New-Home-20260223-0738-20260511161110-1cf3f05c.html","200","preserved-sharepoint-derivative","coop-not-enabled|coep-not-enabled|corp-not-enabled|wildcard-cors-public-static|server-header-discloses-edge"
"https://jeremyfontenot.online/evidence-library/preserved-sharepoint/source/docs/business/sharepoint/Artifacts/Change-New-Home-20260223-0738-fa24b0d0.html","200","preserved-sharepoint-derivative","coop-not-enabled|coep-not-enabled|corp-not-enabled|wildcard-cors-public-static|server-header-discloses-edge"
"https://jeremyfontenot.online/evidence-library/preserved-sharepoint/source/docs/business/sharepoint/Artifacts/Change-New-Home-20260223-0742-20260511161110-e097e534.html","200","preserved-sharepoint-derivative","coop-not-enabled|coep-not-enabled|corp-not-enabled|wildcard-cors-public-static|server-header-discloses-edge"
"https://jeremyfontenot.online/evidence-library/preserved-sharepoint/source/docs/business/sharepoint/Artifacts/Change-New-Home-20260223-0742-4c2132b9.html","200","preserved-sharepoint-derivative","coop-not-enabled|coep-not-enabled|corp-not-enabled|wildcard-cors-public-static|server-header-discloses-edge"
"https://jeremyfontenot.online/evidence-library/preserved-sharepoint/source/docs/business/sharepoint/Artifacts/Change-New-Home-20260227-0849-15c04b1c.html","200","preserved-sharepoint-derivative","coop-not-enabled|coep-not-enabled|corp-not-enabled|wildcard-cors-public-static|server-header-discloses-edge"
"https://jeremyfontenot.online/evidence-library/preserved-sharepoint/source/docs/business/sharepoint/Artifacts/Change-New-Home-20260227-0849-20260511161110-7d2e8693.html","200","preserved-sharepoint-derivative","coop-not-enabled|coep-not-enabled|corp-not-enabled|wildcard-cors-public-static|server-header-discloses-edge"
"https://jeremyfontenot.online/evidence-library/preserved-sharepoint/source/docs/business/sharepoint/Artifacts/Change-New-Home-20260227-1151-20260511161110-eb9becc8.html","200","preserved-sharepoint-derivative","coop-not-enabled|coep-not-enabled|corp-not-enabled|wildcard-cors-public-static|server-header-discloses-edge"
"https://jeremyfontenot.online/evidence-library/preserved-sharepoint/source/docs/business/sharepoint/Artifacts/Change-New-Home-20260227-1151-84450a1c.html","200","preserved-sharepoint-derivative","coop-not-enabled|coep-not-enabled|corp-not-enabled|wildcard-cors-public-static|server-header-discloses-edge"
"https://jeremyfontenot.online/evidence-library/preserved-sharepoint/source/docs/business/sharepoint/Artifacts/Change-New-Home-20260227-1753-20260511161110-3c39c62b.html","200","preserved-sharepoint-derivative","coop-not-enabled|coep-not-enabled|corp-not-enabled|wildcard-cors-public-static|server-header-discloses-edge"
"https://jeremyfontenot.online/evidence-library/preserved-sharepoint/source/docs/business/sharepoint/Artifacts/Change-New-Home-20260227-1753-92810c01.html","200","preserved-sharepoint-derivative","coop-not-enabled|coep-not-enabled|corp-not-enabled|wildcard-cors-public-static|server-header-discloses-edge"
"https://jeremyfontenot.online/evidence-library/preserved-sharepoint/source/docs/business/sharepoint/Artifacts/Change-Portfolio-Summary-20260306-0345-20260511161110-0e29be26.html","200","preserved-sharepoint-derivative","coop-not-enabled|coep-not-enabled|corp-not-enabled|wildcard-cors-public-static|server-header-discloses-edge"
"https://jeremyfontenot.online/evidence-library/preserved-sharepoint/source/docs/business/sharepoint/Artifacts/Change-Portfolio-Summary-20260306-0345-670abf9c.html","200","preserved-sharepoint-derivative","coop-not-enabled|coep-not-enabled|corp-not-enabled|wildcard-cors-public-static|server-header-discloses-edge"
"https://jeremyfontenot.online/evidence-library/preserved-sharepoint/source/docs/business/sharepoint/Artifacts/Change-Power-Platform-20260223-0410-20260511161110-e785f649.html","200","preserved-sharepoint-derivative","coop-not-enabled|coep-not-enabled|corp-not-enabled|wildcard-cors-public-static|server-header-discloses-edge"
"https://jeremyfontenot.online/evidence-library/preserved-sharepoint/source/docs/business/sharepoint/Artifacts/Change-Power-Platform-20260223-0410-551cde47.html","200","preserved-sharepoint-derivative","coop-not-enabled|coep-not-enabled|corp-not-enabled|wildcard-cors-public-static|server-header-discloses-edge"
"https://jeremyfontenot.online/evidence-library/preserved-sharepoint/source/docs/business/sharepoint/Artifacts/Change-Power-Platform-20260223-0418-20260511161110-40041b30.html","200","preserved-sharepoint-derivative","coop-not-enabled|coep-not-enabled|corp-not-enabled|wildcard-cors-public-static|server-header-discloses-edge"
"https://jeremyfontenot.online/evidence-library/preserved-sharepoint/source/docs/business/sharepoint/Artifacts/Change-Power-Platform-20260223-0418-bc237196.html","200","preserved-sharepoint-derivative","coop-not-enabled|coep-not-enabled|corp-not-enabled|wildcard-cors-public-static|server-header-discloses-edge"
"https://jeremyfontenot.online/evidence-library/preserved-sharepoint/source/docs/business/sharepoint/Artifacts/Change-Power-Platform-20260223-0427-20260511161110-6bf507b4.html","200","preserved-sharepoint-derivative","coop-not-enabled|coep-not-enabled|corp-not-enabled|wildcard-cors-public-static|server-header-discloses-edge"
"https://jeremyfontenot.online/evidence-library/preserved-sharepoint/source/docs/business/sharepoint/Artifacts/Change-Power-Platform-20260223-0427-cfa842e3.html","200","preserved-sharepoint-derivative","coop-not-enabled|coep-not-enabled|corp-not-enabled|wildcard-cors-public-static|server-header-discloses-edge"
"https://jeremyfontenot.online/evidence-library/preserved-sharepoint/source/docs/business/sharepoint/Artifacts/Change-Power-Platform-20260223-0738-20260511161110-9b86fd09.html","200","preserved-sharepoint-derivative","coop-not-enabled|coep-not-enabled|corp-not-enabled|wildcard-cors-public-static|server-header-discloses-edge"
"https://jeremyfontenot.online/evidence-library/preserved-sharepoint/source/docs/business/sharepoint/Artifacts/Change-Power-Platform-20260223-0738-4b6f5ca4.html","200","preserved-sharepoint-derivative","coop-not-enabled|coep-not-enabled|corp-not-enabled|wildcard-cors-public-static|server-header-discloses-edge"
"https://jeremyfontenot.online/evidence-library/preserved-sharepoint/source/docs/business/sharepoint/Artifacts/Change-Power-Platform-20260223-0742-20260511161110-20266b4d.html","200","preserved-sharepoint-derivative","coop-not-enabled|coep-not-enabled|corp-not-enabled|wildcard-cors-public-static|server-header-discloses-edge"
"https://jeremyfontenot.online/evidence-library/preserved-sharepoint/source/docs/business/sharepoint/Artifacts/Change-Power-Platform-20260223-0742-7b06af34.html","200","preserved-sharepoint-derivative","coop-not-enabled|coep-not-enabled|corp-not-enabled|wildcard-cors-public-static|server-header-discloses-edge"
"https://jeremyfontenot.online/evidence-library/preserved-sharepoint/source/docs/business/sharepoint/Artifacts/Change-Scripts-Used-20260223-0409-20260511161110-f77b2425.html","200","preserved-sharepoint-derivative","coop-not-enabled|coep-not-enabled|corp-not-enabled|wildcard-cors-public-static|server-header-discloses-edge"
"https://jeremyfontenot.online/evidence-library/preserved-sharepoint/source/docs/business/sharepoint/Artifacts/Change-Scripts-Used-20260223-0409-720b13f0.html","200","preserved-sharepoint-derivative","coop-not-enabled|coep-not-enabled|corp-not-enabled|wildcard-cors-public-static|server-header-discloses-edge"
"https://jeremyfontenot.online/evidence-library/preserved-sharepoint/source/docs/business/sharepoint/Artifacts/Change-Scripts-Used-20260223-0417-20260511161110-42bde8f4.html","200","preserved-sharepoint-derivative","coop-not-enabled|coep-not-enabled|corp-not-enabled|wildcard-cors-public-static|server-header-discloses-edge"
"https://jeremyfontenot.online/evidence-library/preserved-sharepoint/source/docs/business/sharepoint/Artifacts/Change-Scripts-Used-20260223-0417-88426b74.html","200","preserved-sharepoint-derivative","coop-not-enabled|coep-not-enabled|corp-not-enabled|wildcard-cors-public-static|server-header-discloses-edge"
"https://jeremyfontenot.online/evidence-library/preserved-sharepoint/source/docs/business/sharepoint/Artifacts/Change-Scripts-Used-20260223-0426-20260511161110-c1e896eb.html","200","preserved-sharepoint-derivative","coop-not-enabled|coep-not-enabled|corp-not-enabled|wildcard-cors-public-static|server-header-discloses-edge"
"https://jeremyfontenot.online/evidence-library/preserved-sharepoint/source/docs/business/sharepoint/Artifacts/Change-Scripts-Used-20260223-0426-8123f7c5.html","200","preserved-sharepoint-derivative","coop-not-enabled|coep-not-enabled|corp-not-enabled|wildcard-cors-public-static|server-header-discloses-edge"
"https://jeremyfontenot.online/evidence-library/preserved-sharepoint/source/docs/business/sharepoint/Artifacts/Change-Scripts-Used-20260223-0737-1041a30f.html","200","preserved-sharepoint-derivative","coop-not-enabled|coep-not-enabled|corp-not-enabled|wildcard-cors-public-static|server-header-discloses-edge"
"https://jeremyfontenot.online/evidence-library/preserved-sharepoint/source/docs/business/sharepoint/Artifacts/Change-Scripts-Used-20260223-0737-20260511161110-21c10011.html","200","preserved-sharepoint-derivative","coop-not-enabled|coep-not-enabled|corp-not-enabled|wildcard-cors-public-static|server-header-discloses-edge"
"https://jeremyfontenot.online/evidence-library/preserved-sharepoint/source/docs/business/sharepoint/Artifacts/Change-Scripts-Used-20260223-0741-20260511161110-e687ea36.html","200","preserved-sharepoint-derivative","coop-not-enabled|coep-not-enabled|corp-not-enabled|wildcard-cors-public-static|server-header-discloses-edge"
"https://jeremyfontenot.online/evidence-library/preserved-sharepoint/source/docs/business/sharepoint/Artifacts/Change-Scripts-Used-20260223-0741-56e263e1.html","200","preserved-sharepoint-derivative","coop-not-enabled|coep-not-enabled|corp-not-enabled|wildcard-cors-public-static|server-header-discloses-edge"
"https://jeremyfontenot.online/evidence-library/preserved-sharepoint/source/docs/business/sharepoint/Artifacts/Change-Scripts-Used_BACKUP_20260227-205559-20260228-0200-20260511161110-963b1fe4.html","200","preserved-sharepoint-derivative","coop-not-enabled|coep-not-enabled|corp-not-enabled|wildcard-cors-public-static|server-header-discloses-edge"
"https://jeremyfontenot.online/evidence-library/preserved-sharepoint/source/docs/business/sharepoint/Artifacts/Change-Scripts-Used_BACKUP_20260227-205559-20260228-0200-371564c9.html","200","preserved-sharepoint-derivative","coop-not-enabled|coep-not-enabled|corp-not-enabled|wildcard-cors-public-static|server-header-discloses-edge"
"https://jeremyfontenot.online/evidence-library/preserved-sharepoint/source/docs/business/sharepoint/Artifacts/Change-Scripts-and-Automation-20260223-0410-20260511161110-c00ec8c4.html","200","preserved-sharepoint-derivative","coop-not-enabled|coep-not-enabled|corp-not-enabled|wildcard-cors-public-static|server-header-discloses-edge"
"https://jeremyfontenot.online/evidence-library/preserved-sharepoint/source/docs/business/sharepoint/Artifacts/Change-Scripts-and-Automation-20260223-0410-5650ff5f.html","200","preserved-sharepoint-derivative","coop-not-enabled|coep-not-enabled|corp-not-enabled|wildcard-cors-public-static|server-header-discloses-edge"
"https://jeremyfontenot.online/evidence-library/preserved-sharepoint/source/docs/business/sharepoint/Artifacts/Change-Scripts-and-Automation-20260223-0418-20260511161110-44bd9af6.html","200","preserved-sharepoint-derivative","coop-not-enabled|coep-not-enabled|corp-not-enabled|wildcard-cors-public-static|server-header-discloses-edge"
"https://jeremyfontenot.online/evidence-library/preserved-sharepoint/source/docs/business/sharepoint/Artifacts/Change-Scripts-and-Automation-20260223-0418-614cc23b.html","200","preserved-sharepoint-derivative","coop-not-enabled|coep-not-enabled|corp-not-enabled|wildcard-cors-public-static|server-header-discloses-edge"
"https://jeremyfontenot.online/evidence-library/preserved-sharepoint/source/docs/business/sharepoint/Artifacts/Change-Scripts-and-Automation-20260223-0427-20260511161110-c6c91444.html","200","preserved-sharepoint-derivative","coop-not-enabled|coep-not-enabled|corp-not-enabled|wildcard-cors-public-static|server-header-discloses-edge"
"https://jeremyfontenot.online/evidence-library/preserved-sharepoint/source/docs/business/sharepoint/Artifacts/Change-Scripts-and-Automation-20260223-0427-e0ba3d88.html","200","preserved-sharepoint-derivative","coop-not-enabled|coep-not-enabled|corp-not-enabled|wildcard-cors-public-static|server-header-discloses-edge"
"https://jeremyfontenot.online/evidence-library/preserved-sharepoint/source/docs/business/sharepoint/Artifacts/Change-Scripts-and-Automation-20260223-0738-20260511161110-56cd4fc2.html","200","preserved-sharepoint-derivative","coop-not-enabled|coep-not-enabled|corp-not-enabled|wildcard-cors-public-static|server-header-discloses-edge"
"https://jeremyfontenot.online/evidence-library/preserved-sharepoint/source/docs/business/sharepoint/Artifacts/Change-Scripts-and-Automation-20260223-0738-f770d6b1.html","200","preserved-sharepoint-derivative","coop-not-enabled|coep-not-enabled|corp-not-enabled|wildcard-cors-public-static|server-header-discloses-edge"
"https://jeremyfontenot.online/evidence-library/preserved-sharepoint/source/docs/business/sharepoint/Artifacts/Change-Scripts-and-Automation-20260223-0742-20260511161110-a9e1479a.html","200","preserved-sharepoint-derivative","coop-not-enabled|coep-not-enabled|corp-not-enabled|wildcard-cors-public-static|server-header-discloses-edge"
"https://jeremyfontenot.online/evidence-library/preserved-sharepoint/source/docs/business/sharepoint/Artifacts/Change-Scripts-and-Automation-20260223-0742-d89bc3de.html","200","preserved-sharepoint-derivative","coop-not-enabled|coep-not-enabled|corp-not-enabled|wildcard-cors-public-static|server-header-discloses-edge"
"https://jeremyfontenot.online/evidence-library/preserved-sharepoint/source/docs/business/sharepoint/Artifacts/Change-Security-20260307-0200-20260511161110-e87b3f08.html","200","preserved-sharepoint-derivative","coop-not-enabled|coep-not-enabled|corp-not-enabled|wildcard-cors-public-static|server-header-discloses-edge"
"https://jeremyfontenot.online/evidence-library/preserved-sharepoint/source/docs/business/sharepoint/Artifacts/Change-Security-20260307-0200-ab28f2c2.html","200","preserved-sharepoint-derivative","coop-not-enabled|coep-not-enabled|corp-not-enabled|wildcard-cors-public-static|server-header-discloses-edge"
"https://jeremyfontenot.online/evidence-library/preserved-sharepoint/source/docs/business/sharepoint/Artifacts/Change-Validation-20260306-0345-20260511161110-c1e76e00.html","200","preserved-sharepoint-derivative","coop-not-enabled|coep-not-enabled|corp-not-enabled|wildcard-cors-public-static|server-header-discloses-edge"
"https://jeremyfontenot.online/evidence-library/preserved-sharepoint/source/docs/business/sharepoint/Artifacts/Change-Validation-20260306-0345-859e9627.html","200","preserved-sharepoint-derivative","coop-not-enabled|coep-not-enabled|corp-not-enabled|wildcard-cors-public-static|server-header-discloses-edge"
"https://jeremyfontenot.online/evidence-library/preserved-sharepoint/source/docs/business/sharepoint/Artifacts/Change-Validation-Results-20260511161110-452cd17a.html","200","preserved-sharepoint-derivative","coop-not-enabled|coep-not-enabled|corp-not-enabled|wildcard-cors-public-static|server-header-discloses-edge"
"https://jeremyfontenot.online/evidence-library/preserved-sharepoint/source/docs/business/sharepoint/Artifacts/Change-Validation-Results-eaf55dbf.html","200","preserved-sharepoint-derivative","coop-not-enabled|coep-not-enabled|corp-not-enabled|wildcard-cors-public-static|server-header-discloses-edge"
"https://jeremyfontenot.online/evidence-library/preserved-sharepoint/source/docs/business/sharepoint/Artifacts/Cleanup-Summary-20260511161110-a28bc196.html","200","preserved-sharepoint-derivative","coop-not-enabled|coep-not-enabled|corp-not-enabled|wildcard-cors-public-static|server-header-discloses-edge"
"https://jeremyfontenot.online/evidence-library/preserved-sharepoint/source/docs/business/sharepoint/Artifacts/Cleanup-Summary-b1f1521b.html","200","preserved-sharepoint-derivative","coop-not-enabled|coep-not-enabled|corp-not-enabled|wildcard-cors-public-static|server-header-discloses-edge"
"https://jeremyfontenot.online/evidence-library/preserved-sharepoint/source/docs/business/sharepoint/Artifacts/Collaboration-20260511161110-1e425076.html","200","preserved-sharepoint-derivative","coop-not-enabled|coep-not-enabled|corp-not-enabled|wildcard-cors-public-static|server-header-discloses-edge"
"https://jeremyfontenot.online/evidence-library/preserved-sharepoint/source/docs/business/sharepoint/Artifacts/Collaboration-89867414.html","200","preserved-sharepoint-derivative","coop-not-enabled|coep-not-enabled|corp-not-enabled|wildcard-cors-public-static|server-header-discloses-edge"
"https://jeremyfontenot.online/evidence-library/preserved-sharepoint/source/docs/business/sharepoint/Artifacts/Conditional-Access-20260511161110-b20d2846.html","200","preserved-sharepoint-derivative","coop-not-enabled|coep-not-enabled|corp-not-enabled|wildcard-cors-public-static|server-header-discloses-edge"
"https://jeremyfontenot.online/evidence-library/preserved-sharepoint/source/docs/business/sharepoint/Artifacts/Conditional-Access-3621a29a.html","200","preserved-sharepoint-derivative","coop-not-enabled|coep-not-enabled|corp-not-enabled|wildcard-cors-public-static|server-header-discloses-edge"
"https://jeremyfontenot.online/evidence-library/preserved-sharepoint/source/docs/business/sharepoint/Artifacts/Documentation-91df712a-708f872b.html","200","preserved-sharepoint-derivative","coop-not-enabled|coep-not-enabled|corp-not-enabled|wildcard-cors-public-static|server-header-discloses-edge"
"https://jeremyfontenot.online/evidence-library/preserved-sharepoint/source/docs/business/sharepoint/Artifacts/Documentation-ed718654.html","200","preserved-sharepoint-derivative","coop-not-enabled|coep-not-enabled|corp-not-enabled|wildcard-cors-public-static|server-header-discloses-edge"
"https://jeremyfontenot.online/evidence-library/preserved-sharepoint/source/docs/business/sharepoint/Artifacts/Endpoint-Management-20260511161111-018695c5.html","200","preserved-sharepoint-derivative","coop-not-enabled|coep-not-enabled|corp-not-enabled|wildcard-cors-public-static|server-header-discloses-edge"
"https://jeremyfontenot.online/evidence-library/preserved-sharepoint/source/docs/business/sharepoint/Artifacts/Endpoint-Management-4d1bf51c.html","200","preserved-sharepoint-derivative","coop-not-enabled|coep-not-enabled|corp-not-enabled|wildcard-cors-public-static|server-header-discloses-edge"
"https://jeremyfontenot.online/evidence-library/preserved-sharepoint/source/docs/business/sharepoint/Artifacts/Endpoint-Management-Intune-15eb3f84.html","200","preserved-sharepoint-derivative","coop-not-enabled|coep-not-enabled|corp-not-enabled|wildcard-cors-public-static|server-header-discloses-edge"
"https://jeremyfontenot.online/evidence-library/preserved-sharepoint/source/docs/business/sharepoint/Artifacts/Endpoint-Management-Intune-20260511161111-afaf08ba.html","200","preserved-sharepoint-derivative","coop-not-enabled|coep-not-enabled|corp-not-enabled|wildcard-cors-public-static|server-header-discloses-edge"
"https://jeremyfontenot.online/evidence-library/preserved-sharepoint/source/docs/business/sharepoint/Artifacts/Exchange-20260511161111-8668ee2c.html","200","preserved-sharepoint-derivative","coop-not-enabled|coep-not-enabled|corp-not-enabled|wildcard-cors-public-static|server-header-discloses-edge"
"https://jeremyfontenot.online/evidence-library/preserved-sharepoint/source/docs/business/sharepoint/Artifacts/Exchange-Online-20260511161111-08758f87.html","200","preserved-sharepoint-derivative","coop-not-enabled|coep-not-enabled|corp-not-enabled|wildcard-cors-public-static|server-header-discloses-edge"
"https://jeremyfontenot.online/evidence-library/preserved-sharepoint/source/docs/business/sharepoint/Artifacts/Exchange-Online-82fdceb9.html","200","preserved-sharepoint-derivative","coop-not-enabled|coep-not-enabled|corp-not-enabled|wildcard-cors-public-static|server-header-discloses-edge"
"https://jeremyfontenot.online/evidence-library/preserved-sharepoint/source/docs/business/sharepoint/Artifacts/Exchange-Setup-20260511161111-dfda766d.html","200","preserved-sharepoint-derivative","coop-not-enabled|coep-not-enabled|corp-not-enabled|wildcard-cors-public-static|server-header-discloses-edge"
"https://jeremyfontenot.online/evidence-library/preserved-sharepoint/source/docs/business/sharepoint/Artifacts/Exchange-Setup-29dacd72.html","200","preserved-sharepoint-derivative","coop-not-enabled|coep-not-enabled|corp-not-enabled|wildcard-cors-public-static|server-header-discloses-edge"
"https://jeremyfontenot.online/evidence-library/preserved-sharepoint/source/docs/business/sharepoint/Artifacts/Exchange-ad81f63e.html","200","preserved-sharepoint-derivative","coop-not-enabled|coep-not-enabled|corp-not-enabled|wildcard-cors-public-static|server-header-discloses-edge"
"https://jeremyfontenot.online/evidence-library/preserved-sharepoint/source/docs/business/sharepoint/Artifacts/Final-Deliverables-20260511161111-c92d79d8.html","200","preserved-sharepoint-derivative","coop-not-enabled|coep-not-enabled|corp-not-enabled|wildcard-cors-public-static|server-header-discloses-edge"
"https://jeremyfontenot.online/evidence-library/preserved-sharepoint/source/docs/business/sharepoint/Artifacts/Final-Deliverables-8c1217e9.html","200","preserved-sharepoint-derivative","coop-not-enabled|coep-not-enabled|corp-not-enabled|wildcard-cors-public-static|server-header-discloses-edge"
"https://jeremyfontenot.online/evidence-library/preserved-sharepoint/source/docs/business/sharepoint/Artifacts/Home-20260511161059-1d1d87e1.html","200","preserved-sharepoint-derivative","coop-not-enabled|coep-not-enabled|corp-not-enabled|wildcard-cors-public-static|server-header-discloses-edge"
"https://jeremyfontenot.online/evidence-library/preserved-sharepoint/source/docs/business/sharepoint/Artifacts/Home-20260511161111-b244551d.html","200","preserved-sharepoint-derivative","coop-not-enabled|coep-not-enabled|corp-not-enabled|wildcard-cors-public-static|server-header-discloses-edge"
"https://jeremyfontenot.online/evidence-library/preserved-sharepoint/source/docs/business/sharepoint/Artifacts/Home-2fe3b3f2.html","200","preserved-sharepoint-derivative","coop-not-enabled|coep-not-enabled|corp-not-enabled|wildcard-cors-public-static|server-header-discloses-edge"
"https://jeremyfontenot.online/evidence-library/preserved-sharepoint/source/docs/business/sharepoint/Artifacts/Home-f3b8e315-c3263300.html","200","preserved-sharepoint-derivative","coop-not-enabled|coep-not-enabled|corp-not-enabled|wildcard-cors-public-static|server-header-discloses-edge"
"https://jeremyfontenot.online/evidence-library/preserved-sharepoint/source/docs/business/sharepoint/Artifacts/Identity-08dfd8a5.html","200","preserved-sharepoint-derivative","coop-not-enabled|coep-not-enabled|corp-not-enabled|wildcard-cors-public-static|server-header-discloses-edge"
"https://jeremyfontenot.online/evidence-library/preserved-sharepoint/source/docs/business/sharepoint/Artifacts/Identity-20260511161111-134a13eb.html","200","preserved-sharepoint-derivative","coop-not-enabled|coep-not-enabled|corp-not-enabled|wildcard-cors-public-static|server-header-discloses-edge"
"https://jeremyfontenot.online/evidence-library/preserved-sharepoint/source/docs/business/sharepoint/Artifacts/Identity-Setup-20260511161111-213ded75.html","200","preserved-sharepoint-derivative","coop-not-enabled|coep-not-enabled|corp-not-enabled|wildcard-cors-public-static|server-header-discloses-edge"
"https://jeremyfontenot.online/evidence-library/preserved-sharepoint/source/docs/business/sharepoint/Artifacts/Identity-Setup-2c1e52e5.html","200","preserved-sharepoint-derivative","coop-not-enabled|coep-not-enabled|corp-not-enabled|wildcard-cors-public-static|server-header-discloses-edge"
"https://jeremyfontenot.online/evidence-library/preserved-sharepoint/source/docs/business/sharepoint/Artifacts/Identity-and-Security-20260511161111-d0563c7c.html","200","preserved-sharepoint-derivative","coop-not-enabled|coep-not-enabled|corp-not-enabled|wildcard-cors-public-static|server-header-discloses-edge"
"https://jeremyfontenot.online/evidence-library/preserved-sharepoint/source/docs/business/sharepoint/Artifacts/Identity-and-Security-463e535f.html","200","preserved-sharepoint-derivative","coop-not-enabled|coep-not-enabled|corp-not-enabled|wildcard-cors-public-static|server-header-discloses-edge"
"https://jeremyfontenot.online/evidence-library/preserved-sharepoint/source/docs/business/sharepoint/Artifacts/Intune-20260511161111-8a93b72a.html","200","preserved-sharepoint-derivative","coop-not-enabled|coep-not-enabled|corp-not-enabled|wildcard-cors-public-static|server-header-discloses-edge"
"https://jeremyfontenot.online/evidence-library/preserved-sharepoint/source/docs/business/sharepoint/Artifacts/Intune-3c849935.html","200","preserved-sharepoint-derivative","coop-not-enabled|coep-not-enabled|corp-not-enabled|wildcard-cors-public-static|server-header-discloses-edge"
"https://jeremyfontenot.online/evidence-library/preserved-sharepoint/source/docs/business/sharepoint/Artifacts/Intune-Setup-20260511161111-3bb99a83.html","200","preserved-sharepoint-derivative","coop-not-enabled|coep-not-enabled|corp-not-enabled|wildcard-cors-public-static|server-header-discloses-edge"
"https://jeremyfontenot.online/evidence-library/preserved-sharepoint/source/docs/business/sharepoint/Artifacts/Intune-Setup-5e7f303d.html","200","preserved-sharepoint-derivative","coop-not-enabled|coep-not-enabled|corp-not-enabled|wildcard-cors-public-static|server-header-discloses-edge"
"https://jeremyfontenot.online/evidence-library/preserved-sharepoint/source/docs/business/sharepoint/Artifacts/Lab-Overview-20260511161111-e74b0eb4.html","200","preserved-sharepoint-derivative","coop-not-enabled|coep-not-enabled|corp-not-enabled|wildcard-cors-public-static|server-header-discloses-edge"
"https://jeremyfontenot.online/evidence-library/preserved-sharepoint/source/docs/business/sharepoint/Artifacts/Lab-Overview-25136914.html","200","preserved-sharepoint-derivative","coop-not-enabled|coep-not-enabled|corp-not-enabled|wildcard-cors-public-static|server-header-discloses-edge"
"https://jeremyfontenot.online/evidence-library/preserved-sharepoint/source/docs/business/sharepoint/Artifacts/Logos-11ba76e8.html","200","preserved-sharepoint-derivative","coop-not-enabled|coep-not-enabled|corp-not-enabled|wildcard-cors-public-static|server-header-discloses-edge"
"https://jeremyfontenot.online/evidence-library/preserved-sharepoint/source/docs/business/sharepoint/Artifacts/Logos-6cadaecd-f4a36f4f.html","200","preserved-sharepoint-derivative","coop-not-enabled|coep-not-enabled|corp-not-enabled|wildcard-cors-public-static|server-header-discloses-edge"
"https://jeremyfontenot.online/evidence-library/preserved-sharepoint/source/docs/business/sharepoint/Artifacts/MFA-Enforcement-20260511161111-5404fcd8.html","200","preserved-sharepoint-derivative","coop-not-enabled|coep-not-enabled|corp-not-enabled|wildcard-cors-public-static|server-header-discloses-edge"
"https://jeremyfontenot.online/evidence-library/preserved-sharepoint/source/docs/business/sharepoint/Artifacts/MFA-Enforcement-b4231ce5.html","200","preserved-sharepoint-derivative","coop-not-enabled|coep-not-enabled|corp-not-enabled|wildcard-cors-public-static|server-header-discloses-edge"
"https://jeremyfontenot.online/evidence-library/preserved-sharepoint/source/docs/business/sharepoint/Artifacts/New-Home-20260511161111-cf9d591b.html","200","preserved-sharepoint-derivative","coop-not-enabled|coep-not-enabled|corp-not-enabled|wildcard-cors-public-static|server-header-discloses-edge"
"https://jeremyfontenot.online/evidence-library/preserved-sharepoint/source/docs/business/sharepoint/Artifacts/New-Home-2df58145.html","200","preserved-sharepoint-derivative","coop-not-enabled|coep-not-enabled|corp-not-enabled|wildcard-cors-public-static|server-header-discloses-edge"
"https://jeremyfontenot.online/evidence-library/preserved-sharepoint/source/docs/business/sharepoint/Artifacts/Operations-20260511161111-753c6219.html","200","preserved-sharepoint-derivative","coop-not-enabled|coep-not-enabled|corp-not-enabled|wildcard-cors-public-static|server-header-discloses-edge"
"https://jeremyfontenot.online/evidence-library/preserved-sharepoint/source/docs/business/sharepoint/Artifacts/Operations-bad04c2c.html","200","preserved-sharepoint-derivative","coop-not-enabled|coep-not-enabled|corp-not-enabled|wildcard-cors-public-static|server-header-discloses-edge"
"https://jeremyfontenot.online/evidence-library/preserved-sharepoint/source/docs/business/sharepoint/Artifacts/Portfolio-Summary-20260511161111-92c4ee75.html","200","preserved-sharepoint-derivative","coop-not-enabled|coep-not-enabled|corp-not-enabled|wildcard-cors-public-static|server-header-discloses-edge"
"https://jeremyfontenot.online/evidence-library/preserved-sharepoint/source/docs/business/sharepoint/Artifacts/Portfolio-Summary-57335b17.html","200","preserved-sharepoint-derivative","coop-not-enabled|coep-not-enabled|corp-not-enabled|wildcard-cors-public-static|server-header-discloses-edge"
"https://jeremyfontenot.online/evidence-library/preserved-sharepoint/source/docs/business/sharepoint/Artifacts/Power-Platform-01408014.html","200","preserved-sharepoint-derivative","coop-not-enabled|coep-not-enabled|corp-not-enabled|wildcard-cors-public-static|server-header-discloses-edge"
"https://jeremyfontenot.online/evidence-library/preserved-sharepoint/source/docs/business/sharepoint/Artifacts/Power-Platform-20260511161111-7fe75fe8.html","200","preserved-sharepoint-derivative","coop-not-enabled|coep-not-enabled|corp-not-enabled|wildcard-cors-public-static|server-header-discloses-edge"
"https://jeremyfontenot.online/evidence-library/preserved-sharepoint/source/docs/business/sharepoint/Artifacts/Resume-Summary-20260511161111-301afabd.html","200","preserved-sharepoint-derivative","coop-not-enabled|coep-not-enabled|corp-not-enabled|wildcard-cors-public-static|server-header-discloses-edge"
"https://jeremyfontenot.online/evidence-library/preserved-sharepoint/source/docs/business/sharepoint/Artifacts/Resume-Summary-4f97b4e4.html","200","preserved-sharepoint-derivative","coop-not-enabled|coep-not-enabled|corp-not-enabled|wildcard-cors-public-static|server-header-discloses-edge"
"https://jeremyfontenot.online/evidence-library/preserved-sharepoint/source/docs/business/sharepoint/Artifacts/Scripts-Automation-20260511161111-50626bcc.html","200","preserved-sharepoint-derivative","coop-not-enabled|coep-not-enabled|corp-not-enabled|wildcard-cors-public-static|server-header-discloses-edge"
"https://jeremyfontenot.online/evidence-library/preserved-sharepoint/source/docs/business/sharepoint/Artifacts/Scripts-Automation-efe5ec93.html","200","preserved-sharepoint-derivative","coop-not-enabled|coep-not-enabled|corp-not-enabled|wildcard-cors-public-static|server-header-discloses-edge"
"https://jeremyfontenot.online/evidence-library/preserved-sharepoint/source/docs/business/sharepoint/Artifacts/Scripts-Used-20260511161111-2ef24c5d.html","200","preserved-sharepoint-derivative","coop-not-enabled|coep-not-enabled|corp-not-enabled|wildcard-cors-public-static|server-header-discloses-edge"
"https://jeremyfontenot.online/evidence-library/preserved-sharepoint/source/docs/business/sharepoint/Artifacts/Scripts-Used-d392347e.html","200","preserved-sharepoint-derivative","coop-not-enabled|coep-not-enabled|corp-not-enabled|wildcard-cors-public-static|server-header-discloses-edge"
"https://jeremyfontenot.online/evidence-library/preserved-sharepoint/source/docs/business/sharepoint/Artifacts/Scripts-Used_BACKUP_20260227-205559-20260511161111-e7289908.html","200","preserved-sharepoint-derivative","coop-not-enabled|coep-not-enabled|corp-not-enabled|wildcard-cors-public-static|server-header-discloses-edge"
"https://jeremyfontenot.online/evidence-library/preserved-sharepoint/source/docs/business/sharepoint/Artifacts/Scripts-Used_BACKUP_20260227-205559-696e0c7a.html","200","preserved-sharepoint-derivative","coop-not-enabled|coep-not-enabled|corp-not-enabled|wildcard-cors-public-static|server-header-discloses-edge"
"https://jeremyfontenot.online/evidence-library/preserved-sharepoint/source/docs/business/sharepoint/Artifacts/Scripts-Used_BACKUP_20260227-210344-20260511161111-1b5a163e.html","200","preserved-sharepoint-derivative","coop-not-enabled|coep-not-enabled|corp-not-enabled|wildcard-cors-public-static|server-header-discloses-edge"
"https://jeremyfontenot.online/evidence-library/preserved-sharepoint/source/docs/business/sharepoint/Artifacts/Scripts-Used_BACKUP_20260227-210344-40d52726.html","200","preserved-sharepoint-derivative","coop-not-enabled|coep-not-enabled|corp-not-enabled|wildcard-cors-public-static|server-header-discloses-edge"
"https://jeremyfontenot.online/evidence-library/preserved-sharepoint/source/docs/business/sharepoint/Artifacts/Scripts-Used_BACKUP_20260227-210614-01425840.html","200","preserved-sharepoint-derivative","coop-not-enabled|coep-not-enabled|corp-not-enabled|wildcard-cors-public-static|server-header-discloses-edge"
"https://jeremyfontenot.online/evidence-library/preserved-sharepoint/source/docs/business/sharepoint/Artifacts/Scripts-Used_BACKUP_20260227-210614-20260511161111-8431a2fa.html","200","preserved-sharepoint-derivative","coop-not-enabled|coep-not-enabled|corp-not-enabled|wildcard-cors-public-static|server-header-discloses-edge"
"https://jeremyfontenot.online/evidence-library/preserved-sharepoint/source/docs/business/sharepoint/Artifacts/Scripts-and-Automation-20260511161111-64bf9808.html","200","preserved-sharepoint-derivative","coop-not-enabled|coep-not-enabled|corp-not-enabled|wildcard-cors-public-static|server-header-discloses-edge"
"https://jeremyfontenot.online/evidence-library/preserved-sharepoint/source/docs/business/sharepoint/Artifacts/Scripts-and-Automation-5d6e97db.html","200","preserved-sharepoint-derivative","coop-not-enabled|coep-not-enabled|corp-not-enabled|wildcard-cors-public-static|server-header-discloses-edge"
"https://jeremyfontenot.online/evidence-library/preserved-sharepoint/source/docs/business/sharepoint/Artifacts/Security-20260511161111-4a9ab859.html","200","preserved-sharepoint-derivative","coop-not-enabled|coep-not-enabled|corp-not-enabled|wildcard-cors-public-static|server-header-discloses-edge"
"https://jeremyfontenot.online/evidence-library/preserved-sharepoint/source/docs/business/sharepoint/Artifacts/Security-Baselines-1cfff7f1.html","200","preserved-sharepoint-derivative","coop-not-enabled|coep-not-enabled|corp-not-enabled|wildcard-cors-public-static|server-header-discloses-edge"
"https://jeremyfontenot.online/evidence-library/preserved-sharepoint/source/docs/business/sharepoint/Artifacts/Security-Baselines-20260511161111-6c5bd966.html","200","preserved-sharepoint-derivative","coop-not-enabled|coep-not-enabled|corp-not-enabled|wildcard-cors-public-static|server-header-discloses-edge"
"https://jeremyfontenot.online/evidence-library/preserved-sharepoint/source/docs/business/sharepoint/Artifacts/Security-Overview-20260511161111-80513ad2.html","200","preserved-sharepoint-derivative","coop-not-enabled|coep-not-enabled|corp-not-enabled|wildcard-cors-public-static|server-header-discloses-edge"
"https://jeremyfontenot.online/evidence-library/preserved-sharepoint/source/docs/business/sharepoint/Artifacts/Security-Overview-cbe30868.html","200","preserved-sharepoint-derivative","coop-not-enabled|coep-not-enabled|corp-not-enabled|wildcard-cors-public-static|server-header-discloses-edge"
"https://jeremyfontenot.online/evidence-library/preserved-sharepoint/source/docs/business/sharepoint/Artifacts/Security-d37e33fc.html","200","preserved-sharepoint-derivative","coop-not-enabled|coep-not-enabled|corp-not-enabled|wildcard-cors-public-static|server-header-discloses-edge"
"https://jeremyfontenot.online/evidence-library/preserved-sharepoint/source/docs/business/sharepoint/Artifacts/SharePoint-OneDrive-20260511161111-60128acc.html","200","preserved-sharepoint-derivative","coop-not-enabled|coep-not-enabled|corp-not-enabled|wildcard-cors-public-static|server-header-discloses-edge"
"https://jeremyfontenot.online/evidence-library/preserved-sharepoint/source/docs/business/sharepoint/Artifacts/SharePoint-OneDrive-da101bd5.html","200","preserved-sharepoint-derivative","coop-not-enabled|coep-not-enabled|corp-not-enabled|wildcard-cors-public-static|server-header-discloses-edge"
"https://jeremyfontenot.online/evidence-library/preserved-sharepoint/source/docs/business/sharepoint/Artifacts/SocialMediaKit-7257b269.html","200","preserved-sharepoint-derivative","coop-not-enabled|coep-not-enabled|corp-not-enabled|wildcard-cors-public-static|server-header-discloses-edge"
"https://jeremyfontenot.online/evidence-library/preserved-sharepoint/source/docs/business/sharepoint/Artifacts/SocialMediaKit-a4dd467d-b0bb8749.html","200","preserved-sharepoint-derivative","coop-not-enabled|coep-not-enabled|corp-not-enabled|wildcard-cors-public-static|server-header-discloses-edge"
"https://jeremyfontenot.online/evidence-library/preserved-sharepoint/source/docs/business/sharepoint/Artifacts/Start-Here-20260511161111-98a9efc0.html","200","preserved-sharepoint-derivative","coop-not-enabled|coep-not-enabled|corp-not-enabled|wildcard-cors-public-static|server-header-discloses-edge"
"https://jeremyfontenot.online/evidence-library/preserved-sharepoint/source/docs/business/sharepoint/Artifacts/Start-Here-99e3db81.html","200","preserved-sharepoint-derivative","coop-not-enabled|coep-not-enabled|corp-not-enabled|wildcard-cors-public-static|server-header-discloses-edge"
"https://jeremyfontenot.online/evidence-library/preserved-sharepoint/source/docs/business/sharepoint/Artifacts/Teams-20260511161111-7d1bf540.html","200","preserved-sharepoint-derivative","coop-not-enabled|coep-not-enabled|corp-not-enabled|wildcard-cors-public-static|server-header-discloses-edge"
"https://jeremyfontenot.online/evidence-library/preserved-sharepoint/source/docs/business/sharepoint/Artifacts/Teams-859b9f8a.html","200","preserved-sharepoint-derivative","coop-not-enabled|coep-not-enabled|corp-not-enabled|wildcard-cors-public-static|server-header-discloses-edge"
"https://jeremyfontenot.online/evidence-library/preserved-sharepoint/source/docs/business/sharepoint/Artifacts/Teams-Setup-20260511161111-444c4526.html","200","preserved-sharepoint-derivative","coop-not-enabled|coep-not-enabled|corp-not-enabled|wildcard-cors-public-static|server-header-discloses-edge"
"https://jeremyfontenot.online/evidence-library/preserved-sharepoint/source/docs/business/sharepoint/Artifacts/Teams-Setup-8f0edd8e.html","200","preserved-sharepoint-derivative","coop-not-enabled|coep-not-enabled|corp-not-enabled|wildcard-cors-public-static|server-header-discloses-edge"
"https://jeremyfontenot.online/evidence-library/preserved-sharepoint/source/docs/business/sharepoint/Artifacts/Validation-20260511161112-2fbe07ca.html","200","preserved-sharepoint-derivative","coop-not-enabled|coep-not-enabled|corp-not-enabled|wildcard-cors-public-static|server-header-discloses-edge"
"https://jeremyfontenot.online/evidence-library/preserved-sharepoint/source/docs/business/sharepoint/Artifacts/Validation-Audit-20260511161112-c3620bbb.html","200","preserved-sharepoint-derivative","coop-not-enabled|coep-not-enabled|corp-not-enabled|wildcard-cors-public-static|server-header-discloses-edge"
"https://jeremyfontenot.online/evidence-library/preserved-sharepoint/source/docs/business/sharepoint/Artifacts/Validation-Audit-3f08c348.html","200","preserved-sharepoint-derivative","coop-not-enabled|coep-not-enabled|corp-not-enabled|wildcard-cors-public-static|server-header-discloses-edge"
"https://jeremyfontenot.online/evidence-library/preserved-sharepoint/source/docs/business/sharepoint/Artifacts/Validation-Results-20260511161112-62187908.html","200","preserved-sharepoint-derivative","coop-not-enabled|coep-not-enabled|corp-not-enabled|wildcard-cors-public-static|server-header-discloses-edge"
"https://jeremyfontenot.online/evidence-library/preserved-sharepoint/source/docs/business/sharepoint/Artifacts/Validation-Results-d5fb1b4a.html","200","preserved-sharepoint-derivative","coop-not-enabled|coep-not-enabled|corp-not-enabled|wildcard-cors-public-static|server-header-discloses-edge"
"https://jeremyfontenot.online/evidence-library/preserved-sharepoint/source/docs/business/sharepoint/Artifacts/Validation-b596abe8.html","200","preserved-sharepoint-derivative","coop-not-enabled|coep-not-enabled|corp-not-enabled|wildcard-cors-public-static|server-header-discloses-edge"
"https://jeremyfontenot.online/evidence-library/preserved-sharepoint/source/docs/business/sharepoint/Artifacts/asset-inventory-ce31f9c1.html","200","preserved-sharepoint-derivative","coop-not-enabled|coep-not-enabled|corp-not-enabled|wildcard-cors-public-static|server-header-discloses-edge"
"https://jeremyfontenot.online/evidence-library/preserved-sharepoint/source/docs/business/sharepoint/Artifacts/backup-and-disaster-recovery-3426238d.html","200","preserved-sharepoint-derivative","coop-not-enabled|coep-not-enabled|corp-not-enabled|wildcard-cors-public-static|server-header-discloses-edge"
"https://jeremyfontenot.online/evidence-library/preserved-sharepoint/source/docs/business/sharepoint/Artifacts/change-management-and-validation-6a9e5753.html","200","preserved-sharepoint-derivative","coop-not-enabled|coep-not-enabled|corp-not-enabled|wildcard-cors-public-static|server-header-discloses-edge"
"https://jeremyfontenot.online/evidence-library/preserved-sharepoint/source/docs/business/sharepoint/Artifacts/identity-and-access-1c65abe0.html","200","preserved-sharepoint-derivative","coop-not-enabled|coep-not-enabled|corp-not-enabled|wildcard-cors-public-static|server-header-discloses-edge"
"https://jeremyfontenot.online/evidence-library/preserved-sharepoint/source/docs/business/sharepoint/Artifacts/index-0040a7ab-7076a04f.html","200","preserved-sharepoint-derivative","coop-not-enabled|coep-not-enabled|corp-not-enabled|wildcard-cors-public-static|server-header-discloses-edge"
"https://jeremyfontenot.online/evidence-library/preserved-sharepoint/source/docs/business/sharepoint/Artifacts/index-00bbc8e2-c43f12b7.html","200","preserved-sharepoint-derivative","coop-not-enabled|coep-not-enabled|corp-not-enabled|wildcard-cors-public-static|server-header-discloses-edge"
"https://jeremyfontenot.online/evidence-library/preserved-sharepoint/source/docs/business/sharepoint/Artifacts/index-0138f346-9c37175f.html","200","preserved-sharepoint-derivative","coop-not-enabled|coep-not-enabled|corp-not-enabled|wildcard-cors-public-static|server-header-discloses-edge"
"https://jeremyfontenot.online/evidence-library/preserved-sharepoint/source/docs/business/sharepoint/Artifacts/index-01616997-4ca6ec2a.html","200","preserved-sharepoint-derivative","coop-not-enabled|coep-not-enabled|corp-not-enabled|wildcard-cors-public-static|server-header-discloses-edge"
"https://jeremyfontenot.online/evidence-library/preserved-sharepoint/source/docs/business/sharepoint/Artifacts/index-019e4084-12eb07b3.html","200","preserved-sharepoint-derivative","coop-not-enabled|coep-not-enabled|corp-not-enabled|wildcard-cors-public-static|server-header-discloses-edge"
"https://jeremyfontenot.online/evidence-library/preserved-sharepoint/source/docs/business/sharepoint/Artifacts/index-01f80401-444fbb35.html","200","preserved-sharepoint-derivative","coop-not-enabled|coep-not-enabled|corp-not-enabled|wildcard-cors-public-static|server-header-discloses-edge"
"https://jeremyfontenot.online/evidence-library/preserved-sharepoint/source/docs/business/sharepoint/Artifacts/index-022aca64-b593d9c1.html","200","preserved-sharepoint-derivative","coop-not-enabled|coep-not-enabled|corp-not-enabled|wildcard-cors-public-static|server-header-discloses-edge"
"https://jeremyfontenot.online/evidence-library/preserved-sharepoint/source/docs/business/sharepoint/Artifacts/index-02bad4f7-fd15d643.html","200","preserved-sharepoint-derivative","coop-not-enabled|coep-not-enabled|corp-not-enabled|wildcard-cors-public-static|server-header-discloses-edge"
"https://jeremyfontenot.online/evidence-library/preserved-sharepoint/source/docs/business/sharepoint/Artifacts/index-02fd303a-1f17416a.html","200","preserved-sharepoint-derivative","coop-not-enabled|coep-not-enabled|corp-not-enabled|wildcard-cors-public-static|server-header-discloses-edge"
"https://jeremyfontenot.online/evidence-library/preserved-sharepoint/source/docs/business/sharepoint/Artifacts/index-0309c0ab-19850655.html","200","preserved-sharepoint-derivative","coop-not-enabled|coep-not-enabled|corp-not-enabled|wildcard-cors-public-static|server-header-discloses-edge"
"https://jeremyfontenot.online/evidence-library/preserved-sharepoint/source/docs/business/sharepoint/Artifacts/index-04d97eba-2b8ebb24.html","200","preserved-sharepoint-derivative","coop-not-enabled|coep-not-enabled|corp-not-enabled|wildcard-cors-public-static|server-header-discloses-edge"
"https://jeremyfontenot.online/evidence-library/preserved-sharepoint/source/docs/business/sharepoint/Artifacts/index-04ea98f4-969206e4.html","200","preserved-sharepoint-derivative","coop-not-enabled|coep-not-enabled|corp-not-enabled|wildcard-cors-public-static|server-header-discloses-edge"
"https://jeremyfontenot.online/evidence-library/preserved-sharepoint/source/docs/business/sharepoint/Artifacts/index-05133b84-e6051169.html","200","preserved-sharepoint-derivative","coop-not-enabled|coep-not-enabled|corp-not-enabled|wildcard-cors-public-static|server-header-discloses-edge"
"https://jeremyfontenot.online/evidence-library/preserved-sharepoint/source/docs/business/sharepoint/Artifacts/index-05317459-d35573a3.html","200","preserved-sharepoint-derivative","coop-not-enabled|coep-not-enabled|corp-not-enabled|wildcard-cors-public-static|server-header-discloses-edge"
"https://jeremyfontenot.online/evidence-library/preserved-sharepoint/source/docs/business/sharepoint/Artifacts/index-058262bd-8ff25d12.html","200","preserved-sharepoint-derivative","coop-not-enabled|coep-not-enabled|corp-not-enabled|wildcard-cors-public-static|server-header-discloses-edge"
"https://jeremyfontenot.online/evidence-library/preserved-sharepoint/source/docs/business/sharepoint/Artifacts/index-05bad7a6-dbedd6a2.html","200","preserved-sharepoint-derivative","coop-not-enabled|coep-not-enabled|corp-not-enabled|wildcard-cors-public-static|server-header-discloses-edge"
"https://jeremyfontenot.online/evidence-library/preserved-sharepoint/source/docs/business/sharepoint/Artifacts/index-06936b71-105e7c46.html","200","preserved-sharepoint-derivative","coop-not-enabled|coep-not-enabled|corp-not-enabled|wildcard-cors-public-static|server-header-discloses-edge"
"https://jeremyfontenot.online/evidence-library/preserved-sharepoint/source/docs/business/sharepoint/Artifacts/index-06c39145-31ea347b.html","200","preserved-sharepoint-derivative","coop-not-enabled|coep-not-enabled|corp-not-enabled|wildcard-cors-public-static|server-header-discloses-edge"
"https://jeremyfontenot.online/evidence-library/preserved-sharepoint/source/docs/business/sharepoint/Artifacts/index-06f779a1-b915c163.html","200","preserved-sharepoint-derivative","coop-not-enabled|coep-not-enabled|corp-not-enabled|wildcard-cors-public-static|server-header-discloses-edge"
"https://jeremyfontenot.online/evidence-library/preserved-sharepoint/source/docs/business/sharepoint/Artifacts/index-06fee3c5-f6cb2480.html","200","preserved-sharepoint-derivative","coop-not-enabled|coep-not-enabled|corp-not-enabled|wildcard-cors-public-static|server-header-discloses-edge"
"https://jeremyfontenot.online/evidence-library/preserved-sharepoint/source/docs/business/sharepoint/Artifacts/index-083dfc71-7fb9c504.html","200","preserved-sharepoint-derivative","coop-not-enabled|coep-not-enabled|corp-not-enabled|wildcard-cors-public-static|server-header-discloses-edge"
"https://jeremyfontenot.online/evidence-library/preserved-sharepoint/source/docs/business/sharepoint/Artifacts/index-0849eb9a-72ff1a82.html","200","preserved-sharepoint-derivative","coop-not-enabled|coep-not-enabled|corp-not-enabled|wildcard-cors-public-static|server-header-discloses-edge"
"https://jeremyfontenot.online/evidence-library/preserved-sharepoint/source/docs/business/sharepoint/Artifacts/index-08981765-0779f62e.html","200","preserved-sharepoint-derivative","coop-not-enabled|coep-not-enabled|corp-not-enabled|wildcard-cors-public-static|server-header-discloses-edge"
"https://jeremyfontenot.online/evidence-library/preserved-sharepoint/source/docs/business/sharepoint/Artifacts/index-090b559d-fbd4eac8.html","200","preserved-sharepoint-derivative","coop-not-enabled|coep-not-enabled|corp-not-enabled|wildcard-cors-public-static|server-header-discloses-edge"
"https://jeremyfontenot.online/evidence-library/preserved-sharepoint/source/docs/business/sharepoint/Artifacts/index-09693a41-3faaf21f.html","200","preserved-sharepoint-derivative","coop-not-enabled|coep-not-enabled|corp-not-enabled|wildcard-cors-public-static|server-header-discloses-edge"
"https://jeremyfontenot.online/evidence-library/preserved-sharepoint/source/docs/business/sharepoint/Artifacts/index-0b7049c5-e22f96ae.html","200","preserved-sharepoint-derivative","coop-not-enabled|coep-not-enabled|corp-not-enabled|wildcard-cors-public-static|server-header-discloses-edge"
"https://jeremyfontenot.online/evidence-library/preserved-sharepoint/source/docs/business/sharepoint/Artifacts/index-0bc5d31f-7e143495.html","200","preserved-sharepoint-derivative","coop-not-enabled|coep-not-enabled|corp-not-enabled|wildcard-cors-public-static|server-header-discloses-edge"
"https://jeremyfontenot.online/evidence-library/preserved-sharepoint/source/docs/business/sharepoint/Artifacts/index-0cbd5d7f-179c1582.html","200","preserved-sharepoint-derivative","coop-not-enabled|coep-not-enabled|corp-not-enabled|wildcard-cors-public-static|server-header-discloses-edge"
"https://jeremyfontenot.online/evidence-library/preserved-sharepoint/source/docs/business/sharepoint/Artifacts/index-0d2c4bd8-8455eee1.html","200","preserved-sharepoint-derivative","coop-not-enabled|coep-not-enabled|corp-not-enabled|wildcard-cors-public-static|server-header-discloses-edge"
"https://jeremyfontenot.online/evidence-library/preserved-sharepoint/source/docs/business/sharepoint/Artifacts/index-0da2fb1f-b5661c64.html","200","preserved-sharepoint-derivative","coop-not-enabled|coep-not-enabled|corp-not-enabled|wildcard-cors-public-static|server-header-discloses-edge"
"https://jeremyfontenot.online/evidence-library/preserved-sharepoint/source/docs/business/sharepoint/Artifacts/index-0da36ea2-199ac162.html","200","preserved-sharepoint-derivative","coop-not-enabled|coep-not-enabled|corp-not-enabled|wildcard-cors-public-static|server-header-discloses-edge"
"https://jeremyfontenot.online/evidence-library/preserved-sharepoint/source/docs/business/sharepoint/Artifacts/index-0e19af06-86223449.html","200","preserved-sharepoint-derivative","coop-not-enabled|coep-not-enabled|corp-not-enabled|wildcard-cors-public-static|server-header-discloses-edge"
"https://jeremyfontenot.online/evidence-library/preserved-sharepoint/source/docs/business/sharepoint/Artifacts/index-0e3bb0ad-f1d1f7b9.html","200","preserved-sharepoint-derivative","coop-not-enabled|coep-not-enabled|corp-not-enabled|wildcard-cors-public-static|server-header-discloses-edge"
"https://jeremyfontenot.online/evidence-library/preserved-sharepoint/source/docs/business/sharepoint/Artifacts/index-0e7f0264-17d5844e.html","200","preserved-sharepoint-derivative","coop-not-enabled|coep-not-enabled|corp-not-enabled|wildcard-cors-public-static|server-header-discloses-edge"
"https://jeremyfontenot.online/evidence-library/preserved-sharepoint/source/docs/business/sharepoint/Artifacts/index-0e821c86-fa934582.html","200","preserved-sharepoint-derivative","coop-not-enabled|coep-not-enabled|corp-not-enabled|wildcard-cors-public-static|server-header-discloses-edge"
"https://jeremyfontenot.online/evidence-library/preserved-sharepoint/source/docs/business/sharepoint/Artifacts/index-0e9f25e7-ac4c1283.html","200","preserved-sharepoint-derivative","coop-not-enabled|coep-not-enabled|corp-not-enabled|wildcard-cors-public-static|server-header-discloses-edge"
"https://jeremyfontenot.online/evidence-library/preserved-sharepoint/source/docs/business/sharepoint/Artifacts/index-0f89a92a-0976bba3.html","200","preserved-sharepoint-derivative","coop-not-enabled|coep-not-enabled|corp-not-enabled|wildcard-cors-public-static|server-header-discloses-edge"
"https://jeremyfontenot.online/evidence-library/preserved-sharepoint/source/docs/business/sharepoint/Artifacts/index-10b8193d-3102182e.html","200","preserved-sharepoint-derivative","coop-not-enabled|coep-not-enabled|corp-not-enabled|wildcard-cors-public-static|server-header-discloses-edge"
"https://jeremyfontenot.online/evidence-library/preserved-sharepoint/source/docs/business/sharepoint/Artifacts/index-110043e3-2d50b6cd.html","200","preserved-sharepoint-derivative","coop-not-enabled|coep-not-enabled|corp-not-enabled|wildcard-cors-public-static|server-header-discloses-edge"
"https://jeremyfontenot.online/evidence-library/preserved-sharepoint/source/docs/business/sharepoint/Artifacts/index-1114b06c-ab3d9ebc.html","200","preserved-sharepoint-derivative","coop-not-enabled|coep-not-enabled|corp-not-enabled|wildcard-cors-public-static|server-header-discloses-edge"
"https://jeremyfontenot.online/evidence-library/preserved-sharepoint/source/docs/business/sharepoint/Artifacts/index-11c6bf67-d51df754.html","200","preserved-sharepoint-derivative","coop-not-enabled|coep-not-enabled|corp-not-enabled|wildcard-cors-public-static|server-header-discloses-edge"
"https://jeremyfontenot.online/evidence-library/preserved-sharepoint/source/docs/business/sharepoint/Artifacts/index-129ccbf3-80cbb248.html","200","preserved-sharepoint-derivative","coop-not-enabled|coep-not-enabled|corp-not-enabled|wildcard-cors-public-static|server-header-discloses-edge"
"https://jeremyfontenot.online/evidence-library/preserved-sharepoint/source/docs/business/sharepoint/Artifacts/index-136c7c0c-0b1f6fdf.html","200","preserved-sharepoint-derivative","coop-not-enabled|coep-not-enabled|corp-not-enabled|wildcard-cors-public-static|server-header-discloses-edge"
"https://jeremyfontenot.online/evidence-library/preserved-sharepoint/source/docs/business/sharepoint/Artifacts/index-137fef41-d671da14.html","200","preserved-sharepoint-derivative","coop-not-enabled|coep-not-enabled|corp-not-enabled|wildcard-cors-public-static|server-header-discloses-edge"
"https://jeremyfontenot.online/evidence-library/preserved-sharepoint/source/docs/business/sharepoint/Artifacts/index-14baa14f-a68da17d.html","200","preserved-sharepoint-derivative","coop-not-enabled|coep-not-enabled|corp-not-enabled|wildcard-cors-public-static|server-header-discloses-edge"
"https://jeremyfontenot.online/evidence-library/preserved-sharepoint/source/docs/business/sharepoint/Artifacts/index-1591f031-9278848c.html","200","preserved-sharepoint-derivative","coop-not-enabled|coep-not-enabled|corp-not-enabled|wildcard-cors-public-static|server-header-discloses-edge"
"https://jeremyfontenot.online/evidence-library/preserved-sharepoint/source/docs/business/sharepoint/Artifacts/index-161c1795-cfb17141.html","200","preserved-sharepoint-derivative","coop-not-enabled|coep-not-enabled|corp-not-enabled|wildcard-cors-public-static|server-header-discloses-edge"
"https://jeremyfontenot.online/evidence-library/preserved-sharepoint/source/docs/business/sharepoint/Artifacts/index-161dc922-43315a0b.html","200","preserved-sharepoint-derivative","coop-not-enabled|coep-not-enabled|corp-not-enabled|wildcard-cors-public-static|server-header-discloses-edge"
"https://jeremyfontenot.online/evidence-library/preserved-sharepoint/source/docs/business/sharepoint/Artifacts/index-16a08389-317288bf.html","200","preserved-sharepoint-derivative","coop-not-enabled|coep-not-enabled|corp-not-enabled|wildcard-cors-public-static|server-header-discloses-edge"
"https://jeremyfontenot.online/evidence-library/preserved-sharepoint/source/docs/business/sharepoint/Artifacts/index-172e6b00-d01cb819.html","200","preserved-sharepoint-derivative","coop-not-enabled|coep-not-enabled|corp-not-enabled|wildcard-cors-public-static|server-header-discloses-edge"
"https://jeremyfontenot.online/evidence-library/preserved-sharepoint/source/docs/business/sharepoint/Artifacts/index-173cd063-ed3c2729.html","200","preserved-sharepoint-derivative","coop-not-enabled|coep-not-enabled|corp-not-enabled|wildcard-cors-public-static|server-header-discloses-edge"
"https://jeremyfontenot.online/evidence-library/preserved-sharepoint/source/docs/business/sharepoint/Artifacts/index-188acba8-2f245deb.html","200","preserved-sharepoint-derivative","coop-not-enabled|coep-not-enabled|corp-not-enabled|wildcard-cors-public-static|server-header-discloses-edge"
"https://jeremyfontenot.online/evidence-library/preserved-sharepoint/source/docs/business/sharepoint/Artifacts/index-198cffb1-07cbb3ac.html","200","preserved-sharepoint-derivative","coop-not-enabled|coep-not-enabled|corp-not-enabled|wildcard-cors-public-static|server-header-discloses-edge"
"https://jeremyfontenot.online/evidence-library/preserved-sharepoint/source/docs/business/sharepoint/Artifacts/index-1a90c767-0e17b55f.html","200","preserved-sharepoint-derivative","coop-not-enabled|coep-not-enabled|corp-not-enabled|wildcard-cors-public-static|server-header-discloses-edge"
"https://jeremyfontenot.online/evidence-library/preserved-sharepoint/source/docs/business/sharepoint/Artifacts/index-1aa3cae9-30dc61c9.html","200","preserved-sharepoint-derivative","coop-not-enabled|coep-not-enabled|corp-not-enabled|wildcard-cors-public-static|server-header-discloses-edge"
"https://jeremyfontenot.online/evidence-library/preserved-sharepoint/source/docs/business/sharepoint/Artifacts/index-1b3c1205-d6e745d4.html","200","preserved-sharepoint-derivative","coop-not-enabled|coep-not-enabled|corp-not-enabled|wildcard-cors-public-static|server-header-discloses-edge"
"https://jeremyfontenot.online/evidence-library/preserved-sharepoint/source/docs/business/sharepoint/Artifacts/index-1b905c2a-9fe8116c.html","200","preserved-sharepoint-derivative","coop-not-enabled|coep-not-enabled|corp-not-enabled|wildcard-cors-public-static|server-header-discloses-edge"
"https://jeremyfontenot.online/evidence-library/preserved-sharepoint/source/docs/business/sharepoint/Artifacts/index-1c0e9dd6-b81da481.html","200","preserved-sharepoint-derivative","coop-not-enabled|coep-not-enabled|corp-not-enabled|wildcard-cors-public-static|server-header-discloses-edge"
"https://jeremyfontenot.online/evidence-library/preserved-sharepoint/source/docs/business/sharepoint/Artifacts/index-1c2ce4ca-313617b7.html","200","preserved-sharepoint-derivative","coop-not-enabled|coep-not-enabled|corp-not-enabled|wildcard-cors-public-static|server-header-discloses-edge"
"https://jeremyfontenot.online/evidence-library/preserved-sharepoint/source/docs/business/sharepoint/Artifacts/index-1d205c46-b0f3f19a.html","200","preserved-sharepoint-derivative","coop-not-enabled|coep-not-enabled|corp-not-enabled|wildcard-cors-public-static|server-header-discloses-edge"
"https://jeremyfontenot.online/evidence-library/preserved-sharepoint/source/docs/business/sharepoint/Artifacts/index-1e9a1d40-f314d474.html","200","preserved-sharepoint-derivative","coop-not-enabled|coep-not-enabled|corp-not-enabled|wildcard-cors-public-static|server-header-discloses-edge"
"https://jeremyfontenot.online/evidence-library/preserved-sharepoint/source/docs/business/sharepoint/Artifacts/index-1f57d235-80a70960.html","200","preserved-sharepoint-derivative","coop-not-enabled|coep-not-enabled|corp-not-enabled|wildcard-cors-public-static|server-header-discloses-edge"
"https://jeremyfontenot.online/evidence-library/preserved-sharepoint/source/docs/business/sharepoint/Artifacts/index-20260511161050-d13e1f2a.html","200","preserved-sharepoint-derivative","coop-not-enabled|coep-not-enabled|corp-not-enabled|wildcard-cors-public-static|server-header-discloses-edge"
"https://jeremyfontenot.online/evidence-library/preserved-sharepoint/source/docs/business/sharepoint/Artifacts/index-20260511161051-340dc9bc.html","200","preserved-sharepoint-derivative","coop-not-enabled|coep-not-enabled|corp-not-enabled|wildcard-cors-public-static|server-header-discloses-edge"
"https://jeremyfontenot.online/evidence-library/preserved-sharepoint/source/docs/business/sharepoint/Artifacts/index-20260511161054-c1e19719.html","200","preserved-sharepoint-derivative","coop-not-enabled|coep-not-enabled|corp-not-enabled|wildcard-cors-public-static|server-header-discloses-edge"
"https://jeremyfontenot.online/evidence-library/preserved-sharepoint/source/docs/business/sharepoint/Artifacts/index-20260511161059-54c74f84.html","200","preserved-sharepoint-derivative","coop-not-enabled|coep-not-enabled|corp-not-enabled|wildcard-cors-public-static|server-header-discloses-edge"
"https://jeremyfontenot.online/evidence-library/preserved-sharepoint/source/docs/business/sharepoint/Artifacts/index-20260511161100-08d1b0af.html","200","preserved-sharepoint-derivative","coop-not-enabled|coep-not-enabled|corp-not-enabled|wildcard-cors-public-static|server-header-discloses-edge"
"https://jeremyfontenot.online/evidence-library/preserved-sharepoint/source/docs/business/sharepoint/Artifacts/index-20260511161101-954eb724.html","200","preserved-sharepoint-derivative","coop-not-enabled|coep-not-enabled|corp-not-enabled|wildcard-cors-public-static|server-header-discloses-edge"
"https://jeremyfontenot.online/evidence-library/preserved-sharepoint/source/docs/business/sharepoint/Artifacts/index-20260511161104-73e2f828.html","200","preserved-sharepoint-derivative","coop-not-enabled|coep-not-enabled|corp-not-enabled|wildcard-cors-public-static|server-header-discloses-edge"
"https://jeremyfontenot.online/evidence-library/preserved-sharepoint/source/docs/business/sharepoint/Artifacts/index-20260511161107-256a2723.html","200","preserved-sharepoint-derivative","coop-not-enabled|coep-not-enabled|corp-not-enabled|wildcard-cors-public-static|server-header-discloses-edge"
"https://jeremyfontenot.online/evidence-library/preserved-sharepoint/source/docs/business/sharepoint/Artifacts/index-20260511161111-c4f5a28e.html","200","preserved-sharepoint-derivative","coop-not-enabled|coep-not-enabled|corp-not-enabled|wildcard-cors-public-static|server-header-discloses-edge"
"https://jeremyfontenot.online/evidence-library/preserved-sharepoint/source/docs/business/sharepoint/Artifacts/index-20260511161112-7a9f7b92.html","200","preserved-sharepoint-derivative","coop-not-enabled|coep-not-enabled|corp-not-enabled|wildcard-cors-public-static|server-header-discloses-edge"
"https://jeremyfontenot.online/evidence-library/preserved-sharepoint/source/docs/business/sharepoint/Artifacts/index-20260511161113-94de08d5.html","200","preserved-sharepoint-derivative","coop-not-enabled|coep-not-enabled|corp-not-enabled|wildcard-cors-public-static|server-header-discloses-edge"
"https://jeremyfontenot.online/evidence-library/preserved-sharepoint/source/docs/business/sharepoint/Artifacts/index-20260511161114-3742a4f0.html","200","preserved-sharepoint-derivative","coop-not-enabled|coep-not-enabled|corp-not-enabled|wildcard-cors-public-static|server-header-discloses-edge"
"https://jeremyfontenot.online/evidence-library/preserved-sharepoint/source/docs/business/sharepoint/Artifacts/index-20260511161115-2d1bde21.html","200","preserved-sharepoint-derivative","coop-not-enabled|coep-not-enabled|corp-not-enabled|wildcard-cors-public-static|server-header-discloses-edge"
"https://jeremyfontenot.online/evidence-library/preserved-sharepoint/source/docs/business/sharepoint/Artifacts/index-20260511161116-66a27b4f.html","200","preserved-sharepoint-derivative","coop-not-enabled|coep-not-enabled|corp-not-enabled|wildcard-cors-public-static|server-header-discloses-edge"
"https://jeremyfontenot.online/evidence-library/preserved-sharepoint/source/docs/business/sharepoint/Artifacts/index-20260511161117-b5e16814.html","200","preserved-sharepoint-derivative","coop-not-enabled|coep-not-enabled|corp-not-enabled|wildcard-cors-public-static|server-header-discloses-edge"
"https://jeremyfontenot.online/evidence-library/preserved-sharepoint/source/docs/business/sharepoint/Artifacts/index-20260511161118-f9e43ab4.html","200","preserved-sharepoint-derivative","coop-not-enabled|coep-not-enabled|corp-not-enabled|wildcard-cors-public-static|server-header-discloses-edge"
"https://jeremyfontenot.online/evidence-library/preserved-sharepoint/source/docs/business/sharepoint/Artifacts/index-20260511161119-a2a6354f.html","200","preserved-sharepoint-derivative","coop-not-enabled|coep-not-enabled|corp-not-enabled|wildcard-cors-public-static|server-header-discloses-edge"
"https://jeremyfontenot.online/evidence-library/preserved-sharepoint/source/docs/business/sharepoint/Artifacts/index-20260511161120-0bfe56fe.html","200","preserved-sharepoint-derivative","coop-not-enabled|coep-not-enabled|corp-not-enabled|wildcard-cors-public-static|server-header-discloses-edge"
"https://jeremyfontenot.online/evidence-library/preserved-sharepoint/source/docs/business/sharepoint/Artifacts/index-20260511161121-2be5a4eb.html","200","preserved-sharepoint-derivative","coop-not-enabled|coep-not-enabled|corp-not-enabled|wildcard-cors-public-static|server-header-discloses-edge"
"https://jeremyfontenot.online/evidence-library/preserved-sharepoint/source/docs/business/sharepoint/Artifacts/index-20260511161122-96b8a80e.html","200","preserved-sharepoint-derivative","coop-not-enabled|coep-not-enabled|corp-not-enabled|wildcard-cors-public-static|server-header-discloses-edge"
"https://jeremyfontenot.online/evidence-library/preserved-sharepoint/source/docs/business/sharepoint/Artifacts/index-20260511161123-3a1ba981.html","200","preserved-sharepoint-derivative","coop-not-enabled|coep-not-enabled|corp-not-enabled|wildcard-cors-public-static|server-header-discloses-edge"
"https://jeremyfontenot.online/evidence-library/preserved-sharepoint/source/docs/business/sharepoint/Artifacts/index-20260511161124-dc71a9ef.html","200","preserved-sharepoint-derivative","coop-not-enabled|coep-not-enabled|corp-not-enabled|wildcard-cors-public-static|server-header-discloses-edge"
"https://jeremyfontenot.online/evidence-library/preserved-sharepoint/source/docs/business/sharepoint/Artifacts/index-20260511161125-8c9dffbd.html","200","preserved-sharepoint-derivative","coop-not-enabled|coep-not-enabled|corp-not-enabled|wildcard-cors-public-static|server-header-discloses-edge"
"https://jeremyfontenot.online/evidence-library/preserved-sharepoint/source/docs/business/sharepoint/Artifacts/index-20260511161126-3c0fc391.html","200","preserved-sharepoint-derivative","coop-not-enabled|coep-not-enabled|corp-not-enabled|wildcard-cors-public-static|server-header-discloses-edge"
"https://jeremyfontenot.online/evidence-library/preserved-sharepoint/source/docs/business/sharepoint/Artifacts/index-20260511161127-d1b5f405.html","200","preserved-sharepoint-derivative","coop-not-enabled|coep-not-enabled|corp-not-enabled|wildcard-cors-public-static|server-header-discloses-edge"
"https://jeremyfontenot.online/evidence-library/preserved-sharepoint/source/docs/business/sharepoint/Artifacts/index-20260511161128-0593e973.html","200","preserved-sharepoint-derivative","coop-not-enabled|coep-not-enabled|corp-not-enabled|wildcard-cors-public-static|server-header-discloses-edge"
"https://jeremyfontenot.online/evidence-library/preserved-sharepoint/source/docs/business/sharepoint/Artifacts/index-20260511161129-889bcb7c.html","200","preserved-sharepoint-derivative","coop-not-enabled|coep-not-enabled|corp-not-enabled|wildcard-cors-public-static|server-header-discloses-edge"
"https://jeremyfontenot.online/evidence-library/preserved-sharepoint/source/docs/business/sharepoint/Artifacts/index-20260511161130-ae84b162.html","200","preserved-sharepoint-derivative","coop-not-enabled|coep-not-enabled|corp-not-enabled|wildcard-cors-public-static|server-header-discloses-edge"
"https://jeremyfontenot.online/evidence-library/preserved-sharepoint/source/docs/business/sharepoint/Artifacts/index-20260511161131-2c8808d7.html","200","preserved-sharepoint-derivative","coop-not-enabled|coep-not-enabled|corp-not-enabled|wildcard-cors-public-static|server-header-discloses-edge"
"https://jeremyfontenot.online/evidence-library/preserved-sharepoint/source/docs/business/sharepoint/Artifacts/index-20260511161132-fa6f0d54.html","200","preserved-sharepoint-derivative","coop-not-enabled|coep-not-enabled|corp-not-enabled|wildcard-cors-public-static|server-header-discloses-edge"
"https://jeremyfontenot.online/evidence-library/preserved-sharepoint/source/docs/business/sharepoint/Artifacts/index-20260511161133-952df804.html","200","preserved-sharepoint-derivative","coop-not-enabled|coep-not-enabled|corp-not-enabled|wildcard-cors-public-static|server-header-discloses-edge"
"https://jeremyfontenot.online/evidence-library/preserved-sharepoint/source/docs/business/sharepoint/Artifacts/index-20260511161134-50427265.html","200","preserved-sharepoint-derivative","coop-not-enabled|coep-not-enabled|corp-not-enabled|wildcard-cors-public-static|server-header-discloses-edge"
"https://jeremyfontenot.online/evidence-library/preserved-sharepoint/source/docs/business/sharepoint/Artifacts/index-20260511161135-bc82ab42.html","200","preserved-sharepoint-derivative","coop-not-enabled|coep-not-enabled|corp-not-enabled|wildcard-cors-public-static|server-header-discloses-edge"
"https://jeremyfontenot.online/evidence-library/preserved-sharepoint/source/docs/business/sharepoint/Artifacts/index-20260511161136-bbc4ba6f.html","200","preserved-sharepoint-derivative","coop-not-enabled|coep-not-enabled|corp-not-enabled|wildcard-cors-public-static|server-header-discloses-edge"
"https://jeremyfontenot.online/evidence-library/preserved-sharepoint/source/docs/business/sharepoint/Artifacts/index-20260511161137-583ff7a0.html","200","preserved-sharepoint-derivative","coop-not-enabled|coep-not-enabled|corp-not-enabled|wildcard-cors-public-static|server-header-discloses-edge"
"https://jeremyfontenot.online/evidence-library/preserved-sharepoint/source/docs/business/sharepoint/Artifacts/index-20260511161138-41e24636.html","200","preserved-sharepoint-derivative","coop-not-enabled|coep-not-enabled|corp-not-enabled|wildcard-cors-public-static|server-header-discloses-edge"
"https://jeremyfontenot.online/evidence-library/preserved-sharepoint/source/docs/business/sharepoint/Artifacts/index-20260511161139-f31c09ed.html","200","preserved-sharepoint-derivative","coop-not-enabled|coep-not-enabled|corp-not-enabled|wildcard-cors-public-static|server-header-discloses-edge"
"https://jeremyfontenot.online/evidence-library/preserved-sharepoint/source/docs/business/sharepoint/Artifacts/index-20260511161140-024ff4bb.html","200","preserved-sharepoint-derivative","coop-not-enabled|coep-not-enabled|corp-not-enabled|wildcard-cors-public-static|server-header-discloses-edge"
"https://jeremyfontenot.online/evidence-library/preserved-sharepoint/source/docs/business/sharepoint/Artifacts/index-20260511161141-372da19a.html","200","preserved-sharepoint-derivative","coop-not-enabled|coep-not-enabled|corp-not-enabled|wildcard-cors-public-static|server-header-discloses-edge"
"https://jeremyfontenot.online/evidence-library/preserved-sharepoint/source/docs/business/sharepoint/Artifacts/index-20260511161142-5d48306c.html","200","preserved-sharepoint-derivative","coop-not-enabled|coep-not-enabled|corp-not-enabled|wildcard-cors-public-static|server-header-discloses-edge"
"https://jeremyfontenot.online/evidence-library/preserved-sharepoint/source/docs/business/sharepoint/Artifacts/index-20260511161143-e8ab7715.html","200","preserved-sharepoint-derivative","coop-not-enabled|coep-not-enabled|corp-not-enabled|wildcard-cors-public-static|server-header-discloses-edge"
"https://jeremyfontenot.online/evidence-library/preserved-sharepoint/source/docs/business/sharepoint/Artifacts/index-20455634-5ddbe0b7.html","200","preserved-sharepoint-derivative","coop-not-enabled|coep-not-enabled|corp-not-enabled|wildcard-cors-public-static|server-header-discloses-edge"
"https://jeremyfontenot.online/evidence-library/preserved-sharepoint/source/docs/business/sharepoint/Artifacts/index-2046efd9-798557ef.html","200","preserved-sharepoint-derivative","coop-not-enabled|coep-not-enabled|corp-not-enabled|wildcard-cors-public-static|server-header-discloses-edge"
"https://jeremyfontenot.online/evidence-library/preserved-sharepoint/source/docs/business/sharepoint/Artifacts/index-22d96d94-387fa0c0.html","200","preserved-sharepoint-derivative","coop-not-enabled|coep-not-enabled|corp-not-enabled|wildcard-cors-public-static|server-header-discloses-edge"
"https://jeremyfontenot.online/evidence-library/preserved-sharepoint/source/docs/business/sharepoint/Artifacts/index-2363ffcb-46b093d0.html","200","preserved-sharepoint-derivative","coop-not-enabled|coep-not-enabled|corp-not-enabled|wildcard-cors-public-static|server-header-discloses-edge"
"https://jeremyfontenot.online/evidence-library/preserved-sharepoint/source/docs/business/sharepoint/Artifacts/index-239e611f-9b5da2a0.html","200","preserved-sharepoint-derivative","coop-not-enabled|coep-not-enabled|corp-not-enabled|wildcard-cors-public-static|server-header-discloses-edge"
"https://jeremyfontenot.online/evidence-library/preserved-sharepoint/source/docs/business/sharepoint/Artifacts/index-23dd1496-5adde1b1.html","200","preserved-sharepoint-derivative","coop-not-enabled|coep-not-enabled|corp-not-enabled|wildcard-cors-public-static|server-header-discloses-edge"
"https://jeremyfontenot.online/evidence-library/preserved-sharepoint/source/docs/business/sharepoint/Artifacts/index-2457808c-52a01baf.html","200","preserved-sharepoint-derivative","coop-not-enabled|coep-not-enabled|corp-not-enabled|wildcard-cors-public-static|server-header-discloses-edge"
"https://jeremyfontenot.online/evidence-library/preserved-sharepoint/source/docs/business/sharepoint/Artifacts/index-249ce432-72236c1c.html","200","preserved-sharepoint-derivative","coop-not-enabled|coep-not-enabled|corp-not-enabled|wildcard-cors-public-static|server-header-discloses-edge"
"https://jeremyfontenot.online/evidence-library/preserved-sharepoint/source/docs/business/sharepoint/Artifacts/index-256f47da-63602e02.html","200","preserved-sharepoint-derivative","coop-not-enabled|coep-not-enabled|corp-not-enabled|wildcard-cors-public-static|server-header-discloses-edge"
"https://jeremyfontenot.online/evidence-library/preserved-sharepoint/source/docs/business/sharepoint/Artifacts/index-258c8dcc-f023090c.html","200","preserved-sharepoint-derivative","coop-not-enabled|coep-not-enabled|corp-not-enabled|wildcard-cors-public-static|server-header-discloses-edge"
"https://jeremyfontenot.online/evidence-library/preserved-sharepoint/source/docs/business/sharepoint/Artifacts/index-2613418c-b1b287ad.html","200","preserved-sharepoint-derivative","coop-not-enabled|coep-not-enabled|corp-not-enabled|wildcard-cors-public-static|server-header-discloses-edge"
"https://jeremyfontenot.online/evidence-library/preserved-sharepoint/source/docs/business/sharepoint/Artifacts/index-26a49526-a6f29d6b.html","200","preserved-sharepoint-derivative","coop-not-enabled|coep-not-enabled|corp-not-enabled|wildcard-cors-public-static|server-header-discloses-edge"
"https://jeremyfontenot.online/evidence-library/preserved-sharepoint/source/docs/business/sharepoint/Artifacts/index-26a54e4a-7dd0a297.html","200","preserved-sharepoint-derivative","coop-not-enabled|coep-not-enabled|corp-not-enabled|wildcard-cors-public-static|server-header-discloses-edge"
"https://jeremyfontenot.online/evidence-library/preserved-sharepoint/source/docs/business/sharepoint/Artifacts/index-26d541ac-ddf16b2f.html","200","preserved-sharepoint-derivative","coop-not-enabled|coep-not-enabled|corp-not-enabled|wildcard-cors-public-static|server-header-discloses-edge"
"https://jeremyfontenot.online/evidence-library/preserved-sharepoint/source/docs/business/sharepoint/Artifacts/index-26e9a2f0-626bcd9f.html","200","preserved-sharepoint-derivative","coop-not-enabled|coep-not-enabled|corp-not-enabled|wildcard-cors-public-static|server-header-discloses-edge"
"https://jeremyfontenot.online/evidence-library/preserved-sharepoint/source/docs/business/sharepoint/Artifacts/index-27f641c1-3afbc496.html","200","preserved-sharepoint-derivative","coop-not-enabled|coep-not-enabled|corp-not-enabled|wildcard-cors-public-static|server-header-discloses-edge"
"https://jeremyfontenot.online/evidence-library/preserved-sharepoint/source/docs/business/sharepoint/Artifacts/index-2852c5a5-0ef69f70.html","200","preserved-sharepoint-derivative","coop-not-enabled|coep-not-enabled|corp-not-enabled|wildcard-cors-public-static|server-header-discloses-edge"
"https://jeremyfontenot.online/evidence-library/preserved-sharepoint/source/docs/business/sharepoint/Artifacts/index-287619da-a1f23cf2.html","200","preserved-sharepoint-derivative","coop-not-enabled|coep-not-enabled|corp-not-enabled|wildcard-cors-public-static|server-header-discloses-edge"
"https://jeremyfontenot.online/evidence-library/preserved-sharepoint/source/docs/business/sharepoint/Artifacts/index-28b6849a-1db7290e.html","200","preserved-sharepoint-derivative","coop-not-enabled|coep-not-enabled|corp-not-enabled|wildcard-cors-public-static|server-header-discloses-edge"
"https://jeremyfontenot.online/evidence-library/preserved-sharepoint/source/docs/business/sharepoint/Artifacts/index-29445b21-55f3d8cb.html","200","preserved-sharepoint-derivative","coop-not-enabled|coep-not-enabled|corp-not-enabled|wildcard-cors-public-static|server-header-discloses-edge"
"https://jeremyfontenot.online/evidence-library/preserved-sharepoint/source/docs/business/sharepoint/Artifacts/index-29bfe75a-283d4942.html","200","preserved-sharepoint-derivative","coop-not-enabled|coep-not-enabled|corp-not-enabled|wildcard-cors-public-static|server-header-discloses-edge"
"https://jeremyfontenot.online/evidence-library/preserved-sharepoint/source/docs/business/sharepoint/Artifacts/index-2adc2665-fbff6736.html","200","preserved-sharepoint-derivative","coop-not-enabled|coep-not-enabled|corp-not-enabled|wildcard-cors-public-static|server-header-discloses-edge"
"https://jeremyfontenot.online/evidence-library/preserved-sharepoint/source/docs/business/sharepoint/Artifacts/index-2b1fa5bc-25b9511f.html","200","preserved-sharepoint-derivative","coop-not-enabled|coep-not-enabled|corp-not-enabled|wildcard-cors-public-static|server-header-discloses-edge"
"https://jeremyfontenot.online/evidence-library/preserved-sharepoint/source/docs/business/sharepoint/Artifacts/index-2b7e88c8-e942e706.html","200","preserved-sharepoint-derivative","coop-not-enabled|coep-not-enabled|corp-not-enabled|wildcard-cors-public-static|server-header-discloses-edge"
"https://jeremyfontenot.online/evidence-library/preserved-sharepoint/source/docs/business/sharepoint/Artifacts/index-2c5379e7-2b347470.html","200","preserved-sharepoint-derivative","coop-not-enabled|coep-not-enabled|corp-not-enabled|wildcard-cors-public-static|server-header-discloses-edge"
"https://jeremyfontenot.online/evidence-library/preserved-sharepoint/source/docs/business/sharepoint/Artifacts/index-2c9ddb1b-8b6c937a.html","200","preserved-sharepoint-derivative","coop-not-enabled|coep-not-enabled|corp-not-enabled|wildcard-cors-public-static|server-header-discloses-edge"
"https://jeremyfontenot.online/evidence-library/preserved-sharepoint/source/docs/business/sharepoint/Artifacts/index-2cd3e455-feeb85fa.html","200","preserved-sharepoint-derivative","coop-not-enabled|coep-not-enabled|corp-not-enabled|wildcard-cors-public-static|server-header-discloses-edge"
"https://jeremyfontenot.online/evidence-library/preserved-sharepoint/source/docs/business/sharepoint/Artifacts/index-2d6851a7-e90a0789.html","200","preserved-sharepoint-derivative","coop-not-enabled|coep-not-enabled|corp-not-enabled|wildcard-cors-public-static|server-header-discloses-edge"
"https://jeremyfontenot.online/evidence-library/preserved-sharepoint/source/docs/business/sharepoint/Artifacts/index-2d8ac6c7-709bd3f6.html","200","preserved-sharepoint-derivative","coop-not-enabled|coep-not-enabled|corp-not-enabled|wildcard-cors-public-static|server-header-discloses-edge"
"https://jeremyfontenot.online/evidence-library/preserved-sharepoint/source/docs/business/sharepoint/Artifacts/index-2f615a49-f2ad74e2.html","200","preserved-sharepoint-derivative","coop-not-enabled|coep-not-enabled|corp-not-enabled|wildcard-cors-public-static|server-header-discloses-edge"
"https://jeremyfontenot.online/evidence-library/preserved-sharepoint/source/docs/business/sharepoint/Artifacts/index-3090d6b0-6e9e8fee.html","200","preserved-sharepoint-derivative","coop-not-enabled|coep-not-enabled|corp-not-enabled|wildcard-cors-public-static|server-header-discloses-edge"
"https://jeremyfontenot.online/evidence-library/preserved-sharepoint/source/docs/business/sharepoint/Artifacts/index-3132ca1a-69d32e46.html","200","preserved-sharepoint-derivative","coop-not-enabled|coep-not-enabled|corp-not-enabled|wildcard-cors-public-static|server-header-discloses-edge"
"https://jeremyfontenot.online/evidence-library/preserved-sharepoint/source/docs/business/sharepoint/Artifacts/index-313c4c9e-1ab650c6.html","200","preserved-sharepoint-derivative","coop-not-enabled|coep-not-enabled|corp-not-enabled|wildcard-cors-public-static|server-header-discloses-edge"
"https://jeremyfontenot.online/evidence-library/preserved-sharepoint/source/docs/business/sharepoint/Artifacts/index-314f400c-c95cff59.html","200","preserved-sharepoint-derivative","coop-not-enabled|coep-not-enabled|corp-not-enabled|wildcard-cors-public-static|server-header-discloses-edge"
"https://jeremyfontenot.online/evidence-library/preserved-sharepoint/source/docs/business/sharepoint/Artifacts/index-326af757-8df8264a.html","200","preserved-sharepoint-derivative","coop-not-enabled|coep-not-enabled|corp-not-enabled|wildcard-cors-public-static|server-header-discloses-edge"
"https://jeremyfontenot.online/evidence-library/preserved-sharepoint/source/docs/business/sharepoint/Artifacts/index-3279ad2c-ef0ddb85.html","200","preserved-sharepoint-derivative","coop-not-enabled|coep-not-enabled|corp-not-enabled|wildcard-cors-public-static|server-header-discloses-edge"
"https://jeremyfontenot.online/evidence-library/preserved-sharepoint/source/docs/business/sharepoint/Artifacts/index-32833fe6-1dcf421a.html","200","preserved-sharepoint-derivative","coop-not-enabled|coep-not-enabled|corp-not-enabled|wildcard-cors-public-static|server-header-discloses-edge"
"https://jeremyfontenot.online/evidence-library/preserved-sharepoint/source/docs/business/sharepoint/Artifacts/index-329d7643-ebac39a9.html","200","preserved-sharepoint-derivative","coop-not-enabled|coep-not-enabled|corp-not-enabled|wildcard-cors-public-static|server-header-discloses-edge"
"https://jeremyfontenot.online/evidence-library/preserved-sharepoint/source/docs/business/sharepoint/Artifacts/index-32badb10-89b3caa6.html","200","preserved-sharepoint-derivative","coop-not-enabled|coep-not-enabled|corp-not-enabled|wildcard-cors-public-static|server-header-discloses-edge"
"https://jeremyfontenot.online/evidence-library/preserved-sharepoint/source/docs/business/sharepoint/Artifacts/index-34a8d02f-fd5947c3.html","200","preserved-sharepoint-derivative","coop-not-enabled|coep-not-enabled|corp-not-enabled|wildcard-cors-public-static|server-header-discloses-edge"
"https://jeremyfontenot.online/evidence-library/preserved-sharepoint/source/docs/business/sharepoint/Artifacts/index-34fc525d-fc47ff7d.html","200","preserved-sharepoint-derivative","coop-not-enabled|coep-not-enabled|corp-not-enabled|wildcard-cors-public-static|server-header-discloses-edge"
"https://jeremyfontenot.online/evidence-library/preserved-sharepoint/source/docs/business/sharepoint/Artifacts/index-35051f44-838656ec.html","200","preserved-sharepoint-derivative","coop-not-enabled|coep-not-enabled|corp-not-enabled|wildcard-cors-public-static|server-header-discloses-edge"
"https://jeremyfontenot.online/evidence-library/preserved-sharepoint/source/docs/business/sharepoint/Artifacts/index-350d900f-2179580e.html","200","preserved-sharepoint-derivative","coop-not-enabled|coep-not-enabled|corp-not-enabled|wildcard-cors-public-static|server-header-discloses-edge"
"https://jeremyfontenot.online/evidence-library/preserved-sharepoint/source/docs/business/sharepoint/Artifacts/index-3550ff45-e91aad2a.html","200","preserved-sharepoint-derivative","coop-not-enabled|coep-not-enabled|corp-not-enabled|wildcard-cors-public-static|server-header-discloses-edge"
"https://jeremyfontenot.online/evidence-library/preserved-sharepoint/source/docs/business/sharepoint/Artifacts/index-35ab0041-e0df960c.html","200","preserved-sharepoint-derivative","coop-not-enabled|coep-not-enabled|corp-not-enabled|wildcard-cors-public-static|server-header-discloses-edge"
"https://jeremyfontenot.online/evidence-library/preserved-sharepoint/source/docs/business/sharepoint/Artifacts/index-3605a097-3279e1b3.html","200","preserved-sharepoint-derivative","coop-not-enabled|coep-not-enabled|corp-not-enabled|wildcard-cors-public-static|server-header-discloses-edge"
"https://jeremyfontenot.online/evidence-library/preserved-sharepoint/source/docs/business/sharepoint/Artifacts/index-3639f61c-d9a982ad.html","200","preserved-sharepoint-derivative","coop-not-enabled|coep-not-enabled|corp-not-enabled|wildcard-cors-public-static|server-header-discloses-edge"
"https://jeremyfontenot.online/evidence-library/preserved-sharepoint/source/docs/business/sharepoint/Artifacts/index-363d61fc-03df46fa.html","200","preserved-sharepoint-derivative","coop-not-enabled|coep-not-enabled|corp-not-enabled|wildcard-cors-public-static|server-header-discloses-edge"
"https://jeremyfontenot.online/evidence-library/preserved-sharepoint/source/docs/business/sharepoint/Artifacts/index-3694a4e1-3452525a.html","200","preserved-sharepoint-derivative","coop-not-enabled|coep-not-enabled|corp-not-enabled|wildcard-cors-public-static|server-header-discloses-edge"
"https://jeremyfontenot.online/evidence-library/preserved-sharepoint/source/docs/business/sharepoint/Artifacts/index-36aaa006-bca66379.html","200","preserved-sharepoint-derivative","coop-not-enabled|coep-not-enabled|corp-not-enabled|wildcard-cors-public-static|server-header-discloses-edge"
"https://jeremyfontenot.online/evidence-library/preserved-sharepoint/source/docs/business/sharepoint/Artifacts/index-370cfbab-bb6111e6.html","200","preserved-sharepoint-derivative","coop-not-enabled|coep-not-enabled|corp-not-enabled|wildcard-cors-public-static|server-header-discloses-edge"
"https://jeremyfontenot.online/evidence-library/preserved-sharepoint/source/docs/business/sharepoint/Artifacts/index-3766d0ec-7746f307.html","200","preserved-sharepoint-derivative","coop-not-enabled|coep-not-enabled|corp-not-enabled|wildcard-cors-public-static|server-header-discloses-edge"
"https://jeremyfontenot.online/evidence-library/preserved-sharepoint/source/docs/business/sharepoint/Artifacts/index-376f1fb4-ca5462a8.html","200","preserved-sharepoint-derivative","coop-not-enabled|coep-not-enabled|corp-not-enabled|wildcard-cors-public-static|server-header-discloses-edge"
"https://jeremyfontenot.online/evidence-library/preserved-sharepoint/source/docs/business/sharepoint/Artifacts/index-37a6c0a1-00bfbbfd.html","200","preserved-sharepoint-derivative","coop-not-enabled|coep-not-enabled|corp-not-enabled|wildcard-cors-public-static|server-header-discloses-edge"
"https://jeremyfontenot.online/evidence-library/preserved-sharepoint/source/docs/business/sharepoint/Artifacts/index-382e3914-7be75404.html","200","preserved-sharepoint-derivative","coop-not-enabled|coep-not-enabled|corp-not-enabled|wildcard-cors-public-static|server-header-discloses-edge"
"https://jeremyfontenot.online/evidence-library/preserved-sharepoint/source/docs/business/sharepoint/Artifacts/index-3897f124-63f1fa1d.html","200","preserved-sharepoint-derivative","coop-not-enabled|coep-not-enabled|corp-not-enabled|wildcard-cors-public-static|server-header-discloses-edge"
"https://jeremyfontenot.online/evidence-library/preserved-sharepoint/source/docs/business/sharepoint/Artifacts/index-395df185-de32bf7b.html","200","preserved-sharepoint-derivative","coop-not-enabled|coep-not-enabled|corp-not-enabled|wildcard-cors-public-static|server-header-discloses-edge"
"https://jeremyfontenot.online/evidence-library/preserved-sharepoint/source/docs/business/sharepoint/Artifacts/index-3a645174-ef5c2277.html","200","preserved-sharepoint-derivative","coop-not-enabled|coep-not-enabled|corp-not-enabled|wildcard-cors-public-static|server-header-discloses-edge"
"https://jeremyfontenot.online/evidence-library/preserved-sharepoint/source/docs/business/sharepoint/Artifacts/index-3a987f36-3f17adc1.html","200","preserved-sharepoint-derivative","coop-not-enabled|coep-not-enabled|corp-not-enabled|wildcard-cors-public-static|server-header-discloses-edge"
"https://jeremyfontenot.online/evidence-library/preserved-sharepoint/source/docs/business/sharepoint/Artifacts/index-3a9a95ca-57dbcc5c.html","200","preserved-sharepoint-derivative","coop-not-enabled|coep-not-enabled|corp-not-enabled|wildcard-cors-public-static|server-header-discloses-edge"
"https://jeremyfontenot.online/evidence-library/preserved-sharepoint/source/docs/business/sharepoint/Artifacts/index-3a9ad4cc-536383c7.html","200","preserved-sharepoint-derivative","coop-not-enabled|coep-not-enabled|corp-not-enabled|wildcard-cors-public-static|server-header-discloses-edge"
"https://jeremyfontenot.online/evidence-library/preserved-sharepoint/source/docs/business/sharepoint/Artifacts/index-3abea6eb-fc5512d3.html","200","preserved-sharepoint-derivative","coop-not-enabled|coep-not-enabled|corp-not-enabled|wildcard-cors-public-static|server-header-discloses-edge"
"https://jeremyfontenot.online/evidence-library/preserved-sharepoint/source/docs/business/sharepoint/Artifacts/index-3b31d193-5b116b76.html","200","preserved-sharepoint-derivative","coop-not-enabled|coep-not-enabled|corp-not-enabled|wildcard-cors-public-static|server-header-discloses-edge"
"https://jeremyfontenot.online/evidence-library/preserved-sharepoint/source/docs/business/sharepoint/Artifacts/index-3bd55586-0f3eb516.html","200","preserved-sharepoint-derivative","coop-not-enabled|coep-not-enabled|corp-not-enabled|wildcard-cors-public-static|server-header-discloses-edge"
"https://jeremyfontenot.online/evidence-library/preserved-sharepoint/source/docs/business/sharepoint/Artifacts/index-3cecee3a-017dff95.html","200","preserved-sharepoint-derivative","coop-not-enabled|coep-not-enabled|corp-not-enabled|wildcard-cors-public-static|server-header-discloses-edge"
"https://jeremyfontenot.online/evidence-library/preserved-sharepoint/source/docs/business/sharepoint/Artifacts/index-3d362061-d80d1cfb.html","200","preserved-sharepoint-derivative","coop-not-enabled|coep-not-enabled|corp-not-enabled|wildcard-cors-public-static|server-header-discloses-edge"
"https://jeremyfontenot.online/evidence-library/preserved-sharepoint/source/docs/business/sharepoint/Artifacts/index-3d4db0aa-9949bf37.html","200","preserved-sharepoint-derivative","coop-not-enabled|coep-not-enabled|corp-not-enabled|wildcard-cors-public-static|server-header-discloses-edge"
"https://jeremyfontenot.online/evidence-library/preserved-sharepoint/source/docs/business/sharepoint/Artifacts/index-3ef7d7b3-12860095.html","200","preserved-sharepoint-derivative","coop-not-enabled|coep-not-enabled|corp-not-enabled|wildcard-cors-public-static|server-header-discloses-edge"
"https://jeremyfontenot.online/evidence-library/preserved-sharepoint/source/docs/business/sharepoint/Artifacts/index-3f6be149-16990019.html","200","preserved-sharepoint-derivative","coop-not-enabled|coep-not-enabled|corp-not-enabled|wildcard-cors-public-static|server-header-discloses-edge"
"https://jeremyfontenot.online/evidence-library/preserved-sharepoint/source/docs/business/sharepoint/Artifacts/index-3fa6d68e-feb25165.html","200","preserved-sharepoint-derivative","coop-not-enabled|coep-not-enabled|corp-not-enabled|wildcard-cors-public-static|server-header-discloses-edge"
"https://jeremyfontenot.online/evidence-library/preserved-sharepoint/source/docs/business/sharepoint/Artifacts/index-4072d51a-f446ac52.html","200","preserved-sharepoint-derivative","coop-not-enabled|coep-not-enabled|corp-not-enabled|wildcard-cors-public-static|server-header-discloses-edge"
"https://jeremyfontenot.online/evidence-library/preserved-sharepoint/source/docs/business/sharepoint/Artifacts/index-41935ec3-70d19793.html","200","preserved-sharepoint-derivative","coop-not-enabled|coep-not-enabled|corp-not-enabled|wildcard-cors-public-static|server-header-discloses-edge"
"https://jeremyfontenot.online/evidence-library/preserved-sharepoint/source/docs/business/sharepoint/Artifacts/index-419f83a0-5dd9fab3.html","200","preserved-sharepoint-derivative","coop-not-enabled|coep-not-enabled|corp-not-enabled|wildcard-cors-public-static|server-header-discloses-edge"
"https://jeremyfontenot.online/evidence-library/preserved-sharepoint/source/docs/business/sharepoint/Artifacts/index-41e0d059-fc9f1ba0.html","200","preserved-sharepoint-derivative","coop-not-enabled|coep-not-enabled|corp-not-enabled|wildcard-cors-public-static|server-header-discloses-edge"
"https://jeremyfontenot.online/evidence-library/preserved-sharepoint/source/docs/business/sharepoint/Artifacts/index-42707b69-332218e1.html","200","preserved-sharepoint-derivative","coop-not-enabled|coep-not-enabled|corp-not-enabled|wildcard-cors-public-static|server-header-discloses-edge"
"https://jeremyfontenot.online/evidence-library/preserved-sharepoint/source/docs/business/sharepoint/Artifacts/index-42fc61ed-48e8f2d4.html","200","preserved-sharepoint-derivative","coop-not-enabled|coep-not-enabled|corp-not-enabled|wildcard-cors-public-static|server-header-discloses-edge"
"https://jeremyfontenot.online/evidence-library/preserved-sharepoint/source/docs/business/sharepoint/Artifacts/index-44deacfa-18161ded.html","200","preserved-sharepoint-derivative","coop-not-enabled|coep-not-enabled|corp-not-enabled|wildcard-cors-public-static|server-header-discloses-edge"
"https://jeremyfontenot.online/evidence-library/preserved-sharepoint/source/docs/business/sharepoint/Artifacts/index-44fe2f6d-9f8da689.html","200","preserved-sharepoint-derivative","coop-not-enabled|coep-not-enabled|corp-not-enabled|wildcard-cors-public-static|server-header-discloses-edge"
"https://jeremyfontenot.online/evidence-library/preserved-sharepoint/source/docs/business/sharepoint/Artifacts/index-455f8f96-081a602c.html","200","preserved-sharepoint-derivative","coop-not-enabled|coep-not-enabled|corp-not-enabled|wildcard-cors-public-static|server-header-discloses-edge"
"https://jeremyfontenot.online/evidence-library/preserved-sharepoint/source/docs/business/sharepoint/Artifacts/index-45bb10f0-d053c482.html","200","preserved-sharepoint-derivative","coop-not-enabled|coep-not-enabled|corp-not-enabled|wildcard-cors-public-static|server-header-discloses-edge"
"https://jeremyfontenot.online/evidence-library/preserved-sharepoint/source/docs/business/sharepoint/Artifacts/index-45f6476d-64c6c697.html","200","preserved-sharepoint-derivative","coop-not-enabled|coep-not-enabled|corp-not-enabled|wildcard-cors-public-static|server-header-discloses-edge"
"https://jeremyfontenot.online/evidence-library/preserved-sharepoint/source/docs/business/sharepoint/Artifacts/index-4637476b-143cc65e.html","200","preserved-sharepoint-derivative","coop-not-enabled|coep-not-enabled|corp-not-enabled|wildcard-cors-public-static|server-header-discloses-edge"
"https://jeremyfontenot.online/evidence-library/preserved-sharepoint/source/docs/business/sharepoint/Artifacts/index-46af668e-81cd9000.html","200","preserved-sharepoint-derivative","coop-not-enabled|coep-not-enabled|corp-not-enabled|wildcard-cors-public-static|server-header-discloses-edge"
"https://jeremyfontenot.online/evidence-library/preserved-sharepoint/source/docs/business/sharepoint/Artifacts/index-46cc31f9-e2dda29b.html","200","preserved-sharepoint-derivative","coop-not-enabled|coep-not-enabled|corp-not-enabled|wildcard-cors-public-static|server-header-discloses-edge"
"https://jeremyfontenot.online/evidence-library/preserved-sharepoint/source/docs/business/sharepoint/Artifacts/index-46d10bcb-15e063c9.html","200","preserved-sharepoint-derivative","coop-not-enabled|coep-not-enabled|corp-not-enabled|wildcard-cors-public-static|server-header-discloses-edge"
"https://jeremyfontenot.online/evidence-library/preserved-sharepoint/source/docs/business/sharepoint/Artifacts/index-476fb9dd-848ece63.html","200","preserved-sharepoint-derivative","coop-not-enabled|coep-not-enabled|corp-not-enabled|wildcard-cors-public-static|server-header-discloses-edge"
"https://jeremyfontenot.online/evidence-library/preserved-sharepoint/source/docs/business/sharepoint/Artifacts/index-480a3ce9-f8737df5.html","200","preserved-sharepoint-derivative","coop-not-enabled|coep-not-enabled|corp-not-enabled|wildcard-cors-public-static|server-header-discloses-edge"
"https://jeremyfontenot.online/evidence-library/preserved-sharepoint/source/docs/business/sharepoint/Artifacts/index-496159f2-ab3edee4.html","200","preserved-sharepoint-derivative","coop-not-enabled|coep-not-enabled|corp-not-enabled|wildcard-cors-public-static|server-header-discloses-edge"
"https://jeremyfontenot.online/evidence-library/preserved-sharepoint/source/docs/business/sharepoint/Artifacts/index-4a7b8992-ca68fb90.html","200","preserved-sharepoint-derivative","coop-not-enabled|coep-not-enabled|corp-not-enabled|wildcard-cors-public-static|server-header-discloses-edge"
"https://jeremyfontenot.online/evidence-library/preserved-sharepoint/source/docs/business/sharepoint/Artifacts/index-4b1b6ea6-453689cc.html","200","preserved-sharepoint-derivative","coop-not-enabled|coep-not-enabled|corp-not-enabled|wildcard-cors-public-static|server-header-discloses-edge"
"https://jeremyfontenot.online/evidence-library/preserved-sharepoint/source/docs/business/sharepoint/Artifacts/index-4b7568b8-64cf14a9.html","200","preserved-sharepoint-derivative","coop-not-enabled|coep-not-enabled|corp-not-enabled|wildcard-cors-public-static|server-header-discloses-edge"
"https://jeremyfontenot.online/evidence-library/preserved-sharepoint/source/docs/business/sharepoint/Artifacts/index-4b84b9e8-f1cc964d.html","200","preserved-sharepoint-derivative","coop-not-enabled|coep-not-enabled|corp-not-enabled|wildcard-cors-public-static|server-header-discloses-edge"
"https://jeremyfontenot.online/evidence-library/preserved-sharepoint/source/docs/business/sharepoint/Artifacts/index-4b95d449-516e85dc.html","200","preserved-sharepoint-derivative","coop-not-enabled|coep-not-enabled|corp-not-enabled|wildcard-cors-public-static|server-header-discloses-edge"
"https://jeremyfontenot.online/evidence-library/preserved-sharepoint/source/docs/business/sharepoint/Artifacts/index-4bd059cf-c3fea7c7.html","200","preserved-sharepoint-derivative","coop-not-enabled|coep-not-enabled|corp-not-enabled|wildcard-cors-public-static|server-header-discloses-edge"
"https://jeremyfontenot.online/evidence-library/preserved-sharepoint/source/docs/business/sharepoint/Artifacts/index-4c700668-9bcf9e33.html","200","preserved-sharepoint-derivative","coop-not-enabled|coep-not-enabled|corp-not-enabled|wildcard-cors-public-static|server-header-discloses-edge"
"https://jeremyfontenot.online/evidence-library/preserved-sharepoint/source/docs/business/sharepoint/Artifacts/index-4e116bf4-2e081c4b.html","200","preserved-sharepoint-derivative","coop-not-enabled|coep-not-enabled|corp-not-enabled|wildcard-cors-public-static|server-header-discloses-edge"
"https://jeremyfontenot.online/evidence-library/preserved-sharepoint/source/docs/business/sharepoint/Artifacts/index-4e9bda4b-0f454add.html","200","preserved-sharepoint-derivative","coop-not-enabled|coep-not-enabled|corp-not-enabled|wildcard-cors-public-static|server-header-discloses-edge"
"https://jeremyfontenot.online/evidence-library/preserved-sharepoint/source/docs/business/sharepoint/Artifacts/index-4f587e45-7285e7fd.html","200","preserved-sharepoint-derivative","coop-not-enabled|coep-not-enabled|corp-not-enabled|wildcard-cors-public-static|server-header-discloses-edge"
"https://jeremyfontenot.online/evidence-library/preserved-sharepoint/source/docs/business/sharepoint/Artifacts/index-4ff72bb6-74a8b800.html","200","preserved-sharepoint-derivative","coop-not-enabled|coep-not-enabled|corp-not-enabled|wildcard-cors-public-static|server-header-discloses-edge"
"https://jeremyfontenot.online/evidence-library/preserved-sharepoint/source/docs/business/sharepoint/Artifacts/index-5084c69d-83cf66cd.html","200","preserved-sharepoint-derivative","coop-not-enabled|coep-not-enabled|corp-not-enabled|wildcard-cors-public-static|server-header-discloses-edge"
"https://jeremyfontenot.online/evidence-library/preserved-sharepoint/source/docs/business/sharepoint/Artifacts/index-50b87cc9-cc474e44.html","200","preserved-sharepoint-derivative","coop-not-enabled|coep-not-enabled|corp-not-enabled|wildcard-cors-public-static|server-header-discloses-edge"
"https://jeremyfontenot.online/evidence-library/preserved-sharepoint/source/docs/business/sharepoint/Artifacts/index-50f0184e-2c2cb941.html","200","preserved-sharepoint-derivative","coop-not-enabled|coep-not-enabled|corp-not-enabled|wildcard-cors-public-static|server-header-discloses-edge"
"https://jeremyfontenot.online/evidence-library/preserved-sharepoint/source/docs/business/sharepoint/Artifacts/index-518aa34f-40990595.html","200","preserved-sharepoint-derivative","coop-not-enabled|coep-not-enabled|corp-not-enabled|wildcard-cors-public-static|server-header-discloses-edge"
"https://jeremyfontenot.online/evidence-library/preserved-sharepoint/source/docs/business/sharepoint/Artifacts/index-5209b515-5853eb20.html","200","preserved-sharepoint-derivative","coop-not-enabled|coep-not-enabled|corp-not-enabled|wildcard-cors-public-static|server-header-discloses-edge"
"https://jeremyfontenot.online/evidence-library/preserved-sharepoint/source/docs/business/sharepoint/Artifacts/index-5218b148-95733610.html","200","preserved-sharepoint-derivative","coop-not-enabled|coep-not-enabled|corp-not-enabled|wildcard-cors-public-static|server-header-discloses-edge"
"https://jeremyfontenot.online/evidence-library/preserved-sharepoint/source/docs/business/sharepoint/Artifacts/index-537dbff2-5778cc52.html","200","preserved-sharepoint-derivative","coop-not-enabled|coep-not-enabled|corp-not-enabled|wildcard-cors-public-static|server-header-discloses-edge"
"https://jeremyfontenot.online/evidence-library/preserved-sharepoint/source/docs/business/sharepoint/Artifacts/index-53b34588-91f0ffd6.html","200","preserved-sharepoint-derivative","coop-not-enabled|coep-not-enabled|corp-not-enabled|wildcard-cors-public-static|server-header-discloses-edge"
"https://jeremyfontenot.online/evidence-library/preserved-sharepoint/source/docs/business/sharepoint/Artifacts/index-54b44611-f8630511.html","200","preserved-sharepoint-derivative","coop-not-enabled|coep-not-enabled|corp-not-enabled|wildcard-cors-public-static|server-header-discloses-edge"
"https://jeremyfontenot.online/evidence-library/preserved-sharepoint/source/docs/business/sharepoint/Artifacts/index-553f19a1-e1cc2711.html","200","preserved-sharepoint-derivative","coop-not-enabled|coep-not-enabled|corp-not-enabled|wildcard-cors-public-static|server-header-discloses-edge"
"https://jeremyfontenot.online/evidence-library/preserved-sharepoint/source/docs/business/sharepoint/Artifacts/index-557e39e5-c7a4124d.html","200","preserved-sharepoint-derivative","coop-not-enabled|coep-not-enabled|corp-not-enabled|wildcard-cors-public-static|server-header-discloses-edge"
"https://jeremyfontenot.online/evidence-library/preserved-sharepoint/source/docs/business/sharepoint/Artifacts/index-558e48ed-67fe3fdb.html","200","preserved-sharepoint-derivative","coop-not-enabled|coep-not-enabled|corp-not-enabled|wildcard-cors-public-static|server-header-discloses-edge"
"https://jeremyfontenot.online/evidence-library/preserved-sharepoint/source/docs/business/sharepoint/Artifacts/index-55e58fcc-072c5266.html","200","preserved-sharepoint-derivative","coop-not-enabled|coep-not-enabled|corp-not-enabled|wildcard-cors-public-static|server-header-discloses-edge"
"https://jeremyfontenot.online/evidence-library/preserved-sharepoint/source/docs/business/sharepoint/Artifacts/index-55f6f0e0-d199dbd5.html","200","preserved-sharepoint-derivative","coop-not-enabled|coep-not-enabled|corp-not-enabled|wildcard-cors-public-static|server-header-discloses-edge"
"https://jeremyfontenot.online/evidence-library/preserved-sharepoint/source/docs/business/sharepoint/Artifacts/index-56a0eab3-cd6ef63f.html","200","preserved-sharepoint-derivative","coop-not-enabled|coep-not-enabled|corp-not-enabled|wildcard-cors-public-static|server-header-discloses-edge"
"https://jeremyfontenot.online/evidence-library/preserved-sharepoint/source/docs/business/sharepoint/Artifacts/index-56f9955d-3f6aa734.html","200","preserved-sharepoint-derivative","coop-not-enabled|coep-not-enabled|corp-not-enabled|wildcard-cors-public-static|server-header-discloses-edge"
"https://jeremyfontenot.online/evidence-library/preserved-sharepoint/source/docs/business/sharepoint/Artifacts/index-58841920-79fe04b3.html","200","preserved-sharepoint-derivative","coop-not-enabled|coep-not-enabled|corp-not-enabled|wildcard-cors-public-static|server-header-discloses-edge"
"https://jeremyfontenot.online/evidence-library/preserved-sharepoint/source/docs/business/sharepoint/Artifacts/index-588d3103-f8e81372.html","200","preserved-sharepoint-derivative","coop-not-enabled|coep-not-enabled|corp-not-enabled|wildcard-cors-public-static|server-header-discloses-edge"
"https://jeremyfontenot.online/evidence-library/preserved-sharepoint/source/docs/business/sharepoint/Artifacts/index-58af80ac-2956a85f.html","200","preserved-sharepoint-derivative","coop-not-enabled|coep-not-enabled|corp-not-enabled|wildcard-cors-public-static|server-header-discloses-edge"
"https://jeremyfontenot.online/evidence-library/preserved-sharepoint/source/docs/business/sharepoint/Artifacts/index-5b5ad637-c3706ef0.html","200","preserved-sharepoint-derivative","coop-not-enabled|coep-not-enabled|corp-not-enabled|wildcard-cors-public-static|server-header-discloses-edge"
"https://jeremyfontenot.online/evidence-library/preserved-sharepoint/source/docs/business/sharepoint/Artifacts/index-5b762b4f-5fe12f40.html","200","preserved-sharepoint-derivative","coop-not-enabled|coep-not-enabled|corp-not-enabled|wildcard-cors-public-static|server-header-discloses-edge"
"https://jeremyfontenot.online/evidence-library/preserved-sharepoint/source/docs/business/sharepoint/Artifacts/index-5b9c3043-039319cd.html","200","preserved-sharepoint-derivative","coop-not-enabled|coep-not-enabled|corp-not-enabled|wildcard-cors-public-static|server-header-discloses-edge"
"https://jeremyfontenot.online/evidence-library/preserved-sharepoint/source/docs/business/sharepoint/Artifacts/index-5bf39c25-8c6d47f8.html","200","preserved-sharepoint-derivative","coop-not-enabled|coep-not-enabled|corp-not-enabled|wildcard-cors-public-static|server-header-discloses-edge"
"https://jeremyfontenot.online/evidence-library/preserved-sharepoint/source/docs/business/sharepoint/Artifacts/index-5c059f14-6417c6ae.html","200","preserved-sharepoint-derivative","coop-not-enabled|coep-not-enabled|corp-not-enabled|wildcard-cors-public-static|server-header-discloses-edge"
"https://jeremyfontenot.online/evidence-library/preserved-sharepoint/source/docs/business/sharepoint/Artifacts/index-5d9cfc3e-9389f85f.html","200","preserved-sharepoint-derivative","coop-not-enabled|coep-not-enabled|corp-not-enabled|wildcard-cors-public-static|server-header-discloses-edge"
"https://jeremyfontenot.online/evidence-library/preserved-sharepoint/source/docs/business/sharepoint/Artifacts/index-5e3ff53c-483d5ed5.html","200","preserved-sharepoint-derivative","coop-not-enabled|coep-not-enabled|corp-not-enabled|wildcard-cors-public-static|server-header-discloses-edge"
"https://jeremyfontenot.online/evidence-library/preserved-sharepoint/source/docs/business/sharepoint/Artifacts/index-5e613fbe-39fe1ed2.html","200","preserved-sharepoint-derivative","coop-not-enabled|coep-not-enabled|corp-not-enabled|wildcard-cors-public-static|server-header-discloses-edge"
"https://jeremyfontenot.online/evidence-library/preserved-sharepoint/source/docs/business/sharepoint/Artifacts/index-5e977ffe-3c2bef01.html","200","preserved-sharepoint-derivative","coop-not-enabled|coep-not-enabled|corp-not-enabled|wildcard-cors-public-static|server-header-discloses-edge"
"https://jeremyfontenot.online/evidence-library/preserved-sharepoint/source/docs/business/sharepoint/Artifacts/index-5fbb18f8-901949bf.html","200","preserved-sharepoint-derivative","coop-not-enabled|coep-not-enabled|corp-not-enabled|wildcard-cors-public-static|server-header-discloses-edge"
"https://jeremyfontenot.online/evidence-library/preserved-sharepoint/source/docs/business/sharepoint/Artifacts/index-60777f0a-3089c022.html","200","preserved-sharepoint-derivative","coop-not-enabled|coep-not-enabled|corp-not-enabled|wildcard-cors-public-static|server-header-discloses-edge"
"https://jeremyfontenot.online/evidence-library/preserved-sharepoint/source/docs/business/sharepoint/Artifacts/index-61135471-165aed59.html","200","preserved-sharepoint-derivative","coop-not-enabled|coep-not-enabled|corp-not-enabled|wildcard-cors-public-static|server-header-discloses-edge"
"https://jeremyfontenot.online/evidence-library/preserved-sharepoint/source/docs/business/sharepoint/Artifacts/index-62448db0-fc073af1.html","200","preserved-sharepoint-derivative","coop-not-enabled|coep-not-enabled|corp-not-enabled|wildcard-cors-public-static|server-header-discloses-edge"
"https://jeremyfontenot.online/evidence-library/preserved-sharepoint/source/docs/business/sharepoint/Artifacts/index-62716710-99c88ced.html","200","preserved-sharepoint-derivative","coop-not-enabled|coep-not-enabled|corp-not-enabled|wildcard-cors-public-static|server-header-discloses-edge"
"https://jeremyfontenot.online/evidence-library/preserved-sharepoint/source/docs/business/sharepoint/Artifacts/index-6275a116-c1d65a7e.html","200","preserved-sharepoint-derivative","coop-not-enabled|coep-not-enabled|corp-not-enabled|wildcard-cors-public-static|server-header-discloses-edge"
"https://jeremyfontenot.online/evidence-library/preserved-sharepoint/source/docs/business/sharepoint/Artifacts/index-62aa82c2-88df4c74.html","200","preserved-sharepoint-derivative","coop-not-enabled|coep-not-enabled|corp-not-enabled|wildcard-cors-public-static|server-header-discloses-edge"
"https://jeremyfontenot.online/evidence-library/preserved-sharepoint/source/docs/business/sharepoint/Artifacts/index-62cf1a45-ca8a8216.html","200","preserved-sharepoint-derivative","coop-not-enabled|coep-not-enabled|corp-not-enabled|wildcard-cors-public-static|server-header-discloses-edge"
"https://jeremyfontenot.online/evidence-library/preserved-sharepoint/source/docs/business/sharepoint/Artifacts/index-63946cef-6a9bbdb6.html","200","preserved-sharepoint-derivative","coop-not-enabled|coep-not-enabled|corp-not-enabled|wildcard-cors-public-static|server-header-discloses-edge"
"https://jeremyfontenot.online/evidence-library/preserved-sharepoint/source/docs/business/sharepoint/Artifacts/index-64589246-fbbbdf5f.html","200","preserved-sharepoint-derivative","coop-not-enabled|coep-not-enabled|corp-not-enabled|wildcard-cors-public-static|server-header-discloses-edge"
"https://jeremyfontenot.online/evidence-library/preserved-sharepoint/source/docs/business/sharepoint/Artifacts/index-6459204f-4bde7657.html","200","preserved-sharepoint-derivative","coop-not-enabled|coep-not-enabled|corp-not-enabled|wildcard-cors-public-static|server-header-discloses-edge"
"https://jeremyfontenot.online/evidence-library/preserved-sharepoint/source/docs/business/sharepoint/Artifacts/index-6469076c-6369da01.html","200","preserved-sharepoint-derivative","coop-not-enabled|coep-not-enabled|corp-not-enabled|wildcard-cors-public-static|server-header-discloses-edge"
"https://jeremyfontenot.online/evidence-library/preserved-sharepoint/source/docs/business/sharepoint/Artifacts/index-655df70a-f70b5013.html","200","preserved-sharepoint-derivative","coop-not-enabled|coep-not-enabled|corp-not-enabled|wildcard-cors-public-static|server-header-discloses-edge"
"https://jeremyfontenot.online/evidence-library/preserved-sharepoint/source/docs/business/sharepoint/Artifacts/index-6751fe91-29fe9635.html","200","preserved-sharepoint-derivative","coop-not-enabled|coep-not-enabled|corp-not-enabled|wildcard-cors-public-static|server-header-discloses-edge"
"https://jeremyfontenot.online/evidence-library/preserved-sharepoint/source/docs/business/sharepoint/Artifacts/index-6765066e-f38f892f.html","200","preserved-sharepoint-derivative","coop-not-enabled|coep-not-enabled|corp-not-enabled|wildcard-cors-public-static|server-header-discloses-edge"
"https://jeremyfontenot.online/evidence-library/preserved-sharepoint/source/docs/business/sharepoint/Artifacts/index-685e5ce8-cb701f42.html","200","preserved-sharepoint-derivative","coop-not-enabled|coep-not-enabled|corp-not-enabled|wildcard-cors-public-static|server-header-discloses-edge"
"https://jeremyfontenot.online/evidence-library/preserved-sharepoint/source/docs/business/sharepoint/Artifacts/index-68d1104b-14243c40.html","200","preserved-sharepoint-derivative","coop-not-enabled|coep-not-enabled|corp-not-enabled|wildcard-cors-public-static|server-header-discloses-edge"
"https://jeremyfontenot.online/evidence-library/preserved-sharepoint/source/docs/business/sharepoint/Artifacts/index-6976848b-5b91c5be.html","200","preserved-sharepoint-derivative","coop-not-enabled|coep-not-enabled|corp-not-enabled|wildcard-cors-public-static|server-header-discloses-edge"
"https://jeremyfontenot.online/evidence-library/preserved-sharepoint/source/docs/business/sharepoint/Artifacts/index-6b1a06ed-4ae7502a.html","200","preserved-sharepoint-derivative","coop-not-enabled|coep-not-enabled|corp-not-enabled|wildcard-cors-public-static|server-header-discloses-edge"
"https://jeremyfontenot.online/evidence-library/preserved-sharepoint/source/docs/business/sharepoint/Artifacts/index-6b2cfff6-23a9f18c.html","200","preserved-sharepoint-derivative","coop-not-enabled|coep-not-enabled|corp-not-enabled|wildcard-cors-public-static|server-header-discloses-edge"
"https://jeremyfontenot.online/evidence-library/preserved-sharepoint/source/docs/business/sharepoint/Artifacts/index-6b52487d-6cc55db3.html","200","preserved-sharepoint-derivative","coop-not-enabled|coep-not-enabled|corp-not-enabled|wildcard-cors-public-static|server-header-discloses-edge"
"https://jeremyfontenot.online/evidence-library/preserved-sharepoint/source/docs/business/sharepoint/Artifacts/index-6be8c7f8-3f398232.html","200","preserved-sharepoint-derivative","coop-not-enabled|coep-not-enabled|corp-not-enabled|wildcard-cors-public-static|server-header-discloses-edge"
"https://jeremyfontenot.online/evidence-library/preserved-sharepoint/source/docs/business/sharepoint/Artifacts/index-6c731337-43575e00.html","200","preserved-sharepoint-derivative","coop-not-enabled|coep-not-enabled|corp-not-enabled|wildcard-cors-public-static|server-header-discloses-edge"
"https://jeremyfontenot.online/evidence-library/preserved-sharepoint/source/docs/business/sharepoint/Artifacts/index-6c83bca2-186cdfe9.html","200","preserved-sharepoint-derivative","coop-not-enabled|coep-not-enabled|corp-not-enabled|wildcard-cors-public-static|server-header-discloses-edge"
"https://jeremyfontenot.online/evidence-library/preserved-sharepoint/source/docs/business/sharepoint/Artifacts/index-6c849225-5f9a2b65.html","200","preserved-sharepoint-derivative","coop-not-enabled|coep-not-enabled|corp-not-enabled|wildcard-cors-public-static|server-header-discloses-edge"
"https://jeremyfontenot.online/evidence-library/preserved-sharepoint/source/docs/business/sharepoint/Artifacts/index-6d3216b0-61004def.html","200","preserved-sharepoint-derivative","coop-not-enabled|coep-not-enabled|corp-not-enabled|wildcard-cors-public-static|server-header-discloses-edge"
"https://jeremyfontenot.online/evidence-library/preserved-sharepoint/source/docs/business/sharepoint/Artifacts/index-6e4e7f82-c671885e.html","200","preserved-sharepoint-derivative","coop-not-enabled|coep-not-enabled|corp-not-enabled|wildcard-cors-public-static|server-header-discloses-edge"
"https://jeremyfontenot.online/evidence-library/preserved-sharepoint/source/docs/business/sharepoint/Artifacts/index-6f0ba246-68617ff3.html","200","preserved-sharepoint-derivative","coop-not-enabled|coep-not-enabled|corp-not-enabled|wildcard-cors-public-static|server-header-discloses-edge"
"https://jeremyfontenot.online/evidence-library/preserved-sharepoint/source/docs/business/sharepoint/Artifacts/index-6f57db2d-25f9aa1c.html","200","preserved-sharepoint-derivative","coop-not-enabled|coep-not-enabled|corp-not-enabled|wildcard-cors-public-static|server-header-discloses-edge"
"https://jeremyfontenot.online/evidence-library/preserved-sharepoint/source/docs/business/sharepoint/Artifacts/index-70880353-9f224a53.html","200","preserved-sharepoint-derivative","coop-not-enabled|coep-not-enabled|corp-not-enabled|wildcard-cors-public-static|server-header-discloses-edge"
"https://jeremyfontenot.online/evidence-library/preserved-sharepoint/source/docs/business/sharepoint/Artifacts/index-7088f9b6-4a241680.html","200","preserved-sharepoint-derivative","coop-not-enabled|coep-not-enabled|corp-not-enabled|wildcard-cors-public-static|server-header-discloses-edge"
"https://jeremyfontenot.online/evidence-library/preserved-sharepoint/source/docs/business/sharepoint/Artifacts/index-708fa0da-e0e09bcd.html","200","preserved-sharepoint-derivative","coop-not-enabled|coep-not-enabled|corp-not-enabled|wildcard-cors-public-static|server-header-discloses-edge"
"https://jeremyfontenot.online/evidence-library/preserved-sharepoint/source/docs/business/sharepoint/Artifacts/index-7168e5f6-9d5ad2da.html","200","preserved-sharepoint-derivative","coop-not-enabled|coep-not-enabled|corp-not-enabled|wildcard-cors-public-static|server-header-discloses-edge"
"https://jeremyfontenot.online/evidence-library/preserved-sharepoint/source/docs/business/sharepoint/Artifacts/index-71d550de-3d01ddbb.html","200","preserved-sharepoint-derivative","coop-not-enabled|coep-not-enabled|corp-not-enabled|wildcard-cors-public-static|server-header-discloses-edge"
"https://jeremyfontenot.online/evidence-library/preserved-sharepoint/source/docs/business/sharepoint/Artifacts/index-72847d4f-e096096d.html","200","preserved-sharepoint-derivative","coop-not-enabled|coep-not-enabled|corp-not-enabled|wildcard-cors-public-static|server-header-discloses-edge"
"https://jeremyfontenot.online/evidence-library/preserved-sharepoint/source/docs/business/sharepoint/Artifacts/index-72d43c7e-9b2afd85.html","200","preserved-sharepoint-derivative","coop-not-enabled|coep-not-enabled|corp-not-enabled|wildcard-cors-public-static|server-header-discloses-edge"
"https://jeremyfontenot.online/evidence-library/preserved-sharepoint/source/docs/business/sharepoint/Artifacts/index-73110a65-914666cf.html","200","preserved-sharepoint-derivative","coop-not-enabled|coep-not-enabled|corp-not-enabled|wildcard-cors-public-static|server-header-discloses-edge"
"https://jeremyfontenot.online/evidence-library/preserved-sharepoint/source/docs/business/sharepoint/Artifacts/index-73127fee-e8a1a8e2.html","200","preserved-sharepoint-derivative","coop-not-enabled|coep-not-enabled|corp-not-enabled|wildcard-cors-public-static|server-header-discloses-edge"
"https://jeremyfontenot.online/evidence-library/preserved-sharepoint/source/docs/business/sharepoint/Artifacts/index-74ef8a88-3cb9fdbb.html","200","preserved-sharepoint-derivative","coop-not-enabled|coep-not-enabled|corp-not-enabled|wildcard-cors-public-static|server-header-discloses-edge"
"https://jeremyfontenot.online/evidence-library/preserved-sharepoint/source/docs/business/sharepoint/Artifacts/index-750ede9c-24b03235.html","200","preserved-sharepoint-derivative","coop-not-enabled|coep-not-enabled|corp-not-enabled|wildcard-cors-public-static|server-header-discloses-edge"
"https://jeremyfontenot.online/evidence-library/preserved-sharepoint/source/docs/business/sharepoint/Artifacts/index-75b7bfe4-9270367a.html","200","preserved-sharepoint-derivative","coop-not-enabled|coep-not-enabled|corp-not-enabled|wildcard-cors-public-static|server-header-discloses-edge"
"https://jeremyfontenot.online/evidence-library/preserved-sharepoint/source/docs/business/sharepoint/Artifacts/index-75d42b2e-2115d1c0.html","200","preserved-sharepoint-derivative","coop-not-enabled|coep-not-enabled|corp-not-enabled|wildcard-cors-public-static|server-header-discloses-edge"
"https://jeremyfontenot.online/evidence-library/preserved-sharepoint/source/docs/business/sharepoint/Artifacts/index-77581a7e-df50588d.html","200","preserved-sharepoint-derivative","coop-not-enabled|coep-not-enabled|corp-not-enabled|wildcard-cors-public-static|server-header-discloses-edge"
"https://jeremyfontenot.online/evidence-library/preserved-sharepoint/source/docs/business/sharepoint/Artifacts/index-788b62db-d2244999.html","200","preserved-sharepoint-derivative","coop-not-enabled|coep-not-enabled|corp-not-enabled|wildcard-cors-public-static|server-header-discloses-edge"
"https://jeremyfontenot.online/evidence-library/preserved-sharepoint/source/docs/business/sharepoint/Artifacts/index-78b495b0-9d30cc07.html","200","preserved-sharepoint-derivative","coop-not-enabled|coep-not-enabled|corp-not-enabled|wildcard-cors-public-static|server-header-discloses-edge"
"https://jeremyfontenot.online/evidence-library/preserved-sharepoint/source/docs/business/sharepoint/Artifacts/index-78d9ed83-cccf5fb4.html","200","preserved-sharepoint-derivative","coop-not-enabled|coep-not-enabled|corp-not-enabled|wildcard-cors-public-static|server-header-discloses-edge"
"https://jeremyfontenot.online/evidence-library/preserved-sharepoint/source/docs/business/sharepoint/Artifacts/index-791fe820-5f90f339.html","200","preserved-sharepoint-derivative","coop-not-enabled|coep-not-enabled|corp-not-enabled|wildcard-cors-public-static|server-header-discloses-edge"
"https://jeremyfontenot.online/evidence-library/preserved-sharepoint/source/docs/business/sharepoint/Artifacts/index-79ac98da-7d373b03.html","200","preserved-sharepoint-derivative","coop-not-enabled|coep-not-enabled|corp-not-enabled|wildcard-cors-public-static|server-header-discloses-edge"
"https://jeremyfontenot.online/evidence-library/preserved-sharepoint/source/docs/business/sharepoint/Artifacts/index-79b394cc-6696ac08.html","200","preserved-sharepoint-derivative","coop-not-enabled|coep-not-enabled|corp-not-enabled|wildcard-cors-public-static|server-header-discloses-edge"
"https://jeremyfontenot.online/evidence-library/preserved-sharepoint/source/docs/business/sharepoint/Artifacts/index-7a925583-d7a181f0.html","200","preserved-sharepoint-derivative","coop-not-enabled|coep-not-enabled|corp-not-enabled|wildcard-cors-public-static|server-header-discloses-edge"
"https://jeremyfontenot.online/evidence-library/preserved-sharepoint/source/docs/business/sharepoint/Artifacts/index-7a9c722e-3267ceec.html","200","preserved-sharepoint-derivative","coop-not-enabled|coep-not-enabled|corp-not-enabled|wildcard-cors-public-static|server-header-discloses-edge"
"https://jeremyfontenot.online/evidence-library/preserved-sharepoint/source/docs/business/sharepoint/Artifacts/index-7b208676-7c287386.html","200","preserved-sharepoint-derivative","coop-not-enabled|coep-not-enabled|corp-not-enabled|wildcard-cors-public-static|server-header-discloses-edge"
"https://jeremyfontenot.online/evidence-library/preserved-sharepoint/source/docs/business/sharepoint/Artifacts/index-7b6c8032-1daa38c6.html","200","preserved-sharepoint-derivative","coop-not-enabled|coep-not-enabled|corp-not-enabled|wildcard-cors-public-static|server-header-discloses-edge"
"https://jeremyfontenot.online/evidence-library/preserved-sharepoint/source/docs/business/sharepoint/Artifacts/index-7bf3ad11-a66e1165.html","200","preserved-sharepoint-derivative","coop-not-enabled|coep-not-enabled|corp-not-enabled|wildcard-cors-public-static|server-header-discloses-edge"
"https://jeremyfontenot.online/evidence-library/preserved-sharepoint/source/docs/business/sharepoint/Artifacts/index-7c174b3f-b43a7eb4.html","200","preserved-sharepoint-derivative","coop-not-enabled|coep-not-enabled|corp-not-enabled|wildcard-cors-public-static|server-header-discloses-edge"
"https://jeremyfontenot.online/evidence-library/preserved-sharepoint/source/docs/business/sharepoint/Artifacts/index-7c5fe9f6-e2f34763.html","200","preserved-sharepoint-derivative","coop-not-enabled|coep-not-enabled|corp-not-enabled|wildcard-cors-public-static|server-header-discloses-edge"
"https://jeremyfontenot.online/evidence-library/preserved-sharepoint/source/docs/business/sharepoint/Artifacts/index-7ca23d94-282d0252.html","200","preserved-sharepoint-derivative","coop-not-enabled|coep-not-enabled|corp-not-enabled|wildcard-cors-public-static|server-header-discloses-edge"
"https://jeremyfontenot.online/evidence-library/preserved-sharepoint/source/docs/business/sharepoint/Artifacts/index-7ca4acaf-ff015587.html","200","preserved-sharepoint-derivative","coop-not-enabled|coep-not-enabled|corp-not-enabled|wildcard-cors-public-static|server-header-discloses-edge"
"https://jeremyfontenot.online/evidence-library/preserved-sharepoint/source/docs/business/sharepoint/Artifacts/index-7cd8b69f-afabad73.html","200","preserved-sharepoint-derivative","coop-not-enabled|coep-not-enabled|corp-not-enabled|wildcard-cors-public-static|server-header-discloses-edge"
"https://jeremyfontenot.online/evidence-library/preserved-sharepoint/source/docs/business/sharepoint/Artifacts/index-7df6e743-6c763188.html","200","preserved-sharepoint-derivative","coop-not-enabled|coep-not-enabled|corp-not-enabled|wildcard-cors-public-static|server-header-discloses-edge"
"https://jeremyfontenot.online/evidence-library/preserved-sharepoint/source/docs/business/sharepoint/Artifacts/index-7e20af1c-f02326ef.html","200","preserved-sharepoint-derivative","coop-not-enabled|coep-not-enabled|corp-not-enabled|wildcard-cors-public-static|server-header-discloses-edge"
"https://jeremyfontenot.online/evidence-library/preserved-sharepoint/source/docs/business/sharepoint/Artifacts/index-7e30c75e-01efd203.html","200","preserved-sharepoint-derivative","coop-not-enabled|coep-not-enabled|corp-not-enabled|wildcard-cors-public-static|server-header-discloses-edge"
"https://jeremyfontenot.online/evidence-library/preserved-sharepoint/source/docs/business/sharepoint/Artifacts/index-7e38db6b-1c25099c.html","200","preserved-sharepoint-derivative","coop-not-enabled|coep-not-enabled|corp-not-enabled|wildcard-cors-public-static|server-header-discloses-edge"
"https://jeremyfontenot.online/evidence-library/preserved-sharepoint/source/docs/business/sharepoint/Artifacts/index-8122d1b3-1661e90c.html","200","preserved-sharepoint-derivative","coop-not-enabled|coep-not-enabled|corp-not-enabled|wildcard-cors-public-static|server-header-discloses-edge"
"https://jeremyfontenot.online/evidence-library/preserved-sharepoint/source/docs/business/sharepoint/Artifacts/index-813ba7a3-72d594d4.html","200","preserved-sharepoint-derivative","coop-not-enabled|coep-not-enabled|corp-not-enabled|wildcard-cors-public-static|server-header-discloses-edge"
"https://jeremyfontenot.online/evidence-library/preserved-sharepoint/source/docs/business/sharepoint/Artifacts/index-814f79fe-2aff50e1.html","200","preserved-sharepoint-derivative","coop-not-enabled|coep-not-enabled|corp-not-enabled|wildcard-cors-public-static|server-header-discloses-edge"
"https://jeremyfontenot.online/evidence-library/preserved-sharepoint/source/docs/business/sharepoint/Artifacts/index-82137499-e643efbd.html","200","preserved-sharepoint-derivative","coop-not-enabled|coep-not-enabled|corp-not-enabled|wildcard-cors-public-static|server-header-discloses-edge"
"https://jeremyfontenot.online/evidence-library/preserved-sharepoint/source/docs/business/sharepoint/Artifacts/index-82e6bad8-934d2840.html","200","preserved-sharepoint-derivative","coop-not-enabled|coep-not-enabled|corp-not-enabled|wildcard-cors-public-static|server-header-discloses-edge"
"https://jeremyfontenot.online/evidence-library/preserved-sharepoint/source/docs/business/sharepoint/Artifacts/index-8302a995-332f0b92.html","200","preserved-sharepoint-derivative","coop-not-enabled|coep-not-enabled|corp-not-enabled|wildcard-cors-public-static|server-header-discloses-edge"
"https://jeremyfontenot.online/evidence-library/preserved-sharepoint/source/docs/business/sharepoint/Artifacts/index-832cc8a3-b5842161.html","200","preserved-sharepoint-derivative","coop-not-enabled|coep-not-enabled|corp-not-enabled|wildcard-cors-public-static|server-header-discloses-edge"
"https://jeremyfontenot.online/evidence-library/preserved-sharepoint/source/docs/business/sharepoint/Artifacts/index-838ed017-bcc5d4d5.html","200","preserved-sharepoint-derivative","coop-not-enabled|coep-not-enabled|corp-not-enabled|wildcard-cors-public-static|server-header-discloses-edge"
"https://jeremyfontenot.online/evidence-library/preserved-sharepoint/source/docs/business/sharepoint/Artifacts/index-83c217d3-d3c16da1.html","200","preserved-sharepoint-derivative","coop-not-enabled|coep-not-enabled|corp-not-enabled|wildcard-cors-public-static|server-header-discloses-edge"
"https://jeremyfontenot.online/evidence-library/preserved-sharepoint/source/docs/business/sharepoint/Artifacts/index-8464d7bf-3126b512.html","200","preserved-sharepoint-derivative","coop-not-enabled|coep-not-enabled|corp-not-enabled|wildcard-cors-public-static|server-header-discloses-edge"
"https://jeremyfontenot.online/evidence-library/preserved-sharepoint/source/docs/business/sharepoint/Artifacts/index-846630f5-83df3f1e.html","200","preserved-sharepoint-derivative","coop-not-enabled|coep-not-enabled|corp-not-enabled|wildcard-cors-public-static|server-header-discloses-edge"
"https://jeremyfontenot.online/evidence-library/preserved-sharepoint/source/docs/business/sharepoint/Artifacts/index-857d9703-a5b06f89.html","200","preserved-sharepoint-derivative","coop-not-enabled|coep-not-enabled|corp-not-enabled|wildcard-cors-public-static|server-header-discloses-edge"
"https://jeremyfontenot.online/evidence-library/preserved-sharepoint/source/docs/business/sharepoint/Artifacts/index-85d1251a-680b482d.html","200","preserved-sharepoint-derivative","coop-not-enabled|coep-not-enabled|corp-not-enabled|wildcard-cors-public-static|server-header-discloses-edge"
"https://jeremyfontenot.online/evidence-library/preserved-sharepoint/source/docs/business/sharepoint/Artifacts/index-862656df-a5460c1f.html","200","preserved-sharepoint-derivative","coop-not-enabled|coep-not-enabled|corp-not-enabled|wildcard-cors-public-static|server-header-discloses-edge"
"https://jeremyfontenot.online/evidence-library/preserved-sharepoint/source/docs/business/sharepoint/Artifacts/index-87502b62-56e07878.html","200","preserved-sharepoint-derivative","coop-not-enabled|coep-not-enabled|corp-not-enabled|wildcard-cors-public-static|server-header-discloses-edge"
"https://jeremyfontenot.online/evidence-library/preserved-sharepoint/source/docs/business/sharepoint/Artifacts/index-87fc6e82-c57cdd9a.html","200","preserved-sharepoint-derivative","coop-not-enabled|coep-not-enabled|corp-not-enabled|wildcard-cors-public-static|server-header-discloses-edge"
"https://jeremyfontenot.online/evidence-library/preserved-sharepoint/source/docs/business/sharepoint/Artifacts/index-887530b5-48c4f7c8.html","200","preserved-sharepoint-derivative","coop-not-enabled|coep-not-enabled|corp-not-enabled|wildcard-cors-public-static|server-header-discloses-edge"
"https://jeremyfontenot.online/evidence-library/preserved-sharepoint/source/docs/business/sharepoint/Artifacts/index-891269d6-3f2755d3.html","200","preserved-sharepoint-derivative","coop-not-enabled|coep-not-enabled|corp-not-enabled|wildcard-cors-public-static|server-header-discloses-edge"
"https://jeremyfontenot.online/evidence-library/preserved-sharepoint/source/docs/business/sharepoint/Artifacts/index-894c6d4a-43799571.html","200","preserved-sharepoint-derivative","coop-not-enabled|coep-not-enabled|corp-not-enabled|wildcard-cors-public-static|server-header-discloses-edge"
"https://jeremyfontenot.online/evidence-library/preserved-sharepoint/source/docs/business/sharepoint/Artifacts/index-8a402809-101d8c58.html","200","preserved-sharepoint-derivative","coop-not-enabled|coep-not-enabled|corp-not-enabled|wildcard-cors-public-static|server-header-discloses-edge"
"https://jeremyfontenot.online/evidence-library/preserved-sharepoint/source/docs/business/sharepoint/Artifacts/index-8a8a4528-b910ad92.html","200","preserved-sharepoint-derivative","coop-not-enabled|coep-not-enabled|corp-not-enabled|wildcard-cors-public-static|server-header-discloses-edge"
"https://jeremyfontenot.online/evidence-library/preserved-sharepoint/source/docs/business/sharepoint/Artifacts/index-8afc0ac1-f1205d81.html","200","preserved-sharepoint-derivative","coop-not-enabled|coep-not-enabled|corp-not-enabled|wildcard-cors-public-static|server-header-discloses-edge"
"https://jeremyfontenot.online/evidence-library/preserved-sharepoint/source/docs/business/sharepoint/Artifacts/index-8bbf85f6-0b4cbdaf.html","200","preserved-sharepoint-derivative","coop-not-enabled|coep-not-enabled|corp-not-enabled|wildcard-cors-public-static|server-header-discloses-edge"
"https://jeremyfontenot.online/evidence-library/preserved-sharepoint/source/docs/business/sharepoint/Artifacts/index-8bd1b911-e1888eb0.html","200","preserved-sharepoint-derivative","coop-not-enabled|coep-not-enabled|corp-not-enabled|wildcard-cors-public-static|server-header-discloses-edge"
"https://jeremyfontenot.online/evidence-library/preserved-sharepoint/source/docs/business/sharepoint/Artifacts/index-8c2ebac5-2525e153.html","200","preserved-sharepoint-derivative","coop-not-enabled|coep-not-enabled|corp-not-enabled|wildcard-cors-public-static|server-header-discloses-edge"
"https://jeremyfontenot.online/evidence-library/preserved-sharepoint/source/docs/business/sharepoint/Artifacts/index-8c8d7a97-5ed35b66.html","200","preserved-sharepoint-derivative","coop-not-enabled|coep-not-enabled|corp-not-enabled|wildcard-cors-public-static|server-header-discloses-edge"
"https://jeremyfontenot.online/evidence-library/preserved-sharepoint/source/docs/business/sharepoint/Artifacts/index-8cc2b459-0ea67355.html","200","preserved-sharepoint-derivative","coop-not-enabled|coep-not-enabled|corp-not-enabled|wildcard-cors-public-static|server-header-discloses-edge"
"https://jeremyfontenot.online/evidence-library/preserved-sharepoint/source/docs/business/sharepoint/Artifacts/index-8cf5605d-0fe9ffde.html","200","preserved-sharepoint-derivative","coop-not-enabled|coep-not-enabled|corp-not-enabled|wildcard-cors-public-static|server-header-discloses-edge"
"https://jeremyfontenot.online/evidence-library/preserved-sharepoint/source/docs/business/sharepoint/Artifacts/index-8d7b6b55-fc6e48d4.html","200","preserved-sharepoint-derivative","coop-not-enabled|coep-not-enabled|corp-not-enabled|wildcard-cors-public-static|server-header-discloses-edge"
"https://jeremyfontenot.online/evidence-library/preserved-sharepoint/source/docs/business/sharepoint/Artifacts/index-8de19d37-81197f90.html","200","preserved-sharepoint-derivative","coop-not-enabled|coep-not-enabled|corp-not-enabled|wildcard-cors-public-static|server-header-discloses-edge"
"https://jeremyfontenot.online/evidence-library/preserved-sharepoint/source/docs/business/sharepoint/Artifacts/index-8f68f3ad-9cbeb204.html","200","preserved-sharepoint-derivative","coop-not-enabled|coep-not-enabled|corp-not-enabled|wildcard-cors-public-static|server-header-discloses-edge"
"https://jeremyfontenot.online/evidence-library/preserved-sharepoint/source/docs/business/sharepoint/Artifacts/index-90636229-b952d20a.html","200","preserved-sharepoint-derivative","coop-not-enabled|coep-not-enabled|corp-not-enabled|wildcard-cors-public-static|server-header-discloses-edge"
"https://jeremyfontenot.online/evidence-library/preserved-sharepoint/source/docs/business/sharepoint/Artifacts/index-9064bad2-46459824.html","200","preserved-sharepoint-derivative","coop-not-enabled|coep-not-enabled|corp-not-enabled|wildcard-cors-public-static|server-header-discloses-edge"
"https://jeremyfontenot.online/evidence-library/preserved-sharepoint/source/docs/business/sharepoint/Artifacts/index-91892e54-f17aea3d.html","200","preserved-sharepoint-derivative","coop-not-enabled|coep-not-enabled|corp-not-enabled|wildcard-cors-public-static|server-header-discloses-edge"
"https://jeremyfontenot.online/evidence-library/preserved-sharepoint/source/docs/business/sharepoint/Artifacts/index-91cc218d-a692a24f.html","200","preserved-sharepoint-derivative","coop-not-enabled|coep-not-enabled|corp-not-enabled|wildcard-cors-public-static|server-header-discloses-edge"
"https://jeremyfontenot.online/evidence-library/preserved-sharepoint/source/docs/business/sharepoint/Artifacts/index-91e31f95-46727cb2.html","200","preserved-sharepoint-derivative","coop-not-enabled|coep-not-enabled|corp-not-enabled|wildcard-cors-public-static|server-header-discloses-edge"
"https://jeremyfontenot.online/evidence-library/preserved-sharepoint/source/docs/business/sharepoint/Artifacts/index-91f191d1-fcfaf342.html","200","preserved-sharepoint-derivative","coop-not-enabled|coep-not-enabled|corp-not-enabled|wildcard-cors-public-static|server-header-discloses-edge"
"https://jeremyfontenot.online/evidence-library/preserved-sharepoint/source/docs/business/sharepoint/Artifacts/index-9288c8fb-b1b6f3c4.html","200","preserved-sharepoint-derivative","coop-not-enabled|coep-not-enabled|corp-not-enabled|wildcard-cors-public-static|server-header-discloses-edge"
"https://jeremyfontenot.online/evidence-library/preserved-sharepoint/source/docs/business/sharepoint/Artifacts/index-930baf24-b07e11e9.html","200","preserved-sharepoint-derivative","coop-not-enabled|coep-not-enabled|corp-not-enabled|wildcard-cors-public-static|server-header-discloses-edge"
"https://jeremyfontenot.online/evidence-library/preserved-sharepoint/source/docs/business/sharepoint/Artifacts/index-933ca806-a663d251.html","200","preserved-sharepoint-derivative","coop-not-enabled|coep-not-enabled|corp-not-enabled|wildcard-cors-public-static|server-header-discloses-edge"
"https://jeremyfontenot.online/evidence-library/preserved-sharepoint/source/docs/business/sharepoint/Artifacts/index-9419c4b5-f2133e73.html","200","preserved-sharepoint-derivative","coop-not-enabled|coep-not-enabled|corp-not-enabled|wildcard-cors-public-static|server-header-discloses-edge"
"https://jeremyfontenot.online/evidence-library/preserved-sharepoint/source/docs/business/sharepoint/Artifacts/index-946fb694-8636efd7.html","200","preserved-sharepoint-derivative","coop-not-enabled|coep-not-enabled|corp-not-enabled|wildcard-cors-public-static|server-header-discloses-edge"
"https://jeremyfontenot.online/evidence-library/preserved-sharepoint/source/docs/business/sharepoint/Artifacts/index-950038ff-66782ea6.html","200","preserved-sharepoint-derivative","coop-not-enabled|coep-not-enabled|corp-not-enabled|wildcard-cors-public-static|server-header-discloses-edge"
"https://jeremyfontenot.online/evidence-library/preserved-sharepoint/source/docs/business/sharepoint/Artifacts/index-954b39a9-529c03c7.html","200","preserved-sharepoint-derivative","coop-not-enabled|coep-not-enabled|corp-not-enabled|wildcard-cors-public-static|server-header-discloses-edge"
"https://jeremyfontenot.online/evidence-library/preserved-sharepoint/source/docs/business/sharepoint/Artifacts/index-958ed7a1-3ebe1dc7.html","200","preserved-sharepoint-derivative","coop-not-enabled|coep-not-enabled|corp-not-enabled|wildcard-cors-public-static|server-header-discloses-edge"
"https://jeremyfontenot.online/evidence-library/preserved-sharepoint/source/docs/business/sharepoint/Artifacts/index-95a773b4-cec8b736.html","200","preserved-sharepoint-derivative","coop-not-enabled|coep-not-enabled|corp-not-enabled|wildcard-cors-public-static|server-header-discloses-edge"
"https://jeremyfontenot.online/evidence-library/preserved-sharepoint/source/docs/business/sharepoint/Artifacts/index-95c0e638-127817af.html","200","preserved-sharepoint-derivative","coop-not-enabled|coep-not-enabled|corp-not-enabled|wildcard-cors-public-static|server-header-discloses-edge"
"https://jeremyfontenot.online/evidence-library/preserved-sharepoint/source/docs/business/sharepoint/Artifacts/index-961ac239-83ea9ed1.html","200","preserved-sharepoint-derivative","coop-not-enabled|coep-not-enabled|corp-not-enabled|wildcard-cors-public-static|server-header-discloses-edge"
"https://jeremyfontenot.online/evidence-library/preserved-sharepoint/source/docs/business/sharepoint/Artifacts/index-968ee171-5decb7bb.html","200","preserved-sharepoint-derivative","coop-not-enabled|coep-not-enabled|corp-not-enabled|wildcard-cors-public-static|server-header-discloses-edge"
"https://jeremyfontenot.online/evidence-library/preserved-sharepoint/source/docs/business/sharepoint/Artifacts/index-9709ef0f-39fc5fb5.html","200","preserved-sharepoint-derivative","coop-not-enabled|coep-not-enabled|corp-not-enabled|wildcard-cors-public-static|server-header-discloses-edge"
"https://jeremyfontenot.online/evidence-library/preserved-sharepoint/source/docs/business/sharepoint/Artifacts/index-97445a17-4f579d44.html","200","preserved-sharepoint-derivative","coop-not-enabled|coep-not-enabled|corp-not-enabled|wildcard-cors-public-static|server-header-discloses-edge"
"https://jeremyfontenot.online/evidence-library/preserved-sharepoint/source/docs/business/sharepoint/Artifacts/index-97b275b2-0c00e639.html","200","preserved-sharepoint-derivative","coop-not-enabled|coep-not-enabled|corp-not-enabled|wildcard-cors-public-static|server-header-discloses-edge"
"https://jeremyfontenot.online/evidence-library/preserved-sharepoint/source/docs/business/sharepoint/Artifacts/index-97b31618-1f6f1577.html","200","preserved-sharepoint-derivative","coop-not-enabled|coep-not-enabled|corp-not-enabled|wildcard-cors-public-static|server-header-discloses-edge"
"https://jeremyfontenot.online/evidence-library/preserved-sharepoint/source/docs/business/sharepoint/Artifacts/index-97f571c1-542e823e.html","200","preserved-sharepoint-derivative","coop-not-enabled|coep-not-enabled|corp-not-enabled|wildcard-cors-public-static|server-header-discloses-edge"
"https://jeremyfontenot.online/evidence-library/preserved-sharepoint/source/docs/business/sharepoint/Artifacts/index-9863bcd9-727e4765.html","200","preserved-sharepoint-derivative","coop-not-enabled|coep-not-enabled|corp-not-enabled|wildcard-cors-public-static|server-header-discloses-edge"
"https://jeremyfontenot.online/evidence-library/preserved-sharepoint/source/docs/business/sharepoint/Artifacts/index-98f8eca6-14e64a05.html","200","preserved-sharepoint-derivative","coop-not-enabled|coep-not-enabled|corp-not-enabled|wildcard-cors-public-static|server-header-discloses-edge"
"https://jeremyfontenot.online/evidence-library/preserved-sharepoint/source/docs/business/sharepoint/Artifacts/index-993d54cc-8a8d164e.html","200","preserved-sharepoint-derivative","coop-not-enabled|coep-not-enabled|corp-not-enabled|wildcard-cors-public-static|server-header-discloses-edge"
"https://jeremyfontenot.online/evidence-library/preserved-sharepoint/source/docs/business/sharepoint/Artifacts/index-9a68417e-e3a89742.html","200","preserved-sharepoint-derivative","coop-not-enabled|coep-not-enabled|corp-not-enabled|wildcard-cors-public-static|server-header-discloses-edge"
"https://jeremyfontenot.online/evidence-library/preserved-sharepoint/source/docs/business/sharepoint/Artifacts/index-9a784314-a5abb329.html","200","preserved-sharepoint-derivative","coop-not-enabled|coep-not-enabled|corp-not-enabled|wildcard-cors-public-static|server-header-discloses-edge"
"https://jeremyfontenot.online/evidence-library/preserved-sharepoint/source/docs/business/sharepoint/Artifacts/index-9a8af4a9-7be34494.html","200","preserved-sharepoint-derivative","coop-not-enabled|coep-not-enabled|corp-not-enabled|wildcard-cors-public-static|server-header-discloses-edge"
"https://jeremyfontenot.online/evidence-library/preserved-sharepoint/source/docs/business/sharepoint/Artifacts/index-9ab507be-00e1c795.html","200","preserved-sharepoint-derivative","coop-not-enabled|coep-not-enabled|corp-not-enabled|wildcard-cors-public-static|server-header-discloses-edge"
"https://jeremyfontenot.online/evidence-library/preserved-sharepoint/source/docs/business/sharepoint/Artifacts/index-9aee9ac3-0112b92c.html","200","preserved-sharepoint-derivative","coop-not-enabled|coep-not-enabled|corp-not-enabled|wildcard-cors-public-static|server-header-discloses-edge"
"https://jeremyfontenot.online/evidence-library/preserved-sharepoint/source/docs/business/sharepoint/Artifacts/index-9af10ef4-3875ebdb.html","200","preserved-sharepoint-derivative","coop-not-enabled|coep-not-enabled|corp-not-enabled|wildcard-cors-public-static|server-header-discloses-edge"
"https://jeremyfontenot.online/evidence-library/preserved-sharepoint/source/docs/business/sharepoint/Artifacts/index-9b5ffd9e-4a4b3d73.html","200","preserved-sharepoint-derivative","coop-not-enabled|coep-not-enabled|corp-not-enabled|wildcard-cors-public-static|server-header-discloses-edge"
"https://jeremyfontenot.online/evidence-library/preserved-sharepoint/source/docs/business/sharepoint/Artifacts/index-9b718a17-094e1b0c.html","200","preserved-sharepoint-derivative","coop-not-enabled|coep-not-enabled|corp-not-enabled|wildcard-cors-public-static|server-header-discloses-edge"
"https://jeremyfontenot.online/evidence-library/preserved-sharepoint/source/docs/business/sharepoint/Artifacts/index-9ba7e699-520ce8d4.html","200","preserved-sharepoint-derivative","coop-not-enabled|coep-not-enabled|corp-not-enabled|wildcard-cors-public-static|server-header-discloses-edge"
"https://jeremyfontenot.online/evidence-library/preserved-sharepoint/source/docs/business/sharepoint/Artifacts/index-9bdbed5f-1b55706a.html","200","preserved-sharepoint-derivative","coop-not-enabled|coep-not-enabled|corp-not-enabled|wildcard-cors-public-static|server-header-discloses-edge"
"https://jeremyfontenot.online/evidence-library/preserved-sharepoint/source/docs/business/sharepoint/Artifacts/index-9c15569d-f99fe5c7.html","200","preserved-sharepoint-derivative","coop-not-enabled|coep-not-enabled|corp-not-enabled|wildcard-cors-public-static|server-header-discloses-edge"
"https://jeremyfontenot.online/evidence-library/preserved-sharepoint/source/docs/business/sharepoint/Artifacts/index-9c2f3de2-1e468fdf.html","200","preserved-sharepoint-derivative","coop-not-enabled|coep-not-enabled|corp-not-enabled|wildcard-cors-public-static|server-header-discloses-edge"
"https://jeremyfontenot.online/evidence-library/preserved-sharepoint/source/docs/business/sharepoint/Artifacts/index-9de899a8-3cf8b1dc.html","200","preserved-sharepoint-derivative","coop-not-enabled|coep-not-enabled|corp-not-enabled|wildcard-cors-public-static|server-header-discloses-edge"
"https://jeremyfontenot.online/evidence-library/preserved-sharepoint/source/docs/business/sharepoint/Artifacts/index-9e2c20a9-c03d2063.html","200","preserved-sharepoint-derivative","coop-not-enabled|coep-not-enabled|corp-not-enabled|wildcard-cors-public-static|server-header-discloses-edge"
"https://jeremyfontenot.online/evidence-library/preserved-sharepoint/source/docs/business/sharepoint/Artifacts/index-9f08c438-d7a296b6.html","200","preserved-sharepoint-derivative","coop-not-enabled|coep-not-enabled|corp-not-enabled|wildcard-cors-public-static|server-header-discloses-edge"
"https://jeremyfontenot.online/evidence-library/preserved-sharepoint/source/docs/business/sharepoint/Artifacts/index-9f59f055-3ce35997.html","200","preserved-sharepoint-derivative","coop-not-enabled|coep-not-enabled|corp-not-enabled|wildcard-cors-public-static|server-header-discloses-edge"
"https://jeremyfontenot.online/evidence-library/preserved-sharepoint/source/docs/business/sharepoint/Artifacts/index-a0d3a512-554ec847.html","200","preserved-sharepoint-derivative","coop-not-enabled|coep-not-enabled|corp-not-enabled|wildcard-cors-public-static|server-header-discloses-edge"
"https://jeremyfontenot.online/evidence-library/preserved-sharepoint/source/docs/business/sharepoint/Artifacts/index-a0f65a9b-f7fc5704.html","200","preserved-sharepoint-derivative","coop-not-enabled|coep-not-enabled|corp-not-enabled|wildcard-cors-public-static|server-header-discloses-edge"
"https://jeremyfontenot.online/evidence-library/preserved-sharepoint/source/docs/business/sharepoint/Artifacts/index-a3002ab9-fedb0921.html","200","preserved-sharepoint-derivative","coop-not-enabled|coep-not-enabled|corp-not-enabled|wildcard-cors-public-static|server-header-discloses-edge"
"https://jeremyfontenot.online/evidence-library/preserved-sharepoint/source/docs/business/sharepoint/Artifacts/index-a3048050-32f41a79.html","200","preserved-sharepoint-derivative","coop-not-enabled|coep-not-enabled|corp-not-enabled|wildcard-cors-public-static|server-header-discloses-edge"
"https://jeremyfontenot.online/evidence-library/preserved-sharepoint/source/docs/business/sharepoint/Artifacts/index-a3213225-0db0aee8.html","200","preserved-sharepoint-derivative","coop-not-enabled|coep-not-enabled|corp-not-enabled|wildcard-cors-public-static|server-header-discloses-edge"
"https://jeremyfontenot.online/evidence-library/preserved-sharepoint/source/docs/business/sharepoint/Artifacts/index-a32c6bab-810530e8.html","200","preserved-sharepoint-derivative","coop-not-enabled|coep-not-enabled|corp-not-enabled|wildcard-cors-public-static|server-header-discloses-edge"
"https://jeremyfontenot.online/evidence-library/preserved-sharepoint/source/docs/business/sharepoint/Artifacts/index-a354371b-73871bde.html","200","preserved-sharepoint-derivative","coop-not-enabled|coep-not-enabled|corp-not-enabled|wildcard-cors-public-static|server-header-discloses-edge"
"https://jeremyfontenot.online/evidence-library/preserved-sharepoint/source/docs/business/sharepoint/Artifacts/index-a367610e-6d913f70.html","200","preserved-sharepoint-derivative","coop-not-enabled|coep-not-enabled|corp-not-enabled|wildcard-cors-public-static|server-header-discloses-edge"
"https://jeremyfontenot.online/evidence-library/preserved-sharepoint/source/docs/business/sharepoint/Artifacts/index-a3793b49-6f4c234d.html","200","preserved-sharepoint-derivative","coop-not-enabled|coep-not-enabled|corp-not-enabled|wildcard-cors-public-static|server-header-discloses-edge"
"https://jeremyfontenot.online/evidence-library/preserved-sharepoint/source/docs/business/sharepoint/Artifacts/index-a3a77b11-bd420c01.html","200","preserved-sharepoint-derivative","coop-not-enabled|coep-not-enabled|corp-not-enabled|wildcard-cors-public-static|server-header-discloses-edge"
"https://jeremyfontenot.online/evidence-library/preserved-sharepoint/source/docs/business/sharepoint/Artifacts/index-a4489883-fd0dc0e6.html","200","preserved-sharepoint-derivative","coop-not-enabled|coep-not-enabled|corp-not-enabled|wildcard-cors-public-static|server-header-discloses-edge"
"https://jeremyfontenot.online/evidence-library/preserved-sharepoint/source/docs/business/sharepoint/Artifacts/index-a5a510be-8ee080ad.html","200","preserved-sharepoint-derivative","coop-not-enabled|coep-not-enabled|corp-not-enabled|wildcard-cors-public-static|server-header-discloses-edge"
"https://jeremyfontenot.online/evidence-library/preserved-sharepoint/source/docs/business/sharepoint/Artifacts/index-a5f275d1-0ad7c595.html","200","preserved-sharepoint-derivative","coop-not-enabled|coep-not-enabled|corp-not-enabled|wildcard-cors-public-static|server-header-discloses-edge"
"https://jeremyfontenot.online/evidence-library/preserved-sharepoint/source/docs/business/sharepoint/Artifacts/index-a6362bef-c956ae17.html","200","preserved-sharepoint-derivative","coop-not-enabled|coep-not-enabled|corp-not-enabled|wildcard-cors-public-static|server-header-discloses-edge"
"https://jeremyfontenot.online/evidence-library/preserved-sharepoint/source/docs/business/sharepoint/Artifacts/index-a6d409e0-726728f1.html","200","preserved-sharepoint-derivative","coop-not-enabled|coep-not-enabled|corp-not-enabled|wildcard-cors-public-static|server-header-discloses-edge"
"https://jeremyfontenot.online/evidence-library/preserved-sharepoint/source/docs/business/sharepoint/Artifacts/index-a6ef3f84-356cbf0a.html","200","preserved-sharepoint-derivative","coop-not-enabled|coep-not-enabled|corp-not-enabled|wildcard-cors-public-static|server-header-discloses-edge"
"https://jeremyfontenot.online/evidence-library/preserved-sharepoint/source/docs/business/sharepoint/Artifacts/index-a776c26f-10a39021.html","200","preserved-sharepoint-derivative","coop-not-enabled|coep-not-enabled|corp-not-enabled|wildcard-cors-public-static|server-header-discloses-edge"
"https://jeremyfontenot.online/evidence-library/preserved-sharepoint/source/docs/business/sharepoint/Artifacts/index-a7837f64-67d511c0.html","200","preserved-sharepoint-derivative","coop-not-enabled|coep-not-enabled|corp-not-enabled|wildcard-cors-public-static|server-header-discloses-edge"
"https://jeremyfontenot.online/evidence-library/preserved-sharepoint/source/docs/business/sharepoint/Artifacts/index-a7a9e0dd-0fcc9526.html","200","preserved-sharepoint-derivative","coop-not-enabled|coep-not-enabled|corp-not-enabled|wildcard-cors-public-static|server-header-discloses-edge"
"https://jeremyfontenot.online/evidence-library/preserved-sharepoint/source/docs/business/sharepoint/Artifacts/index-a85d0978-333ab3bd.html","200","preserved-sharepoint-derivative","coop-not-enabled|coep-not-enabled|corp-not-enabled|wildcard-cors-public-static|server-header-discloses-edge"
"https://jeremyfontenot.online/evidence-library/preserved-sharepoint/source/docs/business/sharepoint/Artifacts/index-a8d06394-acc2da64.html","200","preserved-sharepoint-derivative","coop-not-enabled|coep-not-enabled|corp-not-enabled|wildcard-cors-public-static|server-header-discloses-edge"
"https://jeremyfontenot.online/evidence-library/preserved-sharepoint/source/docs/business/sharepoint/Artifacts/index-a8f6f201-8f7d08cc.html","200","preserved-sharepoint-derivative","coop-not-enabled|coep-not-enabled|corp-not-enabled|wildcard-cors-public-static|server-header-discloses-edge"
"https://jeremyfontenot.online/evidence-library/preserved-sharepoint/source/docs/business/sharepoint/Artifacts/index-a9569a9b-c8430a06.html","200","preserved-sharepoint-derivative","coop-not-enabled|coep-not-enabled|corp-not-enabled|wildcard-cors-public-static|server-header-discloses-edge"
"https://jeremyfontenot.online/evidence-library/preserved-sharepoint/source/docs/business/sharepoint/Artifacts/index-aa5797bd-263328f1.html","200","preserved-sharepoint-derivative","coop-not-enabled|coep-not-enabled|corp-not-enabled|wildcard-cors-public-static|server-header-discloses-edge"
"https://jeremyfontenot.online/evidence-library/preserved-sharepoint/source/docs/business/sharepoint/Artifacts/index-abae05ed-1a5c4313.html","200","preserved-sharepoint-derivative","coop-not-enabled|coep-not-enabled|corp-not-enabled|wildcard-cors-public-static|server-header-discloses-edge"
"https://jeremyfontenot.online/evidence-library/preserved-sharepoint/source/docs/business/sharepoint/Artifacts/index-abeab3a1-bb9c60a7.html","200","preserved-sharepoint-derivative","coop-not-enabled|coep-not-enabled|corp-not-enabled|wildcard-cors-public-static|server-header-discloses-edge"
"https://jeremyfontenot.online/evidence-library/preserved-sharepoint/source/docs/business/sharepoint/Artifacts/index-ad36083f-451c338e.html","200","preserved-sharepoint-derivative","coop-not-enabled|coep-not-enabled|corp-not-enabled|wildcard-cors-public-static|server-header-discloses-edge"
"https://jeremyfontenot.online/evidence-library/preserved-sharepoint/source/docs/business/sharepoint/Artifacts/index-ae709ba1-44da1ee5.html","200","preserved-sharepoint-derivative","coop-not-enabled|coep-not-enabled|corp-not-enabled|wildcard-cors-public-static|server-header-discloses-edge"
"https://jeremyfontenot.online/evidence-library/preserved-sharepoint/source/docs/business/sharepoint/Artifacts/index-aebdf70d-e3c748cd.html","200","preserved-sharepoint-derivative","coop-not-enabled|coep-not-enabled|corp-not-enabled|wildcard-cors-public-static|server-header-discloses-edge"
"https://jeremyfontenot.online/evidence-library/preserved-sharepoint/source/docs/business/sharepoint/Artifacts/index-b2bebeef-e0bf4f9b.html","200","preserved-sharepoint-derivative","coop-not-enabled|coep-not-enabled|corp-not-enabled|wildcard-cors-public-static|server-header-discloses-edge"
"https://jeremyfontenot.online/evidence-library/preserved-sharepoint/source/docs/business/sharepoint/Artifacts/index-b2e76724-204abfee.html","200","preserved-sharepoint-derivative","coop-not-enabled|coep-not-enabled|corp-not-enabled|wildcard-cors-public-static|server-header-discloses-edge"
"https://jeremyfontenot.online/evidence-library/preserved-sharepoint/source/docs/business/sharepoint/Artifacts/index-b2fe3a28-2aae7d92.html","200","preserved-sharepoint-derivative","coop-not-enabled|coep-not-enabled|corp-not-enabled|wildcard-cors-public-static|server-header-discloses-edge"
"https://jeremyfontenot.online/evidence-library/preserved-sharepoint/source/docs/business/sharepoint/Artifacts/index-b332507d-e03498cc.html","200","preserved-sharepoint-derivative","coop-not-enabled|coep-not-enabled|corp-not-enabled|wildcard-cors-public-static|server-header-discloses-edge"
"https://jeremyfontenot.online/evidence-library/preserved-sharepoint/source/docs/business/sharepoint/Artifacts/index-b3c98b36-1c20e650.html","200","preserved-sharepoint-derivative","coop-not-enabled|coep-not-enabled|corp-not-enabled|wildcard-cors-public-static|server-header-discloses-edge"
"https://jeremyfontenot.online/evidence-library/preserved-sharepoint/source/docs/business/sharepoint/Artifacts/index-b3dd3f22-6be9dd35.html","200","preserved-sharepoint-derivative","coop-not-enabled|coep-not-enabled|corp-not-enabled|wildcard-cors-public-static|server-header-discloses-edge"
"https://jeremyfontenot.online/evidence-library/preserved-sharepoint/source/docs/business/sharepoint/Artifacts/index-b511e00d-40cf282c.html","200","preserved-sharepoint-derivative","coop-not-enabled|coep-not-enabled|corp-not-enabled|wildcard-cors-public-static|server-header-discloses-edge"
"https://jeremyfontenot.online/evidence-library/preserved-sharepoint/source/docs/business/sharepoint/Artifacts/index-b5371875-11fb2639.html","200","preserved-sharepoint-derivative","coop-not-enabled|coep-not-enabled|corp-not-enabled|wildcard-cors-public-static|server-header-discloses-edge"
"https://jeremyfontenot.online/evidence-library/preserved-sharepoint/source/docs/business/sharepoint/Artifacts/index-b5dd9d77-c0b87cae.html","200","preserved-sharepoint-derivative","coop-not-enabled|coep-not-enabled|corp-not-enabled|wildcard-cors-public-static|server-header-discloses-edge"
"https://jeremyfontenot.online/evidence-library/preserved-sharepoint/source/docs/business/sharepoint/Artifacts/index-b6359536-4fe46917.html","200","preserved-sharepoint-derivative","coop-not-enabled|coep-not-enabled|corp-not-enabled|wildcard-cors-public-static|server-header-discloses-edge"
"https://jeremyfontenot.online/evidence-library/preserved-sharepoint/source/docs/business/sharepoint/Artifacts/index-b71c9400-e8ae625a.html","200","preserved-sharepoint-derivative","coop-not-enabled|coep-not-enabled|corp-not-enabled|wildcard-cors-public-static|server-header-discloses-edge"
"https://jeremyfontenot.online/evidence-library/preserved-sharepoint/source/docs/business/sharepoint/Artifacts/index-b781f5ac-f05b7a3a.html","200","preserved-sharepoint-derivative","coop-not-enabled|coep-not-enabled|corp-not-enabled|wildcard-cors-public-static|server-header-discloses-edge"
"https://jeremyfontenot.online/evidence-library/preserved-sharepoint/source/docs/business/sharepoint/Artifacts/index-b7b4563c-0255559e.html","200","preserved-sharepoint-derivative","coop-not-enabled|coep-not-enabled|corp-not-enabled|wildcard-cors-public-static|server-header-discloses-edge"
"https://jeremyfontenot.online/evidence-library/preserved-sharepoint/source/docs/business/sharepoint/Artifacts/index-b7bfffae-b247fa33.html","200","preserved-sharepoint-derivative","coop-not-enabled|coep-not-enabled|corp-not-enabled|wildcard-cors-public-static|server-header-discloses-edge"
"https://jeremyfontenot.online/evidence-library/preserved-sharepoint/source/docs/business/sharepoint/Artifacts/index-b804f444-4ffd455f.html","200","preserved-sharepoint-derivative","coop-not-enabled|coep-not-enabled|corp-not-enabled|wildcard-cors-public-static|server-header-discloses-edge"
"https://jeremyfontenot.online/evidence-library/preserved-sharepoint/source/docs/business/sharepoint/Artifacts/index-b84509eb-c1f3da81.html","200","preserved-sharepoint-derivative","coop-not-enabled|coep-not-enabled|corp-not-enabled|wildcard-cors-public-static|server-header-discloses-edge"
"https://jeremyfontenot.online/evidence-library/preserved-sharepoint/source/docs/business/sharepoint/Artifacts/index-b8ce5598-b528ddfa.html","200","preserved-sharepoint-derivative","coop-not-enabled|coep-not-enabled|corp-not-enabled|wildcard-cors-public-static|server-header-discloses-edge"
"https://jeremyfontenot.online/evidence-library/preserved-sharepoint/source/docs/business/sharepoint/Artifacts/index-b91251f9-01fd23f6.html","200","preserved-sharepoint-derivative","coop-not-enabled|coep-not-enabled|corp-not-enabled|wildcard-cors-public-static|server-header-discloses-edge"
"https://jeremyfontenot.online/evidence-library/preserved-sharepoint/source/docs/business/sharepoint/Artifacts/index-b966a74c-800bcf7c.html","200","preserved-sharepoint-derivative","coop-not-enabled|coep-not-enabled|corp-not-enabled|wildcard-cors-public-static|server-header-discloses-edge"
"https://jeremyfontenot.online/evidence-library/preserved-sharepoint/source/docs/business/sharepoint/Artifacts/index-b96f6657-c5689972.html","200","preserved-sharepoint-derivative","coop-not-enabled|coep-not-enabled|corp-not-enabled|wildcard-cors-public-static|server-header-discloses-edge"
"https://jeremyfontenot.online/evidence-library/preserved-sharepoint/source/docs/business/sharepoint/Artifacts/index-b9dfa79c-ff61d7cc.html","200","preserved-sharepoint-derivative","coop-not-enabled|coep-not-enabled|corp-not-enabled|wildcard-cors-public-static|server-header-discloses-edge"
"https://jeremyfontenot.online/evidence-library/preserved-sharepoint/source/docs/business/sharepoint/Artifacts/index-ba3445fe-af499b8e.html","200","preserved-sharepoint-derivative","coop-not-enabled|coep-not-enabled|corp-not-enabled|wildcard-cors-public-static|server-header-discloses-edge"
"https://jeremyfontenot.online/evidence-library/preserved-sharepoint/source/docs/business/sharepoint/Artifacts/index-bb02dd07-897eca9e.html","200","preserved-sharepoint-derivative","coop-not-enabled|coep-not-enabled|corp-not-enabled|wildcard-cors-public-static|server-header-discloses-edge"
"https://jeremyfontenot.online/evidence-library/preserved-sharepoint/source/docs/business/sharepoint/Artifacts/index-bb4918bb-59a0dcf6.html","200","preserved-sharepoint-derivative","coop-not-enabled|coep-not-enabled|corp-not-enabled|wildcard-cors-public-static|server-header-discloses-edge"
"https://jeremyfontenot.online/evidence-library/preserved-sharepoint/source/docs/business/sharepoint/Artifacts/index-bb6b712c-f020b9c5.html","200","preserved-sharepoint-derivative","coop-not-enabled|coep-not-enabled|corp-not-enabled|wildcard-cors-public-static|server-header-discloses-edge"
"https://jeremyfontenot.online/evidence-library/preserved-sharepoint/source/docs/business/sharepoint/Artifacts/index-bb6e403e-129793d4.html","200","preserved-sharepoint-derivative","coop-not-enabled|coep-not-enabled|corp-not-enabled|wildcard-cors-public-static|server-header-discloses-edge"
"https://jeremyfontenot.online/evidence-library/preserved-sharepoint/source/docs/business/sharepoint/Artifacts/index-bb7eac56-be495cf7.html","200","preserved-sharepoint-derivative","coop-not-enabled|coep-not-enabled|corp-not-enabled|wildcard-cors-public-static|server-header-discloses-edge"
"https://jeremyfontenot.online/evidence-library/preserved-sharepoint/source/docs/business/sharepoint/Artifacts/index-bbe7d347-f7cf9629.html","200","preserved-sharepoint-derivative","coop-not-enabled|coep-not-enabled|corp-not-enabled|wildcard-cors-public-static|server-header-discloses-edge"
"https://jeremyfontenot.online/evidence-library/preserved-sharepoint/source/docs/business/sharepoint/Artifacts/index-bc9b3cd4-5f1f5ad4.html","200","preserved-sharepoint-derivative","coop-not-enabled|coep-not-enabled|corp-not-enabled|wildcard-cors-public-static|server-header-discloses-edge"
"https://jeremyfontenot.online/evidence-library/preserved-sharepoint/source/docs/business/sharepoint/Artifacts/index-bdcd7298-40a1b092.html","200","preserved-sharepoint-derivative","coop-not-enabled|coep-not-enabled|corp-not-enabled|wildcard-cors-public-static|server-header-discloses-edge"
"https://jeremyfontenot.online/evidence-library/preserved-sharepoint/source/docs/business/sharepoint/Artifacts/index-be556abf-2bb5d7b9.html","200","preserved-sharepoint-derivative","coop-not-enabled|coep-not-enabled|corp-not-enabled|wildcard-cors-public-static|server-header-discloses-edge"
"https://jeremyfontenot.online/evidence-library/preserved-sharepoint/source/docs/business/sharepoint/Artifacts/index-befd133c-ea40345f.html","200","preserved-sharepoint-derivative","coop-not-enabled|coep-not-enabled|corp-not-enabled|wildcard-cors-public-static|server-header-discloses-edge"
"https://jeremyfontenot.online/evidence-library/preserved-sharepoint/source/docs/business/sharepoint/Artifacts/index-bfdd4d18-70c8d43d.html","200","preserved-sharepoint-derivative","coop-not-enabled|coep-not-enabled|corp-not-enabled|wildcard-cors-public-static|server-header-discloses-edge"
"https://jeremyfontenot.online/evidence-library/preserved-sharepoint/source/docs/business/sharepoint/Artifacts/index-c118ea2e-ff9d22aa.html","200","preserved-sharepoint-derivative","coop-not-enabled|coep-not-enabled|corp-not-enabled|wildcard-cors-public-static|server-header-discloses-edge"
"https://jeremyfontenot.online/evidence-library/preserved-sharepoint/source/docs/business/sharepoint/Artifacts/index-c2cdb286-e65d4a4e.html","200","preserved-sharepoint-derivative","coop-not-enabled|coep-not-enabled|corp-not-enabled|wildcard-cors-public-static|server-header-discloses-edge"
"https://jeremyfontenot.online/evidence-library/preserved-sharepoint/source/docs/business/sharepoint/Artifacts/index-c34b1d98-56e16fa3.html","200","preserved-sharepoint-derivative","coop-not-enabled|coep-not-enabled|corp-not-enabled|wildcard-cors-public-static|server-header-discloses-edge"
"https://jeremyfontenot.online/evidence-library/preserved-sharepoint/source/docs/business/sharepoint/Artifacts/index-c38eeca6-34173821.html","200","preserved-sharepoint-derivative","coop-not-enabled|coep-not-enabled|corp-not-enabled|wildcard-cors-public-static|server-header-discloses-edge"
"https://jeremyfontenot.online/evidence-library/preserved-sharepoint/source/docs/business/sharepoint/Artifacts/index-c3ee2d51-11a86631.html","200","preserved-sharepoint-derivative","coop-not-enabled|coep-not-enabled|corp-not-enabled|wildcard-cors-public-static|server-header-discloses-edge"
"https://jeremyfontenot.online/evidence-library/preserved-sharepoint/source/docs/business/sharepoint/Artifacts/index-c49465bc-30c2b377.html","200","preserved-sharepoint-derivative","coop-not-enabled|coep-not-enabled|corp-not-enabled|wildcard-cors-public-static|server-header-discloses-edge"
"https://jeremyfontenot.online/evidence-library/preserved-sharepoint/source/docs/business/sharepoint/Artifacts/index-c49a1b31-61db9eec.html","200","preserved-sharepoint-derivative","coop-not-enabled|coep-not-enabled|corp-not-enabled|wildcard-cors-public-static|server-header-discloses-edge"
"https://jeremyfontenot.online/evidence-library/preserved-sharepoint/source/docs/business/sharepoint/Artifacts/index-c4ab4186-16b86102.html","200","preserved-sharepoint-derivative","coop-not-enabled|coep-not-enabled|corp-not-enabled|wildcard-cors-public-static|server-header-discloses-edge"
"https://jeremyfontenot.online/evidence-library/preserved-sharepoint/source/docs/business/sharepoint/Artifacts/index-c566b421-495987cf.html","200","preserved-sharepoint-derivative","coop-not-enabled|coep-not-enabled|corp-not-enabled|wildcard-cors-public-static|server-header-discloses-edge"
"https://jeremyfontenot.online/evidence-library/preserved-sharepoint/source/docs/business/sharepoint/Artifacts/index-c6863fb9-1faeecb2.html","200","preserved-sharepoint-derivative","coop-not-enabled|coep-not-enabled|corp-not-enabled|wildcard-cors-public-static|server-header-discloses-edge"
"https://jeremyfontenot.online/evidence-library/preserved-sharepoint/source/docs/business/sharepoint/Artifacts/index-c6a14f7b-d6aed740.html","200","preserved-sharepoint-derivative","coop-not-enabled|coep-not-enabled|corp-not-enabled|wildcard-cors-public-static|server-header-discloses-edge"
"https://jeremyfontenot.online/evidence-library/preserved-sharepoint/source/docs/business/sharepoint/Artifacts/index-c74958a3-652ee2e3.html","200","preserved-sharepoint-derivative","coop-not-enabled|coep-not-enabled|corp-not-enabled|wildcard-cors-public-static|server-header-discloses-edge"
"https://jeremyfontenot.online/evidence-library/preserved-sharepoint/source/docs/business/sharepoint/Artifacts/index-c76773a3-51f039a9.html","200","preserved-sharepoint-derivative","coop-not-enabled|coep-not-enabled|corp-not-enabled|wildcard-cors-public-static|server-header-discloses-edge"
"https://jeremyfontenot.online/evidence-library/preserved-sharepoint/source/docs/business/sharepoint/Artifacts/index-c81286ed-3f6600a0.html","200","preserved-sharepoint-derivative","coop-not-enabled|coep-not-enabled|corp-not-enabled|wildcard-cors-public-static|server-header-discloses-edge"
"https://jeremyfontenot.online/evidence-library/preserved-sharepoint/source/docs/business/sharepoint/Artifacts/index-c87f4145-d1fe63c1.html","200","preserved-sharepoint-derivative","coop-not-enabled|coep-not-enabled|corp-not-enabled|wildcard-cors-public-static|server-header-discloses-edge"
"https://jeremyfontenot.online/evidence-library/preserved-sharepoint/source/docs/business/sharepoint/Artifacts/index-c8ca375d-562fcf3b.html","200","preserved-sharepoint-derivative","coop-not-enabled|coep-not-enabled|corp-not-enabled|wildcard-cors-public-static|server-header-discloses-edge"
"https://jeremyfontenot.online/evidence-library/preserved-sharepoint/source/docs/business/sharepoint/Artifacts/index-c922e2f9-0e6abbc6.html","200","preserved-sharepoint-derivative","coop-not-enabled|coep-not-enabled|corp-not-enabled|wildcard-cors-public-static|server-header-discloses-edge"
"https://jeremyfontenot.online/evidence-library/preserved-sharepoint/source/docs/business/sharepoint/Artifacts/index-ca6dc732-2f9cdba6.html","200","preserved-sharepoint-derivative","coop-not-enabled|coep-not-enabled|corp-not-enabled|wildcard-cors-public-static|server-header-discloses-edge"
"https://jeremyfontenot.online/evidence-library/preserved-sharepoint/source/docs/business/sharepoint/Artifacts/index-cad4d966-0ad6de41.html","200","preserved-sharepoint-derivative","coop-not-enabled|coep-not-enabled|corp-not-enabled|wildcard-cors-public-static|server-header-discloses-edge"
"https://jeremyfontenot.online/evidence-library/preserved-sharepoint/source/docs/business/sharepoint/Artifacts/index-caede2ec-46e2a5e4.html","200","preserved-sharepoint-derivative","coop-not-enabled|coep-not-enabled|corp-not-enabled|wildcard-cors-public-static|server-header-discloses-edge"
"https://jeremyfontenot.online/evidence-library/preserved-sharepoint/source/docs/business/sharepoint/Artifacts/index-cb324354-38cce53b.html","200","preserved-sharepoint-derivative","coop-not-enabled|coep-not-enabled|corp-not-enabled|wildcard-cors-public-static|server-header-discloses-edge"
"https://jeremyfontenot.online/evidence-library/preserved-sharepoint/source/docs/business/sharepoint/Artifacts/index-cb690692-ad1ec437.html","200","preserved-sharepoint-derivative","coop-not-enabled|coep-not-enabled|corp-not-enabled|wildcard-cors-public-static|server-header-discloses-edge"
"https://jeremyfontenot.online/evidence-library/preserved-sharepoint/source/docs/business/sharepoint/Artifacts/index-cb8fe7d8-8c276f9d.html","200","preserved-sharepoint-derivative","coop-not-enabled|coep-not-enabled|corp-not-enabled|wildcard-cors-public-static|server-header-discloses-edge"
"https://jeremyfontenot.online/evidence-library/preserved-sharepoint/source/docs/business/sharepoint/Artifacts/index-cd49db04-a315d8e0.html","200","preserved-sharepoint-derivative","coop-not-enabled|coep-not-enabled|corp-not-enabled|wildcard-cors-public-static|server-header-discloses-edge"
"https://jeremyfontenot.online/evidence-library/preserved-sharepoint/source/docs/business/sharepoint/Artifacts/index-ce3eabe6-e362146c.html","200","preserved-sharepoint-derivative","coop-not-enabled|coep-not-enabled|corp-not-enabled|wildcard-cors-public-static|server-header-discloses-edge"
"https://jeremyfontenot.online/evidence-library/preserved-sharepoint/source/docs/business/sharepoint/Artifacts/index-ce71e944-45abc4ca.html","200","preserved-sharepoint-derivative","coop-not-enabled|coep-not-enabled|corp-not-enabled|wildcard-cors-public-static|server-header-discloses-edge"
"https://jeremyfontenot.online/evidence-library/preserved-sharepoint/source/docs/business/sharepoint/Artifacts/index-ce94a1e8-8994199a.html","200","preserved-sharepoint-derivative","coop-not-enabled|coep-not-enabled|corp-not-enabled|wildcard-cors-public-static|server-header-discloses-edge"
"https://jeremyfontenot.online/evidence-library/preserved-sharepoint/source/docs/business/sharepoint/Artifacts/index-cec8a2ed-65c36397.html","200","preserved-sharepoint-derivative","coop-not-enabled|coep-not-enabled|corp-not-enabled|wildcard-cors-public-static|server-header-discloses-edge"
"https://jeremyfontenot.online/evidence-library/preserved-sharepoint/source/docs/business/sharepoint/Artifacts/index-cf7ba2c1-7c0ede1e.html","200","preserved-sharepoint-derivative","coop-not-enabled|coep-not-enabled|corp-not-enabled|wildcard-cors-public-static|server-header-discloses-edge"
"https://jeremyfontenot.online/evidence-library/preserved-sharepoint/source/docs/business/sharepoint/Artifacts/index-cf9ed0a6-efaad400.html","200","preserved-sharepoint-derivative","coop-not-enabled|coep-not-enabled|corp-not-enabled|wildcard-cors-public-static|server-header-discloses-edge"
"https://jeremyfontenot.online/evidence-library/preserved-sharepoint/source/docs/business/sharepoint/Artifacts/index-d0b5277b-ceca003d.html","200","preserved-sharepoint-derivative","coop-not-enabled|coep-not-enabled|corp-not-enabled|wildcard-cors-public-static|server-header-discloses-edge"
"https://jeremyfontenot.online/evidence-library/preserved-sharepoint/source/docs/business/sharepoint/Artifacts/index-d0e11b5e-75053868.html","200","preserved-sharepoint-derivative","coop-not-enabled|coep-not-enabled|corp-not-enabled|wildcard-cors-public-static|server-header-discloses-edge"
"https://jeremyfontenot.online/evidence-library/preserved-sharepoint/source/docs/business/sharepoint/Artifacts/index-d1a6173a-8794e181.html","200","preserved-sharepoint-derivative","coop-not-enabled|coep-not-enabled|corp-not-enabled|wildcard-cors-public-static|server-header-discloses-edge"
"https://jeremyfontenot.online/evidence-library/preserved-sharepoint/source/docs/business/sharepoint/Artifacts/index-d22bab38-e87d4ff9.html","200","preserved-sharepoint-derivative","coop-not-enabled|coep-not-enabled|corp-not-enabled|wildcard-cors-public-static|server-header-discloses-edge"
"https://jeremyfontenot.online/evidence-library/preserved-sharepoint/source/docs/business/sharepoint/Artifacts/index-d2c4641f-049d2f9b.html","200","preserved-sharepoint-derivative","coop-not-enabled|coep-not-enabled|corp-not-enabled|wildcard-cors-public-static|server-header-discloses-edge"
"https://jeremyfontenot.online/evidence-library/preserved-sharepoint/source/docs/business/sharepoint/Artifacts/index-d4681057-b840c4a7.html","200","preserved-sharepoint-derivative","coop-not-enabled|coep-not-enabled|corp-not-enabled|wildcard-cors-public-static|server-header-discloses-edge"
"https://jeremyfontenot.online/evidence-library/preserved-sharepoint/source/docs/business/sharepoint/Artifacts/index-d4b0283b-ab907b77.html","200","preserved-sharepoint-derivative","coop-not-enabled|coep-not-enabled|corp-not-enabled|wildcard-cors-public-static|server-header-discloses-edge"
"https://jeremyfontenot.online/evidence-library/preserved-sharepoint/source/docs/business/sharepoint/Artifacts/index-d54efbe8-bf38be70.html","200","preserved-sharepoint-derivative","coop-not-enabled|coep-not-enabled|corp-not-enabled|wildcard-cors-public-static|server-header-discloses-edge"
"https://jeremyfontenot.online/evidence-library/preserved-sharepoint/source/docs/business/sharepoint/Artifacts/index-d5dd9551-0dae825a.html","200","preserved-sharepoint-derivative","coop-not-enabled|coep-not-enabled|corp-not-enabled|wildcard-cors-public-static|server-header-discloses-edge"
"https://jeremyfontenot.online/evidence-library/preserved-sharepoint/source/docs/business/sharepoint/Artifacts/index-d5f1b907-a9cf3bd8.html","200","preserved-sharepoint-derivative","coop-not-enabled|coep-not-enabled|corp-not-enabled|wildcard-cors-public-static|server-header-discloses-edge"
"https://jeremyfontenot.online/evidence-library/preserved-sharepoint/source/docs/business/sharepoint/Artifacts/index-d5ff8e09-a61292f0.html","200","preserved-sharepoint-derivative","coop-not-enabled|coep-not-enabled|corp-not-enabled|wildcard-cors-public-static|server-header-discloses-edge"
"https://jeremyfontenot.online/evidence-library/preserved-sharepoint/source/docs/business/sharepoint/Artifacts/index-d6c97285-edd9573e.html","200","preserved-sharepoint-derivative","coop-not-enabled|coep-not-enabled|corp-not-enabled|wildcard-cors-public-static|server-header-discloses-edge"
"https://jeremyfontenot.online/evidence-library/preserved-sharepoint/source/docs/business/sharepoint/Artifacts/index-d6e09b6b-32584ba4.html","200","preserved-sharepoint-derivative","coop-not-enabled|coep-not-enabled|corp-not-enabled|wildcard-cors-public-static|server-header-discloses-edge"
"https://jeremyfontenot.online/evidence-library/preserved-sharepoint/source/docs/business/sharepoint/Artifacts/index-d6fe3ece-7940d3cb.html","200","preserved-sharepoint-derivative","coop-not-enabled|coep-not-enabled|corp-not-enabled|wildcard-cors-public-static|server-header-discloses-edge"
"https://jeremyfontenot.online/evidence-library/preserved-sharepoint/source/docs/business/sharepoint/Artifacts/index-d802b932-46c6cb36.html","200","preserved-sharepoint-derivative","coop-not-enabled|coep-not-enabled|corp-not-enabled|wildcard-cors-public-static|server-header-discloses-edge"
"https://jeremyfontenot.online/evidence-library/preserved-sharepoint/source/docs/business/sharepoint/Artifacts/index-d86e0413-08a864c3.html","200","preserved-sharepoint-derivative","coop-not-enabled|coep-not-enabled|corp-not-enabled|wildcard-cors-public-static|server-header-discloses-edge"
"https://jeremyfontenot.online/evidence-library/preserved-sharepoint/source/docs/business/sharepoint/Artifacts/index-d9316710-f90f96f0.html","200","preserved-sharepoint-derivative","coop-not-enabled|coep-not-enabled|corp-not-enabled|wildcard-cors-public-static|server-header-discloses-edge"
"https://jeremyfontenot.online/evidence-library/preserved-sharepoint/source/docs/business/sharepoint/Artifacts/index-d945df23-dcd976e9.html","200","preserved-sharepoint-derivative","coop-not-enabled|coep-not-enabled|corp-not-enabled|wildcard-cors-public-static|server-header-discloses-edge"
"https://jeremyfontenot.online/evidence-library/preserved-sharepoint/source/docs/business/sharepoint/Artifacts/index-d94be309-3b1dec43.html","200","preserved-sharepoint-derivative","coop-not-enabled|coep-not-enabled|corp-not-enabled|wildcard-cors-public-static|server-header-discloses-edge"
"https://jeremyfontenot.online/evidence-library/preserved-sharepoint/source/docs/business/sharepoint/Artifacts/index-d9af4580-509ab16a.html","200","preserved-sharepoint-derivative","coop-not-enabled|coep-not-enabled|corp-not-enabled|wildcard-cors-public-static|server-header-discloses-edge"
"https://jeremyfontenot.online/evidence-library/preserved-sharepoint/source/docs/business/sharepoint/Artifacts/index-d9bf3c20-fea43602.html","200","preserved-sharepoint-derivative","coop-not-enabled|coep-not-enabled|corp-not-enabled|wildcard-cors-public-static|server-header-discloses-edge"
"https://jeremyfontenot.online/evidence-library/preserved-sharepoint/source/docs/business/sharepoint/Artifacts/index-da818672-eb53d526.html","200","preserved-sharepoint-derivative","coop-not-enabled|coep-not-enabled|corp-not-enabled|wildcard-cors-public-static|server-header-discloses-edge"
"https://jeremyfontenot.online/evidence-library/preserved-sharepoint/source/docs/business/sharepoint/Artifacts/index-dabb8fe3-40c60ea2.html","200","preserved-sharepoint-derivative","coop-not-enabled|coep-not-enabled|corp-not-enabled|wildcard-cors-public-static|server-header-discloses-edge"
"https://jeremyfontenot.online/evidence-library/preserved-sharepoint/source/docs/business/sharepoint/Artifacts/index-dae1fb80-0fb93967.html","200","preserved-sharepoint-derivative","coop-not-enabled|coep-not-enabled|corp-not-enabled|wildcard-cors-public-static|server-header-discloses-edge"
"https://jeremyfontenot.online/evidence-library/preserved-sharepoint/source/docs/business/sharepoint/Artifacts/index-daff360d-f3aef88d.html","200","preserved-sharepoint-derivative","coop-not-enabled|coep-not-enabled|corp-not-enabled|wildcard-cors-public-static|server-header-discloses-edge"
"https://jeremyfontenot.online/evidence-library/preserved-sharepoint/source/docs/business/sharepoint/Artifacts/index-db924f51-92d1c82f.html","200","preserved-sharepoint-derivative","coop-not-enabled|coep-not-enabled|corp-not-enabled|wildcard-cors-public-static|server-header-discloses-edge"
"https://jeremyfontenot.online/evidence-library/preserved-sharepoint/source/docs/business/sharepoint/Artifacts/index-dc45294d-5aa074bc.html","200","preserved-sharepoint-derivative","coop-not-enabled|coep-not-enabled|corp-not-enabled|wildcard-cors-public-static|server-header-discloses-edge"
"https://jeremyfontenot.online/evidence-library/preserved-sharepoint/source/docs/business/sharepoint/Artifacts/index-dcb3fdfb-522e0390.html","200","preserved-sharepoint-derivative","coop-not-enabled|coep-not-enabled|corp-not-enabled|wildcard-cors-public-static|server-header-discloses-edge"
"https://jeremyfontenot.online/evidence-library/preserved-sharepoint/source/docs/business/sharepoint/Artifacts/index-dce650a7-80323717.html","200","preserved-sharepoint-derivative","coop-not-enabled|coep-not-enabled|corp-not-enabled|wildcard-cors-public-static|server-header-discloses-edge"
"https://jeremyfontenot.online/evidence-library/preserved-sharepoint/source/docs/business/sharepoint/Artifacts/index-dd937cf1-56b196ed.html","200","preserved-sharepoint-derivative","coop-not-enabled|coep-not-enabled|corp-not-enabled|wildcard-cors-public-static|server-header-discloses-edge"
"https://jeremyfontenot.online/evidence-library/preserved-sharepoint/source/docs/business/sharepoint/Artifacts/index-dd9dcd97-92eed87a.html","200","preserved-sharepoint-derivative","coop-not-enabled|coep-not-enabled|corp-not-enabled|wildcard-cors-public-static|server-header-discloses-edge"
"https://jeremyfontenot.online/evidence-library/preserved-sharepoint/source/docs/business/sharepoint/Artifacts/index-de206445-2cb1ae65.html","200","preserved-sharepoint-derivative","coop-not-enabled|coep-not-enabled|corp-not-enabled|wildcard-cors-public-static|server-header-discloses-edge"
"https://jeremyfontenot.online/evidence-library/preserved-sharepoint/source/docs/business/sharepoint/Artifacts/index-de730e10-7ddb6eba.html","200","preserved-sharepoint-derivative","coop-not-enabled|coep-not-enabled|corp-not-enabled|wildcard-cors-public-static|server-header-discloses-edge"
"https://jeremyfontenot.online/evidence-library/preserved-sharepoint/source/docs/business/sharepoint/Artifacts/index-dee385fd-2138c8fb.html","200","preserved-sharepoint-derivative","coop-not-enabled|coep-not-enabled|corp-not-enabled|wildcard-cors-public-static|server-header-discloses-edge"
"https://jeremyfontenot.online/evidence-library/preserved-sharepoint/source/docs/business/sharepoint/Artifacts/index-df7fd395-aa8c864c.html","200","preserved-sharepoint-derivative","coop-not-enabled|coep-not-enabled|corp-not-enabled|wildcard-cors-public-static|server-header-discloses-edge"
"https://jeremyfontenot.online/evidence-library/preserved-sharepoint/source/docs/business/sharepoint/Artifacts/index-dfdc56b1-0207080d.html","200","preserved-sharepoint-derivative","coop-not-enabled|coep-not-enabled|corp-not-enabled|wildcard-cors-public-static|server-header-discloses-edge"
"https://jeremyfontenot.online/evidence-library/preserved-sharepoint/source/docs/business/sharepoint/Artifacts/index-e019eacb-fd36bb24.html","200","preserved-sharepoint-derivative","coop-not-enabled|coep-not-enabled|corp-not-enabled|wildcard-cors-public-static|server-header-discloses-edge"
"https://jeremyfontenot.online/evidence-library/preserved-sharepoint/source/docs/business/sharepoint/Artifacts/index-e045d712.html","200","preserved-sharepoint-derivative","coop-not-enabled|coep-not-enabled|corp-not-enabled|wildcard-cors-public-static|server-header-discloses-edge"
"https://jeremyfontenot.online/evidence-library/preserved-sharepoint/source/docs/business/sharepoint/Artifacts/index-e1b4fec6-67427147.html","200","preserved-sharepoint-derivative","coop-not-enabled|coep-not-enabled|corp-not-enabled|wildcard-cors-public-static|server-header-discloses-edge"
"https://jeremyfontenot.online/evidence-library/preserved-sharepoint/source/docs/business/sharepoint/Artifacts/index-e25bb84f-0e929e9c.html","200","preserved-sharepoint-derivative","coop-not-enabled|coep-not-enabled|corp-not-enabled|wildcard-cors-public-static|server-header-discloses-edge"
"https://jeremyfontenot.online/evidence-library/preserved-sharepoint/source/docs/business/sharepoint/Artifacts/index-e2d0aec5-c28513bd.html","200","preserved-sharepoint-derivative","coop-not-enabled|coep-not-enabled|corp-not-enabled|wildcard-cors-public-static|server-header-discloses-edge"
"https://jeremyfontenot.online/evidence-library/preserved-sharepoint/source/docs/business/sharepoint/Artifacts/index-e2dd426b-74ea867b.html","200","preserved-sharepoint-derivative","coop-not-enabled|coep-not-enabled|corp-not-enabled|wildcard-cors-public-static|server-header-discloses-edge"
"https://jeremyfontenot.online/evidence-library/preserved-sharepoint/source/docs/business/sharepoint/Artifacts/index-e3f43ba8-e938e604.html","200","preserved-sharepoint-derivative","coop-not-enabled|coep-not-enabled|corp-not-enabled|wildcard-cors-public-static|server-header-discloses-edge"
"https://jeremyfontenot.online/evidence-library/preserved-sharepoint/source/docs/business/sharepoint/Artifacts/index-e430309c-7950f638.html","200","preserved-sharepoint-derivative","coop-not-enabled|coep-not-enabled|corp-not-enabled|wildcard-cors-public-static|server-header-discloses-edge"
"https://jeremyfontenot.online/evidence-library/preserved-sharepoint/source/docs/business/sharepoint/Artifacts/index-e5ae44bf-2fb07fb8.html","200","preserved-sharepoint-derivative","coop-not-enabled|coep-not-enabled|corp-not-enabled|wildcard-cors-public-static|server-header-discloses-edge"
"https://jeremyfontenot.online/evidence-library/preserved-sharepoint/source/docs/business/sharepoint/Artifacts/index-e635257f-c7d0dffd.html","200","preserved-sharepoint-derivative","coop-not-enabled|coep-not-enabled|corp-not-enabled|wildcard-cors-public-static|server-header-discloses-edge"
"https://jeremyfontenot.online/evidence-library/preserved-sharepoint/source/docs/business/sharepoint/Artifacts/index-e70b5df8-1aa79659.html","200","preserved-sharepoint-derivative","coop-not-enabled|coep-not-enabled|corp-not-enabled|wildcard-cors-public-static|server-header-discloses-edge"
"https://jeremyfontenot.online/evidence-library/preserved-sharepoint/source/docs/business/sharepoint/Artifacts/index-e80c765d-4e3464e9.html","200","preserved-sharepoint-derivative","coop-not-enabled|coep-not-enabled|corp-not-enabled|wildcard-cors-public-static|server-header-discloses-edge"
"https://jeremyfontenot.online/evidence-library/preserved-sharepoint/source/docs/business/sharepoint/Artifacts/index-e8a07ae9-03651264.html","200","preserved-sharepoint-derivative","coop-not-enabled|coep-not-enabled|corp-not-enabled|wildcard-cors-public-static|server-header-discloses-edge"
"https://jeremyfontenot.online/evidence-library/preserved-sharepoint/source/docs/business/sharepoint/Artifacts/index-e8ac16c5-c36cfa57.html","200","preserved-sharepoint-derivative","coop-not-enabled|coep-not-enabled|corp-not-enabled|wildcard-cors-public-static|server-header-discloses-edge"
"https://jeremyfontenot.online/evidence-library/preserved-sharepoint/source/docs/business/sharepoint/Artifacts/index-e8ef36ac-1c311a5d.html","200","preserved-sharepoint-derivative","coop-not-enabled|coep-not-enabled|corp-not-enabled|wildcard-cors-public-static|server-header-discloses-edge"
"https://jeremyfontenot.online/evidence-library/preserved-sharepoint/source/docs/business/sharepoint/Artifacts/index-e9858adf-3cac85df.html","200","preserved-sharepoint-derivative","coop-not-enabled|coep-not-enabled|corp-not-enabled|wildcard-cors-public-static|server-header-discloses-edge"
"https://jeremyfontenot.online/evidence-library/preserved-sharepoint/source/docs/business/sharepoint/Artifacts/index-e987e058-f36cfd00.html","200","preserved-sharepoint-derivative","coop-not-enabled|coep-not-enabled|corp-not-enabled|wildcard-cors-public-static|server-header-discloses-edge"
"https://jeremyfontenot.online/evidence-library/preserved-sharepoint/source/docs/business/sharepoint/Artifacts/index-e9e40f8a-81a25587.html","200","preserved-sharepoint-derivative","coop-not-enabled|coep-not-enabled|corp-not-enabled|wildcard-cors-public-static|server-header-discloses-edge"
"https://jeremyfontenot.online/evidence-library/preserved-sharepoint/source/docs/business/sharepoint/Artifacts/index-eb06784c-079f7445.html","200","preserved-sharepoint-derivative","coop-not-enabled|coep-not-enabled|corp-not-enabled|wildcard-cors-public-static|server-header-discloses-edge"
"https://jeremyfontenot.online/evidence-library/preserved-sharepoint/source/docs/business/sharepoint/Artifacts/index-eb34d55d-8a32102f.html","200","preserved-sharepoint-derivative","coop-not-enabled|coep-not-enabled|corp-not-enabled|wildcard-cors-public-static|server-header-discloses-edge"
"https://jeremyfontenot.online/evidence-library/preserved-sharepoint/source/docs/business/sharepoint/Artifacts/index-eb8d0e0c-2fd013e3.html","200","preserved-sharepoint-derivative","coop-not-enabled|coep-not-enabled|corp-not-enabled|wildcard-cors-public-static|server-header-discloses-edge"
"https://jeremyfontenot.online/evidence-library/preserved-sharepoint/source/docs/business/sharepoint/Artifacts/index-ebfbdbaa-d1784d0b.html","200","preserved-sharepoint-derivative","coop-not-enabled|coep-not-enabled|corp-not-enabled|wildcard-cors-public-static|server-header-discloses-edge"
"https://jeremyfontenot.online/evidence-library/preserved-sharepoint/source/docs/business/sharepoint/Artifacts/index-ec51b6e5-72f3eff1.html","200","preserved-sharepoint-derivative","coop-not-enabled|coep-not-enabled|corp-not-enabled|wildcard-cors-public-static|server-header-discloses-edge"
"https://jeremyfontenot.online/evidence-library/preserved-sharepoint/source/docs/business/sharepoint/Artifacts/index-ec8eb128-5ad1ba0e.html","200","preserved-sharepoint-derivative","coop-not-enabled|coep-not-enabled|corp-not-enabled|wildcard-cors-public-static|server-header-discloses-edge"
"https://jeremyfontenot.online/evidence-library/preserved-sharepoint/source/docs/business/sharepoint/Artifacts/index-ecd55d01-bce6e081.html","200","preserved-sharepoint-derivative","coop-not-enabled|coep-not-enabled|corp-not-enabled|wildcard-cors-public-static|server-header-discloses-edge"
"https://jeremyfontenot.online/evidence-library/preserved-sharepoint/source/docs/business/sharepoint/Artifacts/index-ed2d3490-70889c97.html","200","preserved-sharepoint-derivative","coop-not-enabled|coep-not-enabled|corp-not-enabled|wildcard-cors-public-static|server-header-discloses-edge"
"https://jeremyfontenot.online/evidence-library/preserved-sharepoint/source/docs/business/sharepoint/Artifacts/index-ed4f2b80-94c7c074.html","200","preserved-sharepoint-derivative","coop-not-enabled|coep-not-enabled|corp-not-enabled|wildcard-cors-public-static|server-header-discloses-edge"
"https://jeremyfontenot.online/evidence-library/preserved-sharepoint/source/docs/business/sharepoint/Artifacts/index-edb27deb-fbfd4bf4.html","200","preserved-sharepoint-derivative","coop-not-enabled|coep-not-enabled|corp-not-enabled|wildcard-cors-public-static|server-header-discloses-edge"
"https://jeremyfontenot.online/evidence-library/preserved-sharepoint/source/docs/business/sharepoint/Artifacts/index-ededd417-7571622b.html","200","preserved-sharepoint-derivative","coop-not-enabled|coep-not-enabled|corp-not-enabled|wildcard-cors-public-static|server-header-discloses-edge"
"https://jeremyfontenot.online/evidence-library/preserved-sharepoint/source/docs/business/sharepoint/Artifacts/index-ee266900-ccd45586.html","200","preserved-sharepoint-derivative","coop-not-enabled|coep-not-enabled|corp-not-enabled|wildcard-cors-public-static|server-header-discloses-edge"
"https://jeremyfontenot.online/evidence-library/preserved-sharepoint/source/docs/business/sharepoint/Artifacts/index-ee8185cf-3b0171db.html","200","preserved-sharepoint-derivative","coop-not-enabled|coep-not-enabled|corp-not-enabled|wildcard-cors-public-static|server-header-discloses-edge"
"https://jeremyfontenot.online/evidence-library/preserved-sharepoint/source/docs/business/sharepoint/Artifacts/index-eee8ffe9-7b5700b3.html","200","preserved-sharepoint-derivative","coop-not-enabled|coep-not-enabled|corp-not-enabled|wildcard-cors-public-static|server-header-discloses-edge"
"https://jeremyfontenot.online/evidence-library/preserved-sharepoint/source/docs/business/sharepoint/Artifacts/index-ef2e4fc8-54bd9917.html","200","preserved-sharepoint-derivative","coop-not-enabled|coep-not-enabled|corp-not-enabled|wildcard-cors-public-static|server-header-discloses-edge"
"https://jeremyfontenot.online/evidence-library/preserved-sharepoint/source/docs/business/sharepoint/Artifacts/index-f07714bc-a6cd190c.html","200","preserved-sharepoint-derivative","coop-not-enabled|coep-not-enabled|corp-not-enabled|wildcard-cors-public-static|server-header-discloses-edge"
"https://jeremyfontenot.online/evidence-library/preserved-sharepoint/source/docs/business/sharepoint/Artifacts/index-f0e3abc0-808b7c45.html","200","preserved-sharepoint-derivative","coop-not-enabled|coep-not-enabled|corp-not-enabled|wildcard-cors-public-static|server-header-discloses-edge"
"https://jeremyfontenot.online/evidence-library/preserved-sharepoint/source/docs/business/sharepoint/Artifacts/index-f0faa3b4-49f9cb67.html","200","preserved-sharepoint-derivative","coop-not-enabled|coep-not-enabled|corp-not-enabled|wildcard-cors-public-static|server-header-discloses-edge"
"https://jeremyfontenot.online/evidence-library/preserved-sharepoint/source/docs/business/sharepoint/Artifacts/index-f10e0f4d-2ef062fb.html","200","preserved-sharepoint-derivative","coop-not-enabled|coep-not-enabled|corp-not-enabled|wildcard-cors-public-static|server-header-discloses-edge"
"https://jeremyfontenot.online/evidence-library/preserved-sharepoint/source/docs/business/sharepoint/Artifacts/index-f12979c2-b76dcc87.html","200","preserved-sharepoint-derivative","coop-not-enabled|coep-not-enabled|corp-not-enabled|wildcard-cors-public-static|server-header-discloses-edge"
"https://jeremyfontenot.online/evidence-library/preserved-sharepoint/source/docs/business/sharepoint/Artifacts/index-f19f9ff4-354d16dd.html","200","preserved-sharepoint-derivative","coop-not-enabled|coep-not-enabled|corp-not-enabled|wildcard-cors-public-static|server-header-discloses-edge"
"https://jeremyfontenot.online/evidence-library/preserved-sharepoint/source/docs/business/sharepoint/Artifacts/index-f1a391b5-a4c22638.html","200","preserved-sharepoint-derivative","coop-not-enabled|coep-not-enabled|corp-not-enabled|wildcard-cors-public-static|server-header-discloses-edge"
"https://jeremyfontenot.online/evidence-library/preserved-sharepoint/source/docs/business/sharepoint/Artifacts/index-f279b0df-db85d270.html","200","preserved-sharepoint-derivative","coop-not-enabled|coep-not-enabled|corp-not-enabled|wildcard-cors-public-static|server-header-discloses-edge"
"https://jeremyfontenot.online/evidence-library/preserved-sharepoint/source/docs/business/sharepoint/Artifacts/index-f2c1ebd1-db2a1500.html","200","preserved-sharepoint-derivative","coop-not-enabled|coep-not-enabled|corp-not-enabled|wildcard-cors-public-static|server-header-discloses-edge"
"https://jeremyfontenot.online/evidence-library/preserved-sharepoint/source/docs/business/sharepoint/Artifacts/index-f2c77398-b0ff1141.html","200","preserved-sharepoint-derivative","coop-not-enabled|coep-not-enabled|corp-not-enabled|wildcard-cors-public-static|server-header-discloses-edge"
"https://jeremyfontenot.online/evidence-library/preserved-sharepoint/source/docs/business/sharepoint/Artifacts/index-f5cadb54-d0bd6a25.html","200","preserved-sharepoint-derivative","coop-not-enabled|coep-not-enabled|corp-not-enabled|wildcard-cors-public-static|server-header-discloses-edge"
"https://jeremyfontenot.online/evidence-library/preserved-sharepoint/source/docs/business/sharepoint/Artifacts/index-f5d8da5e-e65ab4f4.html","200","preserved-sharepoint-derivative","coop-not-enabled|coep-not-enabled|corp-not-enabled|wildcard-cors-public-static|server-header-discloses-edge"
"https://jeremyfontenot.online/evidence-library/preserved-sharepoint/source/docs/business/sharepoint/Artifacts/index-f675fc84-04474bbd.html","200","preserved-sharepoint-derivative","coop-not-enabled|coep-not-enabled|corp-not-enabled|wildcard-cors-public-static|server-header-discloses-edge"
"https://jeremyfontenot.online/evidence-library/preserved-sharepoint/source/docs/business/sharepoint/Artifacts/index-f71ce012-78720d2f.html","200","preserved-sharepoint-derivative","coop-not-enabled|coep-not-enabled|corp-not-enabled|wildcard-cors-public-static|server-header-discloses-edge"
"https://jeremyfontenot.online/evidence-library/preserved-sharepoint/source/docs/business/sharepoint/Artifacts/index-f73762e2-5fb1b381.html","200","preserved-sharepoint-derivative","coop-not-enabled|coep-not-enabled|corp-not-enabled|wildcard-cors-public-static|server-header-discloses-edge"
"https://jeremyfontenot.online/evidence-library/preserved-sharepoint/source/docs/business/sharepoint/Artifacts/index-f79697e7-653314d1.html","200","preserved-sharepoint-derivative","coop-not-enabled|coep-not-enabled|corp-not-enabled|wildcard-cors-public-static|server-header-discloses-edge"
"https://jeremyfontenot.online/evidence-library/preserved-sharepoint/source/docs/business/sharepoint/Artifacts/index-f7973288-8ef22ddc.html","200","preserved-sharepoint-derivative","coop-not-enabled|coep-not-enabled|corp-not-enabled|wildcard-cors-public-static|server-header-discloses-edge"
"https://jeremyfontenot.online/evidence-library/preserved-sharepoint/source/docs/business/sharepoint/Artifacts/index-f84bd463-a9f6ec69.html","200","preserved-sharepoint-derivative","coop-not-enabled|coep-not-enabled|corp-not-enabled|wildcard-cors-public-static|server-header-discloses-edge"
"https://jeremyfontenot.online/evidence-library/preserved-sharepoint/source/docs/business/sharepoint/Artifacts/index-f8b4b870-a8f0c81a.html","200","preserved-sharepoint-derivative","coop-not-enabled|coep-not-enabled|corp-not-enabled|wildcard-cors-public-static|server-header-discloses-edge"
"https://jeremyfontenot.online/evidence-library/preserved-sharepoint/source/docs/business/sharepoint/Artifacts/index-f91611fb-16864664.html","200","preserved-sharepoint-derivative","coop-not-enabled|coep-not-enabled|corp-not-enabled|wildcard-cors-public-static|server-header-discloses-edge"
"https://jeremyfontenot.online/evidence-library/preserved-sharepoint/source/docs/business/sharepoint/Artifacts/index-fab5d71c-724ad6d3.html","200","preserved-sharepoint-derivative","coop-not-enabled|coep-not-enabled|corp-not-enabled|wildcard-cors-public-static|server-header-discloses-edge"
"https://jeremyfontenot.online/evidence-library/preserved-sharepoint/source/docs/business/sharepoint/Artifacts/index-faf19d13-95a5db8d.html","200","preserved-sharepoint-derivative","coop-not-enabled|coep-not-enabled|corp-not-enabled|wildcard-cors-public-static|server-header-discloses-edge"
"https://jeremyfontenot.online/evidence-library/preserved-sharepoint/source/docs/business/sharepoint/Artifacts/index-fcd00b88-536bd43f.html","200","preserved-sharepoint-derivative","coop-not-enabled|coep-not-enabled|corp-not-enabled|wildcard-cors-public-static|server-header-discloses-edge"
"https://jeremyfontenot.online/evidence-library/preserved-sharepoint/source/docs/business/sharepoint/Artifacts/index-fcf3afa4-db111a36.html","200","preserved-sharepoint-derivative","coop-not-enabled|coep-not-enabled|corp-not-enabled|wildcard-cors-public-static|server-header-discloses-edge"
"https://jeremyfontenot.online/evidence-library/preserved-sharepoint/source/docs/business/sharepoint/Artifacts/index-fd63c398-9ad0e41f.html","200","preserved-sharepoint-derivative","coop-not-enabled|coep-not-enabled|corp-not-enabled|wildcard-cors-public-static|server-header-discloses-edge"
"https://jeremyfontenot.online/evidence-library/preserved-sharepoint/source/docs/business/sharepoint/Artifacts/index-fd8a0e5c-eae6a7d1.html","200","preserved-sharepoint-derivative","coop-not-enabled|coep-not-enabled|corp-not-enabled|wildcard-cors-public-static|server-header-discloses-edge"
"https://jeremyfontenot.online/evidence-library/preserved-sharepoint/source/docs/business/sharepoint/Artifacts/index-fe24c098-a75f4f80.html","200","preserved-sharepoint-derivative","coop-not-enabled|coep-not-enabled|corp-not-enabled|wildcard-cors-public-static|server-header-discloses-edge"
"https://jeremyfontenot.online/evidence-library/preserved-sharepoint/source/docs/business/sharepoint/Artifacts/index-ff8dfd77-35fd6fa9.html","200","preserved-sharepoint-derivative","coop-not-enabled|coep-not-enabled|corp-not-enabled|wildcard-cors-public-static|server-header-discloses-edge"
"https://jeremyfontenot.online/evidence-library/preserved-sharepoint/source/docs/business/sharepoint/Artifacts/index.backup-bc7a44d9.html","200","preserved-sharepoint-derivative","coop-not-enabled|coep-not-enabled|corp-not-enabled|wildcard-cors-public-static|server-header-discloses-edge"
"https://jeremyfontenot.online/evidence-library/preserved-sharepoint/source/docs/business/sharepoint/Artifacts/infrastructure-and-network-518ec036.html","200","preserved-sharepoint-derivative","coop-not-enabled|coep-not-enabled|corp-not-enabled|wildcard-cors-public-static|server-header-discloses-edge"
"https://jeremyfontenot.online/evidence-library/preserved-sharepoint/source/docs/business/sharepoint/Artifacts/monitoring-and-logging-81568c96.html","200","preserved-sharepoint-derivative","coop-not-enabled|coep-not-enabled|corp-not-enabled|wildcard-cors-public-static|server-header-discloses-edge"
"https://jeremyfontenot.online/evidence-library/preserved-sharepoint/source/docs/business/sharepoint/Artifacts/operations-and-monitoring-d0b52e71.html","200","preserved-sharepoint-derivative","coop-not-enabled|coep-not-enabled|corp-not-enabled|wildcard-cors-public-static|server-header-discloses-edge"
"https://jeremyfontenot.online/evidence-library/preserved-sharepoint/source/docs/business/sharepoint/Artifacts/operations-runbook-1d56035b.html","200","preserved-sharepoint-derivative","coop-not-enabled|coep-not-enabled|corp-not-enabled|wildcard-cors-public-static|server-header-discloses-edge"
"https://jeremyfontenot.online/evidence-library/preserved-sharepoint/source/docs/business/sharepoint/Artifacts/security-baseline-8893edf2.html","200","preserved-sharepoint-derivative","coop-not-enabled|coep-not-enabled|corp-not-enabled|wildcard-cors-public-static|server-header-discloses-edge"
"https://jeremyfontenot.online/evidence-library/preserved-sharepoint/source/docs/business/sharepoint/Artifacts/validation-report-84906dd4.html","200","preserved-sharepoint-derivative","coop-not-enabled|coep-not-enabled|corp-not-enabled|wildcard-cors-public-static|server-header-discloses-edge"
"https://jeremyfontenot.online/evidence-library/preserved-sharepoint/source/docs/business/sharepoint/BrandGuide/Brand-Guidelines-5d823a70-a67b2e35.html","200","preserved-sharepoint-derivative","coop-not-enabled|coep-not-enabled|corp-not-enabled|wildcard-cors-public-static|server-header-discloses-edge"
"https://jeremyfontenot.online/evidence-library/preserved-sharepoint/source/docs/business/sharepoint/BrandGuide/Brand-Guidelines-bc73f793.html","200","preserved-sharepoint-derivative","coop-not-enabled|coep-not-enabled|corp-not-enabled|wildcard-cors-public-static|server-header-discloses-edge"
"https://jeremyfontenot.online/evidence-library/preserved-sharepoint/source/docs/business/sharepoint/BrandGuide/BrandGuideHome-cf7720aa-54a0f182.html","200","preserved-sharepoint-derivative","coop-not-enabled|coep-not-enabled|corp-not-enabled|wildcard-cors-public-static|server-header-discloses-edge"
"https://jeremyfontenot.online/evidence-library/preserved-sharepoint/source/docs/business/sharepoint/BrandGuide/BrandGuideHome-f90710c9.html","200","preserved-sharepoint-derivative","coop-not-enabled|coep-not-enabled|corp-not-enabled|wildcard-cors-public-static|server-header-discloses-edge"
"https://jeremyfontenot.online/evidence-library/preserved-sharepoint/source/docs/business/sharepoint/Change-Architecture/Change-Architecture-20260306-0200-20260511161108-8d37dbb3.html","200","preserved-sharepoint-derivative","coop-not-enabled|coep-not-enabled|corp-not-enabled|wildcard-cors-public-static|server-header-discloses-edge"
"https://jeremyfontenot.online/evidence-library/preserved-sharepoint/source/docs/business/sharepoint/Change-Architecture/Change-Architecture-20260306-0200-62b99407.html","200","preserved-sharepoint-derivative","coop-not-enabled|coep-not-enabled|corp-not-enabled|wildcard-cors-public-static|server-header-discloses-edge"
"https://jeremyfontenot.online/evidence-library/preserved-sharepoint/source/docs/business/sharepoint/Change-Architecture/Change-Architecture-20260306-0345-20260511161108-8065a7b5.html","200","preserved-sharepoint-derivative","coop-not-enabled|coep-not-enabled|corp-not-enabled|wildcard-cors-public-static|server-header-discloses-edge"
"https://jeremyfontenot.online/evidence-library/preserved-sharepoint/source/docs/business/sharepoint/Change-Architecture/Change-Architecture-20260306-0345-3dc17a5f.html","200","preserved-sharepoint-derivative","coop-not-enabled|coep-not-enabled|corp-not-enabled|wildcard-cors-public-static|server-header-discloses-edge"
"https://jeremyfontenot.online/evidence-library/preserved-sharepoint/source/docs/business/sharepoint/Change-Architecture/Change-Architecture-Overview-20260223-0410-20260511161108-ed473743.html","200","preserved-sharepoint-derivative","coop-not-enabled|coep-not-enabled|corp-not-enabled|wildcard-cors-public-static|server-header-discloses-edge"
"https://jeremyfontenot.online/evidence-library/preserved-sharepoint/source/docs/business/sharepoint/Change-Architecture/Change-Architecture-Overview-20260223-0410-3fbb710b.html","200","preserved-sharepoint-derivative","coop-not-enabled|coep-not-enabled|corp-not-enabled|wildcard-cors-public-static|server-header-discloses-edge"
"https://jeremyfontenot.online/evidence-library/preserved-sharepoint/source/docs/business/sharepoint/Change-Architecture/Change-Architecture-Overview-20260223-0417-20260511161108-ef4c5404.html","200","preserved-sharepoint-derivative","coop-not-enabled|coep-not-enabled|corp-not-enabled|wildcard-cors-public-static|server-header-discloses-edge"
"https://jeremyfontenot.online/evidence-library/preserved-sharepoint/source/docs/business/sharepoint/Change-Architecture/Change-Architecture-Overview-20260223-0417-d762414e.html","200","preserved-sharepoint-derivative","coop-not-enabled|coep-not-enabled|corp-not-enabled|wildcard-cors-public-static|server-header-discloses-edge"
"https://jeremyfontenot.online/evidence-library/preserved-sharepoint/source/docs/business/sharepoint/Change-Architecture/Change-Architecture-Overview-20260223-0427-135740b7.html","200","preserved-sharepoint-derivative","coop-not-enabled|coep-not-enabled|corp-not-enabled|wildcard-cors-public-static|server-header-discloses-edge"
"https://jeremyfontenot.online/evidence-library/preserved-sharepoint/source/docs/business/sharepoint/Change-Architecture/Change-Architecture-Overview-20260223-0427-20260511161108-e0b3482b.html","200","preserved-sharepoint-derivative","coop-not-enabled|coep-not-enabled|corp-not-enabled|wildcard-cors-public-static|server-header-discloses-edge"
"https://jeremyfontenot.online/evidence-library/preserved-sharepoint/source/docs/business/sharepoint/Change-Architecture/Change-Architecture-Overview-20260223-0738-20260511161108-6b89158f.html","200","preserved-sharepoint-derivative","coop-not-enabled|coep-not-enabled|corp-not-enabled|wildcard-cors-public-static|server-header-discloses-edge"
"https://jeremyfontenot.online/evidence-library/preserved-sharepoint/source/docs/business/sharepoint/Change-Architecture/Change-Architecture-Overview-20260223-0738-83a41726.html","200","preserved-sharepoint-derivative","coop-not-enabled|coep-not-enabled|corp-not-enabled|wildcard-cors-public-static|server-header-discloses-edge"
"https://jeremyfontenot.online/evidence-library/preserved-sharepoint/source/docs/business/sharepoint/Change-Architecture/Change-Architecture-Overview-20260223-0742-20260511161108-c88e8604.html","200","preserved-sharepoint-derivative","coop-not-enabled|coep-not-enabled|corp-not-enabled|wildcard-cors-public-static|server-header-discloses-edge"
"https://jeremyfontenot.online/evidence-library/preserved-sharepoint/source/docs/business/sharepoint/Change-Architecture/Change-Architecture-Overview-20260223-0742-e0579bb1.html","200","preserved-sharepoint-derivative","coop-not-enabled|coep-not-enabled|corp-not-enabled|wildcard-cors-public-static|server-header-discloses-edge"
"https://jeremyfontenot.online/evidence-library/preserved-sharepoint/source/docs/business/sharepoint/Change-Architecture/Change-Architecture-Overview-20260306-0200-20260511161108-65ff583a.html","200","preserved-sharepoint-derivative","coop-not-enabled|coep-not-enabled|corp-not-enabled|wildcard-cors-public-static|server-header-discloses-edge"
"https://jeremyfontenot.online/evidence-library/preserved-sharepoint/source/docs/business/sharepoint/Change-Architecture/Change-Architecture-Overview-20260306-0200-6992a553.html","200","preserved-sharepoint-derivative","coop-not-enabled|coep-not-enabled|corp-not-enabled|wildcard-cors-public-static|server-header-discloses-edge"
"https://jeremyfontenot.online/evidence-library/preserved-sharepoint/source/projects/collaboration-sharepoint.html","200","preserved-sharepoint-derivative","coop-not-enabled|coep-not-enabled|corp-not-enabled|wildcard-cors-public-static|server-header-discloses-edge"
"https://jeremyfontenot.online/evidence-library/projects/README.md","200","evidence","coop-not-enabled|coep-not-enabled|corp-not-enabled|wildcard-cors-public-static|server-header-discloses-edge"
"https://jeremyfontenot.online/evidence-library/projects/backup-disaster-recovery/backup-restore-validation-workflow-2026.md","200","evidence","coop-not-enabled|coep-not-enabled|corp-not-enabled|wildcard-cors-public-static|server-header-discloses-edge"
"https://jeremyfontenot.online/evidence-library/projects/home-lab/historical-home-lab-summary-2026.md","200","evidence","coop-not-enabled|coep-not-enabled|corp-not-enabled|wildcard-cors-public-static|server-header-discloses-edge"
"https://jeremyfontenot.online/evidence-library/projects/home-lab/lab-portfolio-preserved.pdf","200","evidence","coop-not-enabled|coep-not-enabled|corp-not-enabled|wildcard-cors-public-static|server-header-discloses-edge"
"https://jeremyfontenot.online/evidence-library/projects/infrastructure-networking/dns-dhcp-runbook-2026.txt","200","evidence","coop-not-enabled|coep-not-enabled|corp-not-enabled|wildcard-cors-public-static|server-header-discloses-edge"
"https://jeremyfontenot.online/evidence-library/projects/infrastructure-networking/pfsense-network-segmentation-diagram-2026.md","200","evidence","coop-not-enabled|coep-not-enabled|corp-not-enabled|wildcard-cors-public-static|server-header-discloses-edge"
"https://jeremyfontenot.online/evidence-library/projects/infrastructure-networking/vlan-architecture-walkthrough-2026.md","200","evidence","coop-not-enabled|coep-not-enabled|corp-not-enabled|wildcard-cors-public-static|server-header-discloses-edge"
"https://jeremyfontenot.online/evidence-library/projects/microsoft-365-lab/entra-activity-proof-20260605-043730/README.md","200","evidence","coop-not-enabled|coep-not-enabled|corp-not-enabled|wildcard-cors-public-static|server-header-discloses-edge"
"https://jeremyfontenot.online/evidence-library/projects/microsoft-365-lab/entra-activity-proof-20260605-043730/activity-export-errors.csv","200","evidence","coop-not-enabled|coep-not-enabled|corp-not-enabled|wildcard-cors-public-static|server-header-discloses-edge"
"https://jeremyfontenot.online/evidence-library/projects/microsoft-365-lab/entra-activity-proof-20260605-043730/directory-audits-recent.csv","200","evidence","coop-not-enabled|coep-not-enabled|corp-not-enabled|wildcard-cors-public-static|server-header-discloses-edge"
"https://jeremyfontenot.online/evidence-library/projects/microsoft-365-lab/entra-activity-proof-20260605-043730/directory-audits-recent.json","200","evidence","coop-not-enabled|coep-not-enabled|corp-not-enabled|wildcard-cors-public-static|server-header-discloses-edge"
"https://jeremyfontenot.online/evidence-library/projects/microsoft-365-lab/entra-activity-proof-20260605-043730/entra-activity-proof-summary.json","200","evidence","coop-not-enabled|coep-not-enabled|corp-not-enabled|wildcard-cors-public-static|server-header-discloses-edge"
"https://jeremyfontenot.online/evidence-library/projects/microsoft-365-lab/entra-activity-proof-20260605-043730/entra-activity-proof-transcript-20260605-043730.txt","200","evidence","coop-not-enabled|coep-not-enabled|corp-not-enabled|wildcard-cors-public-static|server-header-discloses-edge"
"https://jeremyfontenot.online/evidence-library/projects/microsoft-365-lab/entra-activity-proof-20260605-043730/sign-ins-recent.csv","200","evidence","coop-not-enabled|coep-not-enabled|corp-not-enabled|wildcard-cors-public-static|server-header-discloses-edge"
"https://jeremyfontenot.online/evidence-library/projects/microsoft-365-lab/entra-activity-proof-20260605-043730/sign-ins-recent.json","200","evidence","coop-not-enabled|coep-not-enabled|corp-not-enabled|wildcard-cors-public-static|server-header-discloses-edge"
"https://jeremyfontenot.online/evidence-library/projects/microsoft-365-lab/entra-application-proof-20260605-063206/README.md","200","evidence","coop-not-enabled|coep-not-enabled|corp-not-enabled|wildcard-cors-public-static|server-header-discloses-edge"
"https://jeremyfontenot.online/evidence-library/projects/microsoft-365-lab/entra-application-proof-20260605-063206/app-registrations-summary.csv","200","evidence","coop-not-enabled|coep-not-enabled|corp-not-enabled|wildcard-cors-public-static|server-header-discloses-edge"
"https://jeremyfontenot.online/evidence-library/projects/microsoft-365-lab/entra-application-proof-20260605-063206/app-registrations.json","200","evidence","coop-not-enabled|coep-not-enabled|corp-not-enabled|wildcard-cors-public-static|server-header-discloses-edge"
"https://jeremyfontenot.online/evidence-library/projects/microsoft-365-lab/entra-application-proof-20260605-063206/application-export-errors.csv","200","evidence","coop-not-enabled|coep-not-enabled|corp-not-enabled|wildcard-cors-public-static|server-header-discloses-edge"
"https://jeremyfontenot.online/evidence-library/projects/microsoft-365-lab/entra-application-proof-20260605-063206/enterprise-applications-service-principals.json","200","evidence","coop-not-enabled|coep-not-enabled|corp-not-enabled|wildcard-cors-public-static|server-header-discloses-edge"
"https://jeremyfontenot.online/evidence-library/projects/microsoft-365-lab/entra-application-proof-20260605-063206/enterprise-applications-summary.csv","200","evidence","coop-not-enabled|coep-not-enabled|corp-not-enabled|wildcard-cors-public-static|server-header-discloses-edge"
"https://jeremyfontenot.online/evidence-library/projects/microsoft-365-lab/entra-application-proof-20260605-063206/entra-application-proof-summary.json","200","evidence","coop-not-enabled|coep-not-enabled|corp-not-enabled|wildcard-cors-public-static|server-header-discloses-edge"
"https://jeremyfontenot.online/evidence-library/projects/microsoft-365-lab/entra-application-proof-20260605-063206/entra-application-proof-transcript-20260605-063206.txt","200","evidence","coop-not-enabled|coep-not-enabled|corp-not-enabled|wildcard-cors-public-static|server-header-discloses-edge"
"https://jeremyfontenot.online/evidence-library/projects/microsoft-365-lab/entra-application-proof-20260605-063206/oauth2-permission-grants-summary.csv","200","evidence","coop-not-enabled|coep-not-enabled|corp-not-enabled|wildcard-cors-public-static|server-header-discloses-edge"
"https://jeremyfontenot.online/evidence-library/projects/microsoft-365-lab/entra-application-proof-20260605-063206/oauth2-permission-grants.json","200","evidence","coop-not-enabled|coep-not-enabled|corp-not-enabled|wildcard-cors-public-static|server-header-discloses-edge"
"https://jeremyfontenot.online/evidence-library/projects/microsoft-365-lab/entra-device-proof-20260605-043942/README.md","200","evidence","coop-not-enabled|coep-not-enabled|corp-not-enabled|wildcard-cors-public-static|server-header-discloses-edge"
"https://jeremyfontenot.online/evidence-library/projects/microsoft-365-lab/entra-device-proof-20260605-043942/device-export-errors.csv","200","evidence","coop-not-enabled|coep-not-enabled|corp-not-enabled|wildcard-cors-public-static|server-header-discloses-edge"
"https://jeremyfontenot.online/evidence-library/projects/microsoft-365-lab/entra-device-proof-20260605-043942/entra-device-proof-summary.json","200","evidence","coop-not-enabled|coep-not-enabled|corp-not-enabled|wildcard-cors-public-static|server-header-discloses-edge"
"https://jeremyfontenot.online/evidence-library/projects/microsoft-365-lab/entra-device-proof-20260605-043942/entra-device-proof-transcript-20260605-043942.txt","200","evidence","coop-not-enabled|coep-not-enabled|corp-not-enabled|wildcard-cors-public-static|server-header-discloses-edge"
"https://jeremyfontenot.online/evidence-library/projects/microsoft-365-lab/entra-device-proof-20260605-043942/entra-directory-devices.csv","200","evidence","coop-not-enabled|coep-not-enabled|corp-not-enabled|wildcard-cors-public-static|server-header-discloses-edge"
"https://jeremyfontenot.online/evidence-library/projects/microsoft-365-lab/entra-device-proof-20260605-043942/entra-directory-devices.json","200","evidence","coop-not-enabled|coep-not-enabled|corp-not-enabled|wildcard-cors-public-static|server-header-discloses-edge"
"https://jeremyfontenot.online/evidence-library/projects/microsoft-365-lab/entra-device-proof-20260605-043942/intune-managed-devices.csv","200","evidence","coop-not-enabled|coep-not-enabled|corp-not-enabled|wildcard-cors-public-static|server-header-discloses-edge"
"https://jeremyfontenot.online/evidence-library/projects/microsoft-365-lab/entra-device-proof-20260605-043942/intune-managed-devices.json","200","evidence","coop-not-enabled|coep-not-enabled|corp-not-enabled|wildcard-cors-public-static|server-header-discloses-edge"
"https://jeremyfontenot.online/evidence-library/projects/microsoft-365-lab/entra-group-membership-proof-20260605-063604/README.md","200","evidence","coop-not-enabled|coep-not-enabled|corp-not-enabled|wildcard-cors-public-static|server-header-discloses-edge"
"https://jeremyfontenot.online/evidence-library/projects/microsoft-365-lab/entra-group-membership-proof-20260605-063604/entra-group-membership-proof-summary.json","200","evidence","coop-not-enabled|coep-not-enabled|corp-not-enabled|wildcard-cors-public-static|server-header-discloses-edge"
"https://jeremyfontenot.online/evidence-library/projects/microsoft-365-lab/entra-group-membership-proof-20260605-063604/entra-group-membership-proof-transcript-20260605-063604.txt","200","evidence","coop-not-enabled|coep-not-enabled|corp-not-enabled|wildcard-cors-public-static|server-header-discloses-edge"
"https://jeremyfontenot.online/evidence-library/projects/microsoft-365-lab/entra-group-membership-proof-20260605-063604/group-members-sanitized.csv","200","evidence","coop-not-enabled|coep-not-enabled|corp-not-enabled|wildcard-cors-public-static|server-header-discloses-edge"
"https://jeremyfontenot.online/evidence-library/projects/microsoft-365-lab/entra-group-membership-proof-20260605-063604/group-members-sanitized.json","200","evidence","coop-not-enabled|coep-not-enabled|corp-not-enabled|wildcard-cors-public-static|server-header-discloses-edge"
"https://jeremyfontenot.online/evidence-library/projects/microsoft-365-lab/entra-group-membership-proof-20260605-063604/group-membership-export-errors.csv","200","evidence","coop-not-enabled|coep-not-enabled|corp-not-enabled|wildcard-cors-public-static|server-header-discloses-edge"
"https://jeremyfontenot.online/evidence-library/projects/microsoft-365-lab/entra-group-membership-proof-20260605-063604/groups-summary.csv","200","evidence","coop-not-enabled|coep-not-enabled|corp-not-enabled|wildcard-cors-public-static|server-header-discloses-edge"
"https://jeremyfontenot.online/evidence-library/projects/microsoft-365-lab/entra-group-membership-proof-20260605-063604/groups-summary.json","200","evidence","coop-not-enabled|coep-not-enabled|corp-not-enabled|wildcard-cors-public-static|server-header-discloses-edge"
"https://jeremyfontenot.online/evidence-library/projects/microsoft-365-lab/entra-license-proof-20260605-063412/README.md","200","evidence","coop-not-enabled|coep-not-enabled|corp-not-enabled|wildcard-cors-public-static|server-header-discloses-edge"
"https://jeremyfontenot.online/evidence-library/projects/microsoft-365-lab/entra-license-proof-20260605-063412/entra-license-proof-summary.json","200","evidence","coop-not-enabled|coep-not-enabled|corp-not-enabled|wildcard-cors-public-static|server-header-discloses-edge"
"https://jeremyfontenot.online/evidence-library/projects/microsoft-365-lab/entra-license-proof-20260605-063412/entra-license-proof-transcript-20260605-063412.txt","200","evidence","coop-not-enabled|coep-not-enabled|corp-not-enabled|wildcard-cors-public-static|server-header-discloses-edge"
"https://jeremyfontenot.online/evidence-library/projects/microsoft-365-lab/entra-license-proof-20260605-063412/license-export-errors.csv","200","evidence","coop-not-enabled|coep-not-enabled|corp-not-enabled|wildcard-cors-public-static|server-header-discloses-edge"
"https://jeremyfontenot.online/evidence-library/projects/microsoft-365-lab/entra-license-proof-20260605-063412/subscribed-sku-service-plans.csv","200","evidence","coop-not-enabled|coep-not-enabled|corp-not-enabled|wildcard-cors-public-static|server-header-discloses-edge"
"https://jeremyfontenot.online/evidence-library/projects/microsoft-365-lab/entra-license-proof-20260605-063412/subscribed-skus-summary.csv","200","evidence","coop-not-enabled|coep-not-enabled|corp-not-enabled|wildcard-cors-public-static|server-header-discloses-edge"
"https://jeremyfontenot.online/evidence-library/projects/microsoft-365-lab/entra-license-proof-20260605-063412/subscribed-skus.json","200","evidence","coop-not-enabled|coep-not-enabled|corp-not-enabled|wildcard-cors-public-static|server-header-discloses-edge"
"https://jeremyfontenot.online/evidence-library/projects/microsoft-365-lab/entra-license-proof-20260605-063412/user-license-assignments-sanitized.csv","200","evidence","coop-not-enabled|coep-not-enabled|corp-not-enabled|wildcard-cors-public-static|server-header-discloses-edge"
"https://jeremyfontenot.online/evidence-library/projects/microsoft-365-lab/entra-license-proof-20260605-063412/user-license-assignments-sanitized.json","200","evidence","coop-not-enabled|coep-not-enabled|corp-not-enabled|wildcard-cors-public-static|server-header-discloses-edge"
"https://jeremyfontenot.online/evidence-library/projects/microsoft-365-lab/entra-live-proof-20260605-042550/README.md","200","evidence","coop-not-enabled|coep-not-enabled|corp-not-enabled|wildcard-cors-public-static|server-header-discloses-edge"
"https://jeremyfontenot.online/evidence-library/projects/microsoft-365-lab/entra-live-proof-20260605-042550/enterprise-apps-sanitized.csv","200","evidence","coop-not-enabled|coep-not-enabled|corp-not-enabled|wildcard-cors-public-static|server-header-discloses-edge"
"https://jeremyfontenot.online/evidence-library/projects/microsoft-365-lab/entra-live-proof-20260605-042550/entra-directory-roles.csv","200","evidence","coop-not-enabled|coep-not-enabled|corp-not-enabled|wildcard-cors-public-static|server-header-discloses-edge"
"https://jeremyfontenot.online/evidence-library/projects/microsoft-365-lab/entra-live-proof-20260605-042550/entra-groups.csv","200","evidence","coop-not-enabled|coep-not-enabled|corp-not-enabled|wildcard-cors-public-static|server-header-discloses-edge"
"https://jeremyfontenot.online/evidence-library/projects/microsoft-365-lab/entra-live-proof-20260605-042550/entra-proof-summary.json","200","evidence","coop-not-enabled|coep-not-enabled|corp-not-enabled|wildcard-cors-public-static|server-header-discloses-edge"
"https://jeremyfontenot.online/evidence-library/projects/microsoft-365-lab/entra-live-proof-20260605-042550/entra-proof-transcript-20260605-042550.txt","200","evidence","coop-not-enabled|coep-not-enabled|corp-not-enabled|wildcard-cors-public-static|server-header-discloses-edge"
"https://jeremyfontenot.online/evidence-library/projects/microsoft-365-lab/entra-live-proof-20260605-042550/entra-users-sanitized.csv","200","evidence","coop-not-enabled|coep-not-enabled|corp-not-enabled|wildcard-cors-public-static|server-header-discloses-edge"
"https://jeremyfontenot.online/evidence-library/projects/microsoft-365-lab/entra-live-proof-20260605-042550/m365-subscribed-skus.csv","200","evidence","coop-not-enabled|coep-not-enabled|corp-not-enabled|wildcard-cors-public-static|server-header-discloses-edge"
"https://jeremyfontenot.online/evidence-library/projects/microsoft-365-lab/entra-live-proof-20260605-042550/tenant-domains.csv","200","evidence","coop-not-enabled|coep-not-enabled|corp-not-enabled|wildcard-cors-public-static|server-header-discloses-edge"
"https://jeremyfontenot.online/evidence-library/projects/microsoft-365-lab/entra-live-proof-20260605-042550/tenant-organization.json","200","evidence","coop-not-enabled|coep-not-enabled|corp-not-enabled|wildcard-cors-public-static|server-header-discloses-edge"
"https://jeremyfontenot.online/evidence-library/projects/microsoft-365-lab/entra-live-proof-20260605-042550/tenant-proof-review-notes.md","200","evidence","coop-not-enabled|coep-not-enabled|corp-not-enabled|wildcard-cors-public-static|server-header-discloses-edge"
"https://jeremyfontenot.online/evidence-library/projects/microsoft-365-lab/entra-role-assignment-proof-20260605-063046/README.md","200","evidence","coop-not-enabled|coep-not-enabled|corp-not-enabled|wildcard-cors-public-static|server-header-discloses-edge"
"https://jeremyfontenot.online/evidence-library/projects/microsoft-365-lab/entra-role-assignment-proof-20260605-063046/directory-role-members-sanitized.csv","200","evidence","coop-not-enabled|coep-not-enabled|corp-not-enabled|wildcard-cors-public-static|server-header-discloses-edge"
"https://jeremyfontenot.online/evidence-library/projects/microsoft-365-lab/entra-role-assignment-proof-20260605-063046/directory-role-members-sanitized.json","200","evidence","coop-not-enabled|coep-not-enabled|corp-not-enabled|wildcard-cors-public-static|server-header-discloses-edge"
"https://jeremyfontenot.online/evidence-library/projects/microsoft-365-lab/entra-role-assignment-proof-20260605-063046/directory-roles.csv","200","evidence","coop-not-enabled|coep-not-enabled|corp-not-enabled|wildcard-cors-public-static|server-header-discloses-edge"
"https://jeremyfontenot.online/evidence-library/projects/microsoft-365-lab/entra-role-assignment-proof-20260605-063046/entra-role-assignment-proof-summary.json","200","evidence","coop-not-enabled|coep-not-enabled|corp-not-enabled|wildcard-cors-public-static|server-header-discloses-edge"
"https://jeremyfontenot.online/evidence-library/projects/microsoft-365-lab/entra-role-assignment-proof-20260605-063046/entra-role-assignment-proof-transcript-20260605-063046.txt","200","evidence","coop-not-enabled|coep-not-enabled|corp-not-enabled|wildcard-cors-public-static|server-header-discloses-edge"
"https://jeremyfontenot.online/evidence-library/projects/microsoft-365-lab/entra-role-assignment-proof-20260605-063046/role-assignment-export-errors.csv","200","evidence","coop-not-enabled|coep-not-enabled|corp-not-enabled|wildcard-cors-public-static|server-header-discloses-edge"
"https://jeremyfontenot.online/evidence-library/projects/microsoft-365-lab/entra-security-proof-20260605-043352/README.md","200","evidence","coop-not-enabled|coep-not-enabled|corp-not-enabled|wildcard-cors-public-static|server-header-discloses-edge"
"https://jeremyfontenot.online/evidence-library/projects/microsoft-365-lab/entra-security-proof-20260605-043352/authentication-method-configurations.json","200","evidence","coop-not-enabled|coep-not-enabled|corp-not-enabled|wildcard-cors-public-static|server-header-discloses-edge"
"https://jeremyfontenot.online/evidence-library/projects/microsoft-365-lab/entra-security-proof-20260605-043352/authentication-method-policy.json","200","evidence","coop-not-enabled|coep-not-enabled|corp-not-enabled|wildcard-cors-public-static|server-header-discloses-edge"
"https://jeremyfontenot.online/evidence-library/projects/microsoft-365-lab/entra-security-proof-20260605-043352/authorization-policy.json","200","evidence","coop-not-enabled|coep-not-enabled|corp-not-enabled|wildcard-cors-public-static|server-header-discloses-edge"
"https://jeremyfontenot.online/evidence-library/projects/microsoft-365-lab/entra-security-proof-20260605-043352/conditional-access-named-locations-summary.csv","200","evidence","coop-not-enabled|coep-not-enabled|corp-not-enabled|wildcard-cors-public-static|server-header-discloses-edge"
"https://jeremyfontenot.online/evidence-library/projects/microsoft-365-lab/entra-security-proof-20260605-043352/conditional-access-named-locations.json","200","evidence","coop-not-enabled|coep-not-enabled|corp-not-enabled|wildcard-cors-public-static|server-header-discloses-edge"
"https://jeremyfontenot.online/evidence-library/projects/microsoft-365-lab/entra-security-proof-20260605-043352/conditional-access-policies-summary.csv","200","evidence","coop-not-enabled|coep-not-enabled|corp-not-enabled|wildcard-cors-public-static|server-header-discloses-edge"
"https://jeremyfontenot.online/evidence-library/projects/microsoft-365-lab/entra-security-proof-20260605-043352/conditional-access-policies.json","200","evidence","coop-not-enabled|coep-not-enabled|corp-not-enabled|wildcard-cors-public-static|server-header-discloses-edge"
"https://jeremyfontenot.online/evidence-library/projects/microsoft-365-lab/entra-security-proof-20260605-043352/entra-security-proof-summary.json","200","evidence","coop-not-enabled|coep-not-enabled|corp-not-enabled|wildcard-cors-public-static|server-header-discloses-edge"
"https://jeremyfontenot.online/evidence-library/projects/microsoft-365-lab/entra-security-proof-20260605-043352/entra-security-proof-transcript-20260605-043352.txt","200","evidence","coop-not-enabled|coep-not-enabled|corp-not-enabled|wildcard-cors-public-static|server-header-discloses-edge"
"https://jeremyfontenot.online/evidence-library/projects/microsoft-365-lab/entra-security-proof-20260605-043352/security-defaults-policy.json","200","evidence","coop-not-enabled|coep-not-enabled|corp-not-enabled|wildcard-cors-public-static|server-header-discloses-edge"
"https://jeremyfontenot.online/evidence-library/projects/microsoft-365-lab/entra-security-proof-fallback-20260605-043558/README.md","200","evidence","coop-not-enabled|coep-not-enabled|corp-not-enabled|wildcard-cors-public-static|server-header-discloses-edge"
"https://jeremyfontenot.online/evidence-library/projects/microsoft-365-lab/entra-security-proof-fallback-20260605-043558/authentication-method-configurations-graph-request-beta.json","200","evidence","coop-not-enabled|coep-not-enabled|corp-not-enabled|wildcard-cors-public-static|server-header-discloses-edge"
"https://jeremyfontenot.online/evidence-library/projects/microsoft-365-lab/entra-security-proof-fallback-20260605-043558/authentication-method-policy-graph-request.json","200","evidence","coop-not-enabled|coep-not-enabled|corp-not-enabled|wildcard-cors-public-static|server-header-discloses-edge"
"https://jeremyfontenot.online/evidence-library/projects/microsoft-365-lab/entra-security-proof-fallback-20260605-043558/conditional-access-policies-graph-request-beta.json","200","evidence","coop-not-enabled|coep-not-enabled|corp-not-enabled|wildcard-cors-public-static|server-header-discloses-edge"
"https://jeremyfontenot.online/evidence-library/projects/microsoft-365-lab/entra-security-proof-fallback-20260605-043558/conditional-access-policies-graph-request.json","200","evidence","coop-not-enabled|coep-not-enabled|corp-not-enabled|wildcard-cors-public-static|server-header-discloses-edge"
"https://jeremyfontenot.online/evidence-library/projects/microsoft-365-lab/entra-security-proof-fallback-20260605-043558/entra-security-proof-fallback-summary.json","200","evidence","coop-not-enabled|coep-not-enabled|corp-not-enabled|wildcard-cors-public-static|server-header-discloses-edge"
"https://jeremyfontenot.online/evidence-library/projects/microsoft-365-lab/entra-security-proof-fallback-20260605-043558/entra-security-proof-fallback-transcript-20260605-043558.txt","200","evidence","coop-not-enabled|coep-not-enabled|corp-not-enabled|wildcard-cors-public-static|server-header-discloses-edge"
"https://jeremyfontenot.online/evidence-library/projects/microsoft-365-lab/entra-security-proof-fallback-20260605-043558/graph-request-errors.csv","200","evidence","coop-not-enabled|coep-not-enabled|corp-not-enabled|wildcard-cors-public-static|server-header-discloses-edge"
"https://jeremyfontenot.online/evidence-library/projects/microsoft-365-lab/evidence/entra-exports-20260605-073748/README.md","200","evidence","coop-not-enabled|coep-not-enabled|corp-not-enabled|wildcard-cors-public-static|server-header-discloses-edge"
"https://jeremyfontenot.online/evidence-library/projects/microsoft-365-lab/evidence/entra-exports-20260605-073748/entra-applications.csv","200","evidence","coop-not-enabled|coep-not-enabled|corp-not-enabled|wildcard-cors-public-static|server-header-discloses-edge"
"https://jeremyfontenot.online/evidence-library/projects/microsoft-365-lab/evidence/entra-exports-20260605-073748/entra-authentication-methods-policy.json","200","evidence","coop-not-enabled|coep-not-enabled|corp-not-enabled|wildcard-cors-public-static|server-header-discloses-edge"
"https://jeremyfontenot.online/evidence-library/projects/microsoft-365-lab/evidence/entra-exports-20260605-073748/entra-authorization-policy-security-defaults.json","200","evidence","coop-not-enabled|coep-not-enabled|corp-not-enabled|wildcard-cors-public-static|server-header-discloses-edge"
"https://jeremyfontenot.online/evidence-library/projects/microsoft-365-lab/evidence/entra-exports-20260605-073748/entra-conditional-access-named-locations-summary.csv","200","evidence","coop-not-enabled|coep-not-enabled|corp-not-enabled|wildcard-cors-public-static|server-header-discloses-edge"
"https://jeremyfontenot.online/evidence-library/projects/microsoft-365-lab/evidence/entra-exports-20260605-073748/entra-conditional-access-named-locations.json","200","evidence","coop-not-enabled|coep-not-enabled|corp-not-enabled|wildcard-cors-public-static|server-header-discloses-edge"
"https://jeremyfontenot.online/evidence-library/projects/microsoft-365-lab/evidence/entra-exports-20260605-073748/entra-conditional-access-policies-summary.csv","200","evidence","coop-not-enabled|coep-not-enabled|corp-not-enabled|wildcard-cors-public-static|server-header-discloses-edge"
"https://jeremyfontenot.online/evidence-library/projects/microsoft-365-lab/evidence/entra-exports-20260605-073748/entra-conditional-access-policies.json","200","evidence","coop-not-enabled|coep-not-enabled|corp-not-enabled|wildcard-cors-public-static|server-header-discloses-edge"
"https://jeremyfontenot.online/evidence-library/projects/microsoft-365-lab/evidence/entra-exports-20260605-073748/entra-devices.csv","200","evidence","coop-not-enabled|coep-not-enabled|corp-not-enabled|wildcard-cors-public-static|server-header-discloses-edge"
"https://jeremyfontenot.online/evidence-library/projects/microsoft-365-lab/evidence/entra-exports-20260605-073748/entra-directory-audit-last-30-days.csv","200","evidence","coop-not-enabled|coep-not-enabled|corp-not-enabled|wildcard-cors-public-static|server-header-discloses-edge"
"https://jeremyfontenot.online/evidence-library/projects/microsoft-365-lab/evidence/entra-exports-20260605-073748/entra-directory-role-assignments.csv","200","evidence","coop-not-enabled|coep-not-enabled|corp-not-enabled|wildcard-cors-public-static|server-header-discloses-edge"
"https://jeremyfontenot.online/evidence-library/projects/microsoft-365-lab/evidence/entra-exports-20260605-073748/entra-directory-roles.csv","200","evidence","coop-not-enabled|coep-not-enabled|corp-not-enabled|wildcard-cors-public-static|server-header-discloses-edge"
"https://jeremyfontenot.online/evidence-library/projects/microsoft-365-lab/evidence/entra-exports-20260605-073748/entra-group-membership.csv","200","evidence","coop-not-enabled|coep-not-enabled|corp-not-enabled|wildcard-cors-public-static|server-header-discloses-edge"
"https://jeremyfontenot.online/evidence-library/projects/microsoft-365-lab/evidence/entra-exports-20260605-073748/entra-groups.csv","200","evidence","coop-not-enabled|coep-not-enabled|corp-not-enabled|wildcard-cors-public-static|server-header-discloses-edge"
"https://jeremyfontenot.online/evidence-library/projects/microsoft-365-lab/evidence/entra-exports-20260605-073748/entra-organization-branding.json","200","evidence","coop-not-enabled|coep-not-enabled|corp-not-enabled|wildcard-cors-public-static|server-header-discloses-edge"
"https://jeremyfontenot.online/evidence-library/projects/microsoft-365-lab/evidence/entra-exports-20260605-073748/entra-service-principals.csv","200","evidence","coop-not-enabled|coep-not-enabled|corp-not-enabled|wildcard-cors-public-static|server-header-discloses-edge"
"https://jeremyfontenot.online/evidence-library/projects/microsoft-365-lab/evidence/entra-exports-20260605-073748/entra-sg-block-legacy-auth-group.csv","200","evidence","coop-not-enabled|coep-not-enabled|corp-not-enabled|wildcard-cors-public-static|server-header-discloses-edge"
"https://jeremyfontenot.online/evidence-library/projects/microsoft-365-lab/evidence/entra-exports-20260605-073748/entra-sg-block-legacy-auth-members.csv","200","evidence","coop-not-enabled|coep-not-enabled|corp-not-enabled|wildcard-cors-public-static|server-header-discloses-edge"
"https://jeremyfontenot.online/evidence-library/projects/microsoft-365-lab/evidence/entra-exports-20260605-073748/entra-signins-last-30-days.csv","200","evidence","coop-not-enabled|coep-not-enabled|corp-not-enabled|wildcard-cors-public-static|server-header-discloses-edge"
"https://jeremyfontenot.online/evidence-library/projects/microsoft-365-lab/evidence/entra-exports-20260605-073748/entra-users-license-state.csv","200","evidence","coop-not-enabled|coep-not-enabled|corp-not-enabled|wildcard-cors-public-static|server-header-discloses-edge"
"https://jeremyfontenot.online/evidence-library/projects/microsoft-365-lab/evidence/entra-exports-20260605-073748/exchange-admin-center-microsoft-365-groups-20260605.png","200","evidence","coop-not-enabled|coep-not-enabled|corp-not-enabled|wildcard-cors-public-static|server-header-discloses-edge"
"https://jeremyfontenot.online/evidence-library/projects/microsoft-365-lab/evidence/entra-exports-20260605-073748/exchange-admin-center-microsoft-365-groups-export-20260605.csv","200","evidence","coop-not-enabled|coep-not-enabled|corp-not-enabled|wildcard-cors-public-static|server-header-discloses-edge"
"https://jeremyfontenot.online/evidence-library/projects/microsoft-365-lab/evidence/entra-exports-20260605-073748/exchange-mail-enabled-security-group-check.md","200","evidence","coop-not-enabled|coep-not-enabled|corp-not-enabled|wildcard-cors-public-static|server-header-discloses-edge"
"https://jeremyfontenot.online/evidence-library/projects/microsoft-365-lab/evidence/entra-exports-20260605-073748/exchange-online-powershell-connection-attempt.md","200","evidence","coop-not-enabled|coep-not-enabled|corp-not-enabled|wildcard-cors-public-static|server-header-discloses-edge"
"https://jeremyfontenot.online/evidence-library/projects/microsoft-365-lab/evidence/entra-exports-20260605-073748/m365-admin-center-active-teams-groups-20260605.png","200","evidence","coop-not-enabled|coep-not-enabled|corp-not-enabled|wildcard-cors-public-static|server-header-discloses-edge"
"https://jeremyfontenot.online/evidence-library/projects/microsoft-365-lab/evidence/entra-exports-20260605-073748/m365-admin-center-active-users-20260605.png","200","evidence","coop-not-enabled|coep-not-enabled|corp-not-enabled|wildcard-cors-public-static|server-header-discloses-edge"
"https://jeremyfontenot.online/evidence-library/projects/microsoft-365-lab/evidence/entra-exports-20260605-073748/m365-admin-center-domains-jeremyfontenot-online-20260605.png","200","evidence","coop-not-enabled|coep-not-enabled|corp-not-enabled|wildcard-cors-public-static|server-header-discloses-edge"
"https://jeremyfontenot.online/evidence-library/projects/microsoft-365-lab/evidence/entra-exports-20260605-073748/m365-admin-center-homepage-20260605.png","200","evidence","coop-not-enabled|coep-not-enabled|corp-not-enabled|wildcard-cors-public-static|server-header-discloses-edge"
"https://jeremyfontenot.online/evidence-library/projects/microsoft-365-lab/evidence/entra-exports-20260605-073748/m365-admin-center-licenses-20260605.png","200","evidence","coop-not-enabled|coep-not-enabled|corp-not-enabled|wildcard-cors-public-static|server-header-discloses-edge"
"https://jeremyfontenot.online/evidence-library/projects/microsoft-365-lab/evidence/entra-exports-20260605-073748/microsoft-365-lab-evidence-manifest-20260605.csv","200","evidence","coop-not-enabled|coep-not-enabled|corp-not-enabled|wildcard-cors-public-static|server-header-discloses-edge"
"https://jeremyfontenot.online/evidence-library/projects/microsoft-365-lab/evidence/entra-exports-20260605-073748/tenant-organization-domains-skus.json","200","evidence","coop-not-enabled|coep-not-enabled|corp-not-enabled|wildcard-cors-public-static|server-header-discloses-edge"
"https://jeremyfontenot.online/evidence-library/projects/microsoft-365-lab/historical-microsoft-365-tenant-summary-2026.md","200","evidence","coop-not-enabled|coep-not-enabled|corp-not-enabled|wildcard-cors-public-static|server-header-discloses-edge"
"https://jeremyfontenot.online/evidence-library/projects/microsoft-365-lab/intune-managed-device-proof-fallback-20260605-044051/README.md","200","evidence","coop-not-enabled|coep-not-enabled|corp-not-enabled|wildcard-cors-public-static|server-header-discloses-edge"
"https://jeremyfontenot.online/evidence-library/projects/microsoft-365-lab/intune-managed-device-proof-fallback-20260605-044051/intune-access-limitation-review-notes.md","200","evidence","coop-not-enabled|coep-not-enabled|corp-not-enabled|wildcard-cors-public-static|server-header-discloses-edge"
"https://jeremyfontenot.online/evidence-library/projects/microsoft-365-lab/intune-managed-device-proof-fallback-20260605-044051/intune-managed-device-errors.csv","200","evidence","coop-not-enabled|coep-not-enabled|corp-not-enabled|wildcard-cors-public-static|server-header-discloses-edge"
"https://jeremyfontenot.online/evidence-library/projects/microsoft-365-lab/intune-managed-device-proof-fallback-20260605-044051/intune-managed-device-proof-fallback-transcript-20260605-044051.txt","200","evidence","coop-not-enabled|coep-not-enabled|corp-not-enabled|wildcard-cors-public-static|server-header-discloses-edge"
"https://jeremyfontenot.online/evidence-library/projects/microsoft-365-lab/intune-managed-device-proof-fallback-20260605-044051/intune-managed-device-proof-summary.json","200","evidence","coop-not-enabled|coep-not-enabled|corp-not-enabled|wildcard-cors-public-static|server-header-discloses-edge"
"https://jeremyfontenot.online/evidence-library/projects/microsoft-365-lab/intune-managed-device-proof-fallback-20260605-044051/intune-managed-devices-sanitized.csv","200","evidence","coop-not-enabled|coep-not-enabled|corp-not-enabled|wildcard-cors-public-static|server-header-discloses-edge"
"https://jeremyfontenot.online/evidence-library/projects/microsoft-365-lab/intune-managed-device-proof-fallback-20260605-044051/intune-managed-devices.json","200","evidence","coop-not-enabled|coep-not-enabled|corp-not-enabled|wildcard-cors-public-static|server-header-discloses-edge"
"https://jeremyfontenot.online/evidence-library/projects/microsoft-365-lab/m365-entra-live-proof-summary-20260605.md","200","evidence","coop-not-enabled|coep-not-enabled|corp-not-enabled|wildcard-cors-public-static|server-header-discloses-edge"
"https://jeremyfontenot.online/evidence-library/projects/microsoft-365-lab/m365-entra-proof-hashes-20260605.csv","200","evidence","coop-not-enabled|coep-not-enabled|corp-not-enabled|wildcard-cors-public-static|server-header-discloses-edge"
"https://jeremyfontenot.online/evidence-library/projects/microsoft-365-lab/m365-entra-proof-inventory-20260605.csv","200","evidence","coop-not-enabled|coep-not-enabled|corp-not-enabled|wildcard-cors-public-static|server-header-discloses-edge"
"https://jeremyfontenot.online/evidence-library/projects/microsoft-365-lab/m365-entra-site-proof-map-20260605.html","200","evidence","coop-not-enabled|coep-not-enabled|corp-not-enabled|wildcard-cors-public-static|server-header-discloses-edge"
"https://jeremyfontenot.online/evidence-library/projects/microsoft-365-lab/m365-entra-site-proof-map-20260605.md","200","evidence","coop-not-enabled|coep-not-enabled|corp-not-enabled|wildcard-cors-public-static|server-header-discloses-edge"
"https://jeremyfontenot.online/evidence-library/projects/microsoft-365-lab/microsoft-365-lab-architecture-overview-2026.md","200","evidence","coop-not-enabled|coep-not-enabled|corp-not-enabled|wildcard-cors-public-static|server-header-discloses-edge"
"https://jeremyfontenot.online/evidence-library/projects/microsoft-365-lab/microsoft-365-lab-conditional-access-baseline-configuration-2026.yaml","200","evidence","coop-not-enabled|coep-not-enabled|corp-not-enabled|wildcard-cors-public-static|server-header-discloses-edge"
"https://jeremyfontenot.online/evidence-library/projects/monitoring-logging/monitoring-alerting-overview-2026.md","200","evidence","coop-not-enabled|coep-not-enabled|corp-not-enabled|wildcard-cors-public-static|server-header-discloses-edge"
"https://jeremyfontenot.online/evidence-library/projects/on-prem-home-lab/Jeremy-Fontenot-On-Premises-Home-Lab-Documentation.docx","200","evidence","coop-not-enabled|coep-not-enabled|corp-not-enabled|wildcard-cors-public-static|server-header-discloses-edge"
"https://jeremyfontenot.online/evidence-library/projects/on-prem-home-lab/current-validated-state/README.html","200","evidence","coop-not-enabled|coep-not-enabled|corp-not-enabled|wildcard-cors-public-static|server-header-discloses-edge"
"https://jeremyfontenot.online/evidence-library/projects/on-prem-home-lab/current-validated-state/README.md","200","evidence","coop-not-enabled|coep-not-enabled|corp-not-enabled|wildcard-cors-public-static|server-header-discloses-edge"
"https://jeremyfontenot.online/evidence-library/projects/on-prem-home-lab/current-validated-state/claim-map.csv","200","evidence","coop-not-enabled|coep-not-enabled|corp-not-enabled|wildcard-cors-public-static|server-header-discloses-edge"
"https://jeremyfontenot.online/evidence-library/projects/on-prem-home-lab/current-validated-state/direct-evidence/dc01-system-and-role-validation.html","200","evidence","coop-not-enabled|coep-not-enabled|corp-not-enabled|wildcard-cors-public-static|server-header-discloses-edge"
"https://jeremyfontenot.online/evidence-library/projects/on-prem-home-lab/current-validated-state/direct-evidence/dc01-system-and-role-validation.md","200","evidence","coop-not-enabled|coep-not-enabled|corp-not-enabled|wildcard-cors-public-static|server-header-discloses-edge"
"https://jeremyfontenot.online/evidence-library/projects/on-prem-home-lab/current-validated-state/direct-evidence/linux01-sssd-remediation-validation.html","200","evidence","coop-not-enabled|coep-not-enabled|corp-not-enabled|wildcard-cors-public-static|server-header-discloses-edge"
"https://jeremyfontenot.online/evidence-library/projects/on-prem-home-lab/current-validated-state/direct-evidence/linux01-sssd-remediation-validation.md","200","evidence","coop-not-enabled|coep-not-enabled|corp-not-enabled|wildcard-cors-public-static|server-header-discloses-edge"
"https://jeremyfontenot.online/evidence-library/projects/on-prem-home-lab/current-validated-state/direct-evidence/linux01-system-network-domain-validation.html","200","evidence","coop-not-enabled|coep-not-enabled|corp-not-enabled|wildcard-cors-public-static|server-header-discloses-edge"
"https://jeremyfontenot.online/evidence-library/projects/on-prem-home-lab/current-validated-state/direct-evidence/linux01-system-network-domain-validation.md","200","evidence","coop-not-enabled|coep-not-enabled|corp-not-enabled|wildcard-cors-public-static|server-header-discloses-edge"
"https://jeremyfontenot.online/evidence-library/projects/on-prem-home-lab/current-validated-state/direct-evidence/proxmox-backup-configuration.html","200","evidence","coop-not-enabled|coep-not-enabled|corp-not-enabled|wildcard-cors-public-static|server-header-discloses-edge"
"https://jeremyfontenot.online/evidence-library/projects/on-prem-home-lab/current-validated-state/direct-evidence/proxmox-backup-configuration.md","200","evidence","coop-not-enabled|coep-not-enabled|corp-not-enabled|wildcard-cors-public-static|server-header-discloses-edge"
"https://jeremyfontenot.online/evidence-library/projects/on-prem-home-lab/current-validated-state/direct-evidence/proxmox-backup-inventory.html","200","evidence","coop-not-enabled|coep-not-enabled|corp-not-enabled|wildcard-cors-public-static|server-header-discloses-edge"
"https://jeremyfontenot.online/evidence-library/projects/on-prem-home-lab/current-validated-state/direct-evidence/proxmox-backup-inventory.md","200","evidence","coop-not-enabled|coep-not-enabled|corp-not-enabled|wildcard-cors-public-static|server-header-discloses-edge"
"https://jeremyfontenot.online/evidence-library/projects/on-prem-home-lab/current-validated-state/direct-evidence/proxmox-platform-inventory.html","200","evidence","coop-not-enabled|coep-not-enabled|corp-not-enabled|wildcard-cors-public-static|server-header-discloses-edge"
"https://jeremyfontenot.online/evidence-library/projects/on-prem-home-lab/current-validated-state/direct-evidence/proxmox-platform-inventory.md","200","evidence","coop-not-enabled|coep-not-enabled|corp-not-enabled|wildcard-cors-public-static|server-header-discloses-edge"
"https://jeremyfontenot.online/evidence-library/projects/on-prem-home-lab/current-validated-state/direct-evidence/proxmox-restore-validation.html","200","evidence","coop-not-enabled|coep-not-enabled|corp-not-enabled|wildcard-cors-public-static|server-header-discloses-edge"
"https://jeremyfontenot.online/evidence-library/projects/on-prem-home-lab/current-validated-state/direct-evidence/proxmox-restore-validation.md","200","evidence","coop-not-enabled|coep-not-enabled|corp-not-enabled|wildcard-cors-public-static|server-header-discloses-edge"
"https://jeremyfontenot.online/evidence-library/projects/on-prem-home-lab/current-validated-state/direct-evidence/ws01-system-and-domain-validation.html","200","evidence","coop-not-enabled|coep-not-enabled|corp-not-enabled|wildcard-cors-public-static|server-header-discloses-edge"
"https://jeremyfontenot.online/evidence-library/projects/on-prem-home-lab/current-validated-state/direct-evidence/ws01-system-and-domain-validation.md","200","evidence","coop-not-enabled|coep-not-enabled|corp-not-enabled|wildcard-cors-public-static|server-header-discloses-edge"
"https://jeremyfontenot.online/evidence-library/projects/on-prem-home-lab/current-validated-state/manifest.csv","200","evidence","coop-not-enabled|coep-not-enabled|corp-not-enabled|wildcard-cors-public-static|server-header-discloses-edge"
"https://jeremyfontenot.online/evidence-library/projects/on-prem-home-lab/current-validated-state/manifest.json","200","evidence","coop-not-enabled|coep-not-enabled|corp-not-enabled|wildcard-cors-public-static|server-header-discloses-edge"
"https://jeremyfontenot.online/evidence-library/projects/on-prem-home-lab/current-validated-state/provenance.csv","200","evidence","coop-not-enabled|coep-not-enabled|corp-not-enabled|wildcard-cors-public-static|server-header-discloses-edge"
"https://jeremyfontenot.online/evidence-library/projects/on-prem-home-lab/current-validated-state/provenance.json","200","evidence","coop-not-enabled|coep-not-enabled|corp-not-enabled|wildcard-cors-public-static|server-header-discloses-edge"
"https://jeremyfontenot.online/evidence-library/projects/on-prem-home-lab/current-validated-state/redaction-log.md","200","evidence","coop-not-enabled|coep-not-enabled|corp-not-enabled|wildcard-cors-public-static|server-header-discloses-edge"
"https://jeremyfontenot.online/evidence-library/projects/on-prem-home-lab/current-validated-state/source-summaries/backup-and-restore-validation.md","200","evidence","coop-not-enabled|coep-not-enabled|corp-not-enabled|wildcard-cors-public-static|server-header-discloses-edge"
"https://jeremyfontenot.online/evidence-library/projects/on-prem-home-lab/current-validated-state/source-summaries/centralized-logging-expansion.md","200","evidence","coop-not-enabled|coep-not-enabled|corp-not-enabled|wildcard-cors-public-static|server-header-discloses-edge"
"https://jeremyfontenot.online/evidence-library/projects/on-prem-home-lab/current-validated-state/source-summaries/home-lab-inventory-validation.md","200","evidence","coop-not-enabled|coep-not-enabled|corp-not-enabled|wildcard-cors-public-static|server-header-discloses-edge"
"https://jeremyfontenot.online/evidence-library/projects/on-prem-home-lab/current-validated-state/source-summaries/home-lab-source-of-truth.md","200","evidence","coop-not-enabled|coep-not-enabled|corp-not-enabled|wildcard-cors-public-static|server-header-discloses-edge"
"https://jeremyfontenot.online/evidence-library/projects/on-prem-home-lab/current-validated-state/source-summaries/home-lab-source-reconciliation.md","200","evidence","coop-not-enabled|coep-not-enabled|corp-not-enabled|wildcard-cors-public-static|server-header-discloses-edge"
"https://jeremyfontenot.online/evidence-library/projects/on-prem-home-lab/current-validated-state/source-summaries/linux01-sssd-remediation.md","200","evidence","coop-not-enabled|coep-not-enabled|corp-not-enabled|wildcard-cors-public-static|server-header-discloses-edge"
"https://jeremyfontenot.online/evidence-library/projects/on-prem-home-lab/infrastructure-validation-2026-07/","200","evidence","coop-not-enabled|coep-not-enabled|corp-not-enabled|wildcard-cors-public-static|server-header-discloses-edge"
"https://jeremyfontenot.online/evidence-library/projects/on-prem-home-lab/infrastructure-validation-2026-07/checksums.sha256","200","evidence","coop-not-enabled|coep-not-enabled|corp-not-enabled|wildcard-cors-public-static|server-header-discloses-edge"
"https://jeremyfontenot.online/evidence-library/projects/on-prem-home-lab/infrastructure-validation-2026-07/evidence-manifest.csv","200","evidence","coop-not-enabled|coep-not-enabled|corp-not-enabled|wildcard-cors-public-static|server-header-discloses-edge"
"https://jeremyfontenot.online/evidence-library/projects/on-prem-home-lab/infrastructure-validation-2026-07/index.html","200","evidence","coop-not-enabled|coep-not-enabled|corp-not-enabled|wildcard-cors-public-static|server-header-discloses-edge"
"https://jeremyfontenot.online/evidence-library/projects/on-prem-home-lab/infrastructure-validation-2026-07/screenshots/proxmox-dc01-rerun-rootdse-validation-2026-07-11.png","200","evidence","coop-not-enabled|coep-not-enabled|corp-not-enabled|wildcard-cors-public-static|server-header-discloses-edge"
"https://jeremyfontenot.online/evidence-library/projects/on-prem-home-lab/infrastructure-validation-2026-07/screenshots/proxmox-dc01-rerun-service-validation-2026-07-11.png","200","evidence","coop-not-enabled|coep-not-enabled|corp-not-enabled|wildcard-cors-public-static|server-header-discloses-edge"
"https://jeremyfontenot.online/evidence-library/projects/on-prem-home-lab/jeremy-fontenot-on-premises-home-lab-validation-2026-06-21.docx","200","evidence","coop-not-enabled|coep-not-enabled|corp-not-enabled|wildcard-cors-public-static|server-header-discloses-edge"
"https://jeremyfontenot.online/evidence-library/projects/on-prem-home-lab/screenshots/README.md","200","evidence","coop-not-enabled|coep-not-enabled|corp-not-enabled|wildcard-cors-public-static|server-header-discloses-edge"
"https://jeremyfontenot.online/evidence-library/projects/on-prem-home-lab/screenshots/figure-01-initial-rdp-connection-failure.png","200","evidence","coop-not-enabled|coep-not-enabled|corp-not-enabled|wildcard-cors-public-static|server-header-discloses-edge"
"https://jeremyfontenot.online/evidence-library/projects/on-prem-home-lab/screenshots/figure-02-nla-failure-windows11-client-troubleshooting.png","200","evidence","coop-not-enabled|coep-not-enabled|corp-not-enabled|wildcard-cors-public-static|server-header-discloses-edge"
"https://jeremyfontenot.online/evidence-library/projects/on-prem-home-lab/screenshots/figure-03-ws01-system-about-identity-hardware.png","200","evidence","coop-not-enabled|coep-not-enabled|corp-not-enabled|wildcard-cors-public-static|server-header-discloses-edge"
"https://jeremyfontenot.online/evidence-library/projects/on-prem-home-lab/screenshots/figure-04-ws01-dns-dhcp-validation.png","200","evidence","coop-not-enabled|coep-not-enabled|corp-not-enabled|wildcard-cors-public-static|server-header-discloses-edge"
"https://jeremyfontenot.online/evidence-library/projects/on-prem-home-lab/screenshots/figure-05-active-directory-ws01-ou-placement.png","200","evidence","coop-not-enabled|coep-not-enabled|corp-not-enabled|wildcard-cors-public-static|server-header-discloses-edge"
"https://jeremyfontenot.online/evidence-library/projects/on-prem-home-lab/screenshots/figure-06-ws01-rdp-enable-firewall-network.png","200","evidence","coop-not-enabled|coep-not-enabled|corp-not-enabled|wildcard-cors-public-static|server-header-discloses-edge"
"https://jeremyfontenot.online/evidence-library/projects/on-prem-home-lab/screenshots/figure-07-dc01-to-ws01-rdp-dns-validation.png","200","evidence","coop-not-enabled|coep-not-enabled|corp-not-enabled|wildcard-cors-public-static|server-header-discloses-edge"
"https://jeremyfontenot.online/evidence-library/projects/on-prem-home-lab/screenshots/figure-08-ws01-proxmox-boot-cleanup.png","200","evidence","coop-not-enabled|coep-not-enabled|corp-not-enabled|wildcard-cors-public-static|server-header-discloses-edge"
"https://jeremyfontenot.online/evidence-library/projects/on-prem-home-lab/screenshots/figure-09-ws01-baseline-snapshot-validation.png","200","evidence","coop-not-enabled|coep-not-enabled|corp-not-enabled|wildcard-cors-public-static|server-header-discloses-edge"
"https://jeremyfontenot.online/evidence-library/projects/on-prem-home-lab/screenshots/figure-10-ws01-backup-archive-evidence.png","200","evidence","coop-not-enabled|coep-not-enabled|corp-not-enabled|wildcard-cors-public-static|server-header-discloses-edge"
"https://jeremyfontenot.online/evidence-library/projects/on-prem-home-lab/screenshots/figure-11-scheduled-backup-job-includes-ws01.png","200","evidence","coop-not-enabled|coep-not-enabled|corp-not-enabled|wildcard-cors-public-static|server-header-discloses-edge"
"https://jeremyfontenot.online/evidence-library/projects/on-prem-home-lab/screenshots/figure-12-ws01-snapshot-backup-evidence-note.png","200","evidence","coop-not-enabled|coep-not-enabled|corp-not-enabled|wildcard-cors-public-static|server-header-discloses-edge"
"https://jeremyfontenot.online/evidence-library/projects/on-prem-home-lab/screenshots/figure-13-sdtech-it-share-read-write-validation.png","200","evidence","coop-not-enabled|coep-not-enabled|corp-not-enabled|wildcard-cors-public-static|server-header-discloses-edge"
"https://jeremyfontenot.online/evidence-library/projects/on-prem-home-lab/screenshots/figure-14-standard-user-it-share-read-only-write-denial.png","200","evidence","coop-not-enabled|coep-not-enabled|corp-not-enabled|wildcard-cors-public-static|server-header-discloses-edge"
"https://jeremyfontenot.online/evidence-library/projects/on-prem-home-lab/screenshots/figure-15-dc01-central-evidence-export-validation.png","200","evidence","coop-not-enabled|coep-not-enabled|corp-not-enabled|wildcard-cors-public-static|server-header-discloses-edge"
"https://jeremyfontenot.online/evidence-library/projects/on-prem-home-lab/screenshots/figure-16-final-evidence-zip-manifest-sha256-validation.png","200","evidence","coop-not-enabled|coep-not-enabled|corp-not-enabled|wildcard-cors-public-static|server-header-discloses-edge"
"https://jeremyfontenot.online/evidence-library/projects/on-prem-home-lab/screenshots/figure-17-documentation-source-hash-validation.png","200","evidence","coop-not-enabled|coep-not-enabled|corp-not-enabled|wildcard-cors-public-static|server-header-discloses-edge"
"https://jeremyfontenot.online/evidence-library/projects/on-prem-home-lab/screenshots/screenshots-manifest.csv","200","evidence","coop-not-enabled|coep-not-enabled|corp-not-enabled|wildcard-cors-public-static|server-header-discloses-edge"
"https://jeremyfontenot.online/evidence-library/projects/on-prem-home-lab/screenshots/screenshots-manifest.json","200","evidence","coop-not-enabled|coep-not-enabled|corp-not-enabled|wildcard-cors-public-static|server-header-discloses-edge"
"https://jeremyfontenot.online/evidence-library/projects/on-prem-home-lab/validated-2026-06-21/README.md","200","evidence","coop-not-enabled|coep-not-enabled|corp-not-enabled|wildcard-cors-public-static|server-header-discloses-edge"
"https://jeremyfontenot.online/evidence-library/projects/on-prem-home-lab/validated-2026-06-21/manifest.csv","200","evidence","coop-not-enabled|coep-not-enabled|corp-not-enabled|wildcard-cors-public-static|server-header-discloses-edge"
"https://jeremyfontenot.online/evidence-library/projects/on-prem-home-lab/validated-2026-06-21/manifest.json","200","evidence","coop-not-enabled|coep-not-enabled|corp-not-enabled|wildcard-cors-public-static|server-header-discloses-edge"
"https://jeremyfontenot.online/evidence-library/projects/on-prem-home-lab/validated-2026-06-21/redaction-log.md","200","evidence","coop-not-enabled|coep-not-enabled|corp-not-enabled|wildcard-cors-public-static|server-header-discloses-edge"
"https://jeremyfontenot.online/evidence-library/projects/on-prem-home-lab/validated-2026-06-21/screenshots/dc01-active-directory-fsmo-validation.png","200","evidence","coop-not-enabled|coep-not-enabled|corp-not-enabled|wildcard-cors-public-static|server-header-discloses-edge"
"https://jeremyfontenot.online/evidence-library/projects/on-prem-home-lab/validated-2026-06-21/screenshots/dc01-dhcp-scope-options-leases-redacted.png","200","evidence","coop-not-enabled|coep-not-enabled|corp-not-enabled|wildcard-cors-public-static|server-header-discloses-edge"
"https://jeremyfontenot.online/evidence-library/projects/on-prem-home-lab/validated-2026-06-21/screenshots/dc01-dns-forward-reverse-validation.png","200","evidence","coop-not-enabled|coep-not-enabled|corp-not-enabled|wildcard-cors-public-static|server-header-discloses-edge"
"https://jeremyfontenot.online/evidence-library/projects/on-prem-home-lab/validated-2026-06-21/screenshots/dc01-group-policy-validation.png","200","evidence","coop-not-enabled|coep-not-enabled|corp-not-enabled|wildcard-cors-public-static|server-header-discloses-edge"
"https://jeremyfontenot.online/evidence-library/projects/on-prem-home-lab/validated-2026-06-21/screenshots/linux01-evidence-archive-sha256-redacted.png","200","evidence","coop-not-enabled|coep-not-enabled|corp-not-enabled|wildcard-cors-public-static|server-header-discloses-edge"
"https://jeremyfontenot.online/evidence-library/projects/on-prem-home-lab/validated-2026-06-21/screenshots/linux01-login-system-state.png","200","evidence","coop-not-enabled|coep-not-enabled|corp-not-enabled|wildcard-cors-public-static|server-header-discloses-edge"
"https://jeremyfontenot.online/evidence-library/projects/on-prem-home-lab/validated-2026-06-21/screenshots/linux01-scp-transfer-validation.png","200","evidence","coop-not-enabled|coep-not-enabled|corp-not-enabled|wildcard-cors-public-static|server-header-discloses-edge"
"https://jeremyfontenot.online/evidence-library/projects/on-prem-home-lab/validated-2026-06-21/screenshots/linux01-ubuntu-server-installation-type.png","200","evidence","coop-not-enabled|coep-not-enabled|corp-not-enabled|wildcard-cors-public-static|server-header-discloses-edge"
"https://jeremyfontenot.online/evidence-library/projects/on-prem-home-lab/validated-2026-06-21/screenshots/linux01-vm-configuration-confirmation.png","200","evidence","coop-not-enabled|coep-not-enabled|corp-not-enabled|wildcard-cors-public-static|server-header-discloses-edge"
"https://jeremyfontenot.online/evidence-library/projects/on-prem-home-lab/validated-2026-06-21/text/dc01-snapshot-validation.txt","200","evidence","coop-not-enabled|coep-not-enabled|corp-not-enabled|wildcard-cors-public-static|server-header-discloses-edge"
"https://jeremyfontenot.online/evidence-library/projects/on-prem-home-lab/validated-2026-06-21/text/evidence-integrity-validation.txt","200","evidence","coop-not-enabled|coep-not-enabled|corp-not-enabled|wildcard-cors-public-static|server-header-discloses-edge"
"https://jeremyfontenot.online/evidence-library/projects/on-prem-home-lab/validated-2026-06-21/text/linux01-ad-integration-validation.txt","200","evidence","coop-not-enabled|coep-not-enabled|corp-not-enabled|wildcard-cors-public-static|server-header-discloses-edge"
"https://jeremyfontenot.online/evidence-library/projects/on-prem-home-lab/validated-2026-06-21/text/linux01-backup-validation.txt","200","evidence","coop-not-enabled|coep-not-enabled|corp-not-enabled|wildcard-cors-public-static|server-header-discloses-edge"
"https://jeremyfontenot.online/evidence-library/projects/on-prem-home-lab/validated-2026-06-21/text/linux01-dns-validation.txt","200","evidence","coop-not-enabled|coep-not-enabled|corp-not-enabled|wildcard-cors-public-static|server-header-discloses-edge"
"https://jeremyfontenot.online/evidence-library/projects/on-prem-home-lab/validated-2026-06-21/text/linux01-kerberos-validation-sanitized.txt","200","evidence","coop-not-enabled|coep-not-enabled|corp-not-enabled|wildcard-cors-public-static|server-header-discloses-edge"
"https://jeremyfontenot.online/evidence-library/projects/on-prem-home-lab/validated-2026-06-21/text/linux01-maintenance-agent-validation.txt","200","evidence","coop-not-enabled|coep-not-enabled|corp-not-enabled|wildcard-cors-public-static|server-header-discloses-edge"
"https://jeremyfontenot.online/evidence-library/projects/on-prem-home-lab/validated-2026-06-21/text/linux01-security-validation.txt","200","evidence","coop-not-enabled|coep-not-enabled|corp-not-enabled|wildcard-cors-public-static|server-header-discloses-edge"
"https://jeremyfontenot.online/evidence-library/projects/on-prem-home-lab/validated-2026-06-21/text/linux01-snapshot-validation.txt","200","evidence","coop-not-enabled|coep-not-enabled|corp-not-enabled|wildcard-cors-public-static|server-header-discloses-edge"
"https://jeremyfontenot.online/evidence-library/projects/on-prem-home-lab/validated-2026-06-21/text/pfsense-snapshot-validation-sanitized.txt","200","evidence","coop-not-enabled|coep-not-enabled|corp-not-enabled|wildcard-cors-public-static|server-header-discloses-edge"
"https://jeremyfontenot.online/evidence-library/projects/on-prem-home-lab/validated-2026-06-21/text/proxmox-backup-validation.txt","200","evidence","coop-not-enabled|coep-not-enabled|corp-not-enabled|wildcard-cors-public-static|server-header-discloses-edge"
"https://jeremyfontenot.online/evidence-library/projects/on-prem-home-lab/validated-2026-06-21/text/proxmox-host-validation.txt","200","evidence","coop-not-enabled|coep-not-enabled|corp-not-enabled|wildcard-cors-public-static|server-header-discloses-edge"
"https://jeremyfontenot.online/evidence-library/projects/on-prem-home-lab/validated-2026-06-21/text/proxmox-network-validation-sanitized.txt","200","evidence","coop-not-enabled|coep-not-enabled|corp-not-enabled|wildcard-cors-public-static|server-header-discloses-edge"
"https://jeremyfontenot.online/evidence-library/projects/on-prem-home-lab/validated-2026-06-21/text/proxmox-storage-validation.txt","200","evidence","coop-not-enabled|coep-not-enabled|corp-not-enabled|wildcard-cors-public-static|server-header-discloses-edge"
"https://jeremyfontenot.online/evidence-library/projects/on-prem-home-lab/validated-2026-06-21/text/vm-inventory-sanitized.txt","200","evidence","coop-not-enabled|coep-not-enabled|corp-not-enabled|wildcard-cors-public-static|server-header-discloses-edge"
"https://jeremyfontenot.online/evidence-library/projects/on-prem-home-lab/validated-2026-06-21/text/ws01-snapshot-validation.txt","200","evidence","coop-not-enabled|coep-not-enabled|corp-not-enabled|wildcard-cors-public-static|server-header-discloses-edge"
"https://jeremyfontenot.online/evidence-library/projects/on-prem-home-lab/validated-2026-06-26/README.html","200","evidence","coop-not-enabled|coep-not-enabled|corp-not-enabled|wildcard-cors-public-static|server-header-discloses-edge"
"https://jeremyfontenot.online/evidence-library/projects/on-prem-home-lab/validated-2026-06-26/README.md","200","evidence","coop-not-enabled|coep-not-enabled|corp-not-enabled|wildcard-cors-public-static|server-header-discloses-edge"
"https://jeremyfontenot.online/evidence-library/projects/on-prem-home-lab/validated-2026-06-26/operations-validation-summary.json","200","evidence","coop-not-enabled|coep-not-enabled|corp-not-enabled|wildcard-cors-public-static|server-header-discloses-edge"
"https://jeremyfontenot.online/evidence-library/projects/on-prem-home-lab/validated-2026-06-29/home-lab-backup-restore-validation-20260629.txt","200","evidence","coop-not-enabled|coep-not-enabled|corp-not-enabled|wildcard-cors-public-static|server-header-discloses-edge"
"https://jeremyfontenot.online/evidence-library/projects/on-prem-home-lab/validated-2026-06-29/skills-validation/home-lab-baseline-framework-validation-20260629-210527.txt","200","evidence","coop-not-enabled|coep-not-enabled|corp-not-enabled|wildcard-cors-public-static|server-header-discloses-edge"
"https://jeremyfontenot.online/evidence-library/projects/on-prem-home-lab/validated-2026-06-29/skills-validation/portfolio-home-lab-drift-validation-20260629-210609.txt","200","evidence","coop-not-enabled|coep-not-enabled|corp-not-enabled|wildcard-cors-public-static|server-header-discloses-edge"
"https://jeremyfontenot.online/evidence-library/projects/on-prem-home-lab/validated-2026-06-29/skills-validation/repository-structure-validation-20260629-210449.txt","200","evidence","coop-not-enabled|coep-not-enabled|corp-not-enabled|wildcard-cors-public-static|server-header-discloses-edge"
"https://jeremyfontenot.online/evidence-library/projects/powershell-automation/operational-handoff-2026.txt","200","evidence","coop-not-enabled|coep-not-enabled|corp-not-enabled|wildcard-cors-public-static|server-header-discloses-edge"
"https://jeremyfontenot.online/evidence-library/projects/powershell-automation/provisioning-change-log-2026.md","200","evidence","coop-not-enabled|coep-not-enabled|corp-not-enabled|wildcard-cors-public-static|server-header-discloses-edge"
"https://jeremyfontenot.online/evidence-library/projects/troubleshooting-rca/dns-authentication-playbook-2026.md","200","evidence","coop-not-enabled|coep-not-enabled|corp-not-enabled|wildcard-cors-public-static|server-header-discloses-edge"
"https://jeremyfontenot.online/evidence-library/projects/troubleshooting-rca/incident-summary.md","200","evidence","coop-not-enabled|coep-not-enabled|corp-not-enabled|wildcard-cors-public-static|server-header-discloses-edge"
"https://jeremyfontenot.online/evidence-library/projects/troubleshooting-rca/post-incident-review.md","200","evidence","coop-not-enabled|coep-not-enabled|corp-not-enabled|wildcard-cors-public-static|server-header-discloses-edge"
"https://jeremyfontenot.online/evidence-library/projects/troubleshooting-rca/rca-report.html","200","evidence","coop-not-enabled|coep-not-enabled|corp-not-enabled|wildcard-cors-public-static|server-header-discloses-edge"
"https://jeremyfontenot.online/evidence-library/projects/troubleshooting-rca/rca-report.md","200","evidence","coop-not-enabled|coep-not-enabled|corp-not-enabled|wildcard-cors-public-static|server-header-discloses-edge"
"https://jeremyfontenot.online/evidence-library/projects/troubleshooting-rca/remediation-plan.md","200","evidence","coop-not-enabled|coep-not-enabled|corp-not-enabled|wildcard-cors-public-static|server-header-discloses-edge"
"https://jeremyfontenot.online/evidence-library/projects/troubleshooting-rca/troubleshooting-notes.md","200","evidence","coop-not-enabled|coep-not-enabled|corp-not-enabled|wildcard-cors-public-static|server-header-discloses-edge"
"https://jeremyfontenot.online/evidence-library/projects/troubleshooting-rca/troubleshooting-rca-incident-log-2025.txt","200","evidence","coop-not-enabled|coep-not-enabled|corp-not-enabled|wildcard-cors-public-static|server-header-discloses-edge"
"https://jeremyfontenot.online/evidence-library/projects/troubleshooting-rca/validation-checklist.md","200","evidence","coop-not-enabled|coep-not-enabled|corp-not-enabled|wildcard-cors-public-static|server-header-discloses-edge"
"https://jeremyfontenot.online/evidence-library/proxmox/proxmox-host-validation-report-2026.md","200","evidence","coop-not-enabled|coep-not-enabled|corp-not-enabled|wildcard-cors-public-static|server-header-discloses-edge"
"https://jeremyfontenot.online/evidence-library/scripts/powershell-automation-provisioning-script-v1.ps1","200","evidence","coop-not-enabled|coep-not-enabled|corp-not-enabled|wildcard-cors-public-static|server-header-discloses-edge"
"https://jeremyfontenot.online/evidence-library/skills/README.md","200","evidence","coop-not-enabled|coep-not-enabled|corp-not-enabled|wildcard-cors-public-static|server-header-discloses-edge"
"https://jeremyfontenot.online/evidence-library/skills/dns-dhcp/dns-dhcp-operational-runbook-2026.md","200","evidence","coop-not-enabled|coep-not-enabled|corp-not-enabled|wildcard-cors-public-static|server-header-discloses-edge"
"https://jeremyfontenot.online/evidence-library/validation-reports/network-validation-checklist-2026.csv","200","evidence","coop-not-enabled|coep-not-enabled|corp-not-enabled|wildcard-cors-public-static|server-header-discloses-edge"
"https://jeremyfontenot.online/evidence-library/validation-reports/network-validation-checklist-2026.md","200","evidence","coop-not-enabled|coep-not-enabled|corp-not-enabled|wildcard-cors-public-static|server-header-discloses-edge"
"https://jeremyfontenot.online/evidence-library/vpn/vpn-configuration-evidence.md","200","evidence","coop-not-enabled|coep-not-enabled|corp-not-enabled|wildcard-cors-public-static|server-header-discloses-edge"
"https://jeremyfontenot.online/evidence-library/windows-server/windows-server-evidence.md","200","evidence","coop-not-enabled|coep-not-enabled|corp-not-enabled|wildcard-cors-public-static|server-header-discloses-edge"
"https://jeremyfontenot.online/evidence/","200","recruiter-facing","coop-not-enabled|coep-not-enabled|corp-not-enabled|wildcard-cors-public-static|server-header-discloses-edge"
"https://jeremyfontenot.online/evidence/claim-map.html","200","recruiter-facing","coop-not-enabled|coep-not-enabled|corp-not-enabled|wildcard-cors-public-static|server-header-discloses-edge"
"https://jeremyfontenot.online/evidence/experience/remediation-disable-transportrule.patch","200","recruiter-facing","coop-not-enabled|coep-not-enabled|corp-not-enabled|wildcard-cors-public-static|server-header-discloses-edge"
"https://jeremyfontenot.online/evidence/experience/thumbnails/intune-profile-sample.svg","200","static-asset-or-document","coop-not-enabled|coep-not-enabled|corp-not-enabled|wildcard-cors-public-static|server-header-discloses-edge"
"https://jeremyfontenot.online/evidence/experience/thumbnails/m365-baseline-report-2024-10-05.svg","200","static-asset-or-document","coop-not-enabled|coep-not-enabled|corp-not-enabled|wildcard-cors-public-static|server-header-discloses-edge"
"https://jeremyfontenot.online/evidence/public/ad-migration-plan-2023-06-21.yaml","200","recruiter-facing","coop-not-enabled|coep-not-enabled|corp-not-enabled|wildcard-cors-public-static|server-header-discloses-edge"
"https://jeremyfontenot.online/evidence/public/ad-migration-plan.md","200","static-asset-or-document","coop-not-enabled|coep-not-enabled|corp-not-enabled|wildcard-cors-public-static|server-header-discloses-edge"
"https://jeremyfontenot.online/evidence/public/automation-commit-abc123.md","200","static-asset-or-document","coop-not-enabled|coep-not-enabled|corp-not-enabled|wildcard-cors-public-static|server-header-discloses-edge"
"https://jeremyfontenot.online/evidence/public/gpo-template-StandardDesktop.xml","200","static-asset-or-document","coop-not-enabled|coep-not-enabled|corp-not-enabled|wildcard-cors-public-static|server-header-discloses-edge"
"https://jeremyfontenot.online/evidence/public/gpo-template-StandardDesktop.yaml","200","recruiter-facing","coop-not-enabled|coep-not-enabled|corp-not-enabled|wildcard-cors-public-static|server-header-discloses-edge"
"https://jeremyfontenot.online/evidence/public/incident-2025-02-10-logs.txt","200","static-asset-or-document","coop-not-enabled|coep-not-enabled|corp-not-enabled|wildcard-cors-public-static|server-header-discloses-edge"
"https://jeremyfontenot.online/evidence/public/index.html","200","recruiter-facing","coop-not-enabled|coep-not-enabled|corp-not-enabled|wildcard-cors-public-static|server-header-discloses-edge"
"https://jeremyfontenot.online/evidence/public/intune-profile-sample.json","200","static-asset-or-document","coop-not-enabled|coep-not-enabled|corp-not-enabled|wildcard-cors-public-static|server-header-discloses-edge"
"https://jeremyfontenot.online/evidence/public/intune-profile-sample.yaml","200","recruiter-facing","coop-not-enabled|coep-not-enabled|corp-not-enabled|wildcard-cors-public-static|server-header-discloses-edge"
"https://jeremyfontenot.online/evidence/public/intune-validate-2024-10-05.log","200","recruiter-facing","coop-not-enabled|coep-not-enabled|corp-not-enabled|wildcard-cors-public-static|server-header-discloses-edge"
"https://jeremyfontenot.online/evidence/public/m365-baseline-report-2024-10-05.md","200","static-asset-or-document","coop-not-enabled|coep-not-enabled|corp-not-enabled|wildcard-cors-public-static|server-header-discloses-edge"
"https://jeremyfontenot.online/evidence/public/m365-baseline-report-2024-10-05.yaml","200","recruiter-facing","coop-not-enabled|coep-not-enabled|corp-not-enabled|wildcard-cors-public-static|server-header-discloses-edge"
"https://jeremyfontenot.online/evidence/public/rca-2025-02-10.md","200","static-asset-or-document","coop-not-enabled|coep-not-enabled|corp-not-enabled|wildcard-cors-public-static|server-header-discloses-edge"
"https://jeremyfontenot.online/evidence/public/rca-2025-02-10.yaml","200","recruiter-facing","coop-not-enabled|coep-not-enabled|corp-not-enabled|wildcard-cors-public-static|server-header-discloses-edge"
"https://jeremyfontenot.online/evidence/public/remediation-disable-transportrule.yaml","200","recruiter-facing","coop-not-enabled|coep-not-enabled|corp-not-enabled|wildcard-cors-public-static|server-header-discloses-edge"
"https://jeremyfontenot.online/home-lab-operations-proof.html","200","recruiter-facing","coop-not-enabled|coep-not-enabled|corp-not-enabled|wildcard-cors-public-static|server-header-discloses-edge"
"https://jeremyfontenot.online/home-lab/","200","recruiter-facing","coop-not-enabled|coep-not-enabled|corp-not-enabled|wildcard-cors-public-static|server-header-discloses-edge"
"https://jeremyfontenot.online/home-lab/authoritative-source-decisions.json","200","static-asset-or-document","coop-not-enabled|coep-not-enabled|corp-not-enabled|wildcard-cors-public-static|server-header-discloses-edge"
"https://jeremyfontenot.online/home-lab/duplicate-groups.json","200","static-asset-or-document","coop-not-enabled|coep-not-enabled|corp-not-enabled|wildcard-cors-public-static|server-header-discloses-edge"
"https://jeremyfontenot.online/home-lab/evidence-catalog.html","200","recruiter-facing","coop-not-enabled|coep-not-enabled|corp-not-enabled|wildcard-cors-public-static|server-header-discloses-edge"
"https://jeremyfontenot.online/home-lab/sensitive-data-review.json","200","static-asset-or-document","coop-not-enabled|coep-not-enabled|corp-not-enabled|wildcard-cors-public-static|server-header-discloses-edge"
"https://jeremyfontenot.online/home-lab/source-to-destination-matrix.csv","200","static-asset-or-document","coop-not-enabled|coep-not-enabled|corp-not-enabled|wildcard-cors-public-static|server-header-discloses-edge"
"https://jeremyfontenot.online/index.html","200","recruiter-facing","coop-not-enabled|coep-not-enabled|corp-not-enabled|wildcard-cors-public-static|server-header-discloses-edge"
"https://jeremyfontenot.online/infrastructure.html","200","recruiter-facing","coop-not-enabled|coep-not-enabled|corp-not-enabled|wildcard-cors-public-static|server-header-discloses-edge"
"https://jeremyfontenot.online/microsoft-365/","200","recruiter-facing","coop-not-enabled|coep-not-enabled|corp-not-enabled|wildcard-cors-public-static|server-header-discloses-edge"
"https://jeremyfontenot.online/microsoft-365/duplicate-groups.json","200","static-asset-or-document","coop-not-enabled|coep-not-enabled|corp-not-enabled|wildcard-cors-public-static|server-header-discloses-edge"
"https://jeremyfontenot.online/microsoft-365/evidence-catalog.html","200","recruiter-facing","coop-not-enabled|coep-not-enabled|corp-not-enabled|wildcard-cors-public-static|server-header-discloses-edge"
"https://jeremyfontenot.online/microsoft-365/sensitive-data-review.json","200","static-asset-or-document","coop-not-enabled|coep-not-enabled|corp-not-enabled|wildcard-cors-public-static|server-header-discloses-edge"
"https://jeremyfontenot.online/microsoft-365/source-to-destination-matrix.csv","200","static-asset-or-document","coop-not-enabled|coep-not-enabled|corp-not-enabled|wildcard-cors-public-static|server-header-discloses-edge"
"https://jeremyfontenot.online/network-segmentation.html","200","recruiter-facing","coop-not-enabled|coep-not-enabled|corp-not-enabled|wildcard-cors-public-static|server-header-discloses-edge"
"https://jeremyfontenot.online/on-prem-home-lab.html","200","recruiter-facing","coop-not-enabled|coep-not-enabled|corp-not-enabled|wildcard-cors-public-static|server-header-discloses-edge"
"https://jeremyfontenot.online/powershell-automation.html","200","recruiter-facing","coop-not-enabled|coep-not-enabled|corp-not-enabled|wildcard-cors-public-static|server-header-discloses-edge"
"https://jeremyfontenot.online/projects.html","200","recruiter-facing","coop-not-enabled|coep-not-enabled|corp-not-enabled|wildcard-cors-public-static|server-header-discloses-edge"
"https://jeremyfontenot.online/proof.html","200","recruiter-facing","coop-not-enabled|coep-not-enabled|corp-not-enabled|wildcard-cors-public-static|server-header-discloses-edge"
"https://jeremyfontenot.online/resume.html","200","recruiter-facing","coop-not-enabled|coep-not-enabled|corp-not-enabled|wildcard-cors-public-static|server-header-discloses-edge"
"https://jeremyfontenot.online/sitemap.xml","200","static-asset-or-document","coop-not-enabled|coep-not-enabled|corp-not-enabled|wildcard-cors-public-static|server-header-discloses-edge"
"https://jeremyfontenot.online/systems-administration.html","200","recruiter-facing","coop-not-enabled|coep-not-enabled|corp-not-enabled|wildcard-cors-public-static|server-header-discloses-edge"
"https://jeremyfontenot.online/systems-skills/","200","recruiter-facing","coop-not-enabled|coep-not-enabled|corp-not-enabled|wildcard-cors-public-static|server-header-discloses-edge"
"https://jeremyfontenot.online/systems-skills/evidence-map.html","200","recruiter-facing","coop-not-enabled|coep-not-enabled|corp-not-enabled|wildcard-cors-public-static|server-header-discloses-edge"
